Product ID;Name;Category;Description;Price;Image 1 URL (Hi-Res);Image 2 URL (Hi-Res);Country;Region;Grape Varieties (Szczepy);Winetype (Rodzaj);Dryness (Wytrawność);Alcohol %;Pairing (Polecane do);Product URL
3760094286557;Wino białe La Marina Cuvee Oceane IGP francuskie wytrawne 0,75 L;Wina | Wytrawność | Wytrawne | Szczepy | Białe | Sauvignon Blanc | Rodzaj | Wino białe | świeże i orzeźwiające | Cena | 25,01 - 40,00 zł | Kraj | Francja | Wino czerwone Bio 3 Passo Rosso włoskie wytrawne 0,75 L | Wino białe Via Mare Trebbiano-Pinot Grigio Puglia IGT włoskie wytrawne 0,75 L | Sikulo Bianco Tre Colonne Terre Siciliane IGP 0,75 L | Wino białe La Marina Cuvee Oceane IGP francuskie wytrawne 0,75 L | Wino czerwone Via Mare Sangiovese-Primitivo Puglia IGT włoskie wytrawne 0,75 L | Wino białe Pavillon Des 3 Arches Chardonnay IGP francuskie wytrawne 0,75 L | Marlborough Sun Sauvignon Blanc 0,75 L | Wino czerwone Amarone della Valpolicella Centenero DOCG włoskie półwytrawne 0,75 L | Baccolo Bianco Puglia IGT 0,75 L | Sikulo Rosso Tre Colonne Terre Siciliane IGP 0,75 L | Promocje | Okazje miesiąca! | Wina do 30 zł | Wina na wesele;La Marina Cuvée Océane IGP 0,75 L – Świeże i eleganckie białe wino La Marina Cuvée Océane to lekkie i orzeźwiające francuskie białe wino wytrawne , pochodzące z południowych regionów Francji, oznaczone jako IGP (Indication Géographique Protégée) . Charakteryzuje się świeżością, cytrusowym aromatem i delikatną mineralnością , co czyni je doskonałym wyborem na letnie dni i lekkie posiłki. Smak i aromat: Aromaty: Cytrusy, zielone jabłko, białe kwiaty, nuty morskiej bryzy Smak: Świeży, mineralny, dobrze zbalansowany z subtelną kwasowością Struktura: Lekka, harmonijna, z orzeźwiającym finiszem Idealne do: Owoce morza i ryby: Ostrygi, krewetki, grillowany dorsz Lekkich sałatek: np. z rukolą i serem kozim Delikatnych serów: Mozzarella, ricotta, feta Letnich spotkań: Idealne na pikniki i aperitif La Marina Cuvée Océane IGP to wino inspirowane świeżością oceanu , które idealnie komponuje się z lekkimi potrawami i ciepłymi wieczorami. Dodaj do koszyka i ciesz się smakiem południowej Francji!;29,90 zł;https://dobrewina.pl/396-large_default/wino-biale-la-marina-cuvee-oceane-igp-francuskie-wytrawne-075-l.jpg;https://dobrewina.pl/1113-large_default/wino-biale-la-marina-cuvee-oceane-igp-francuskie-wytrawne-075-l.jpg;Francja;Gaskonia;Gros Manseng, Colombard, Sauvignon Blanc;Spokojne;Wytrawne;11%;Sery, Aperitif, Owoce morza;https://dobrewina.pl/wino-biale/361-wino-biale-la-marina-cuvee-oceane-igp-francuskie-wytrawne-075-l-3760094286557.html
3760094280081;Wino białe La Marina Gros Manseng IGP francuskie półsłodkie 0,75 L;Wina | Wytrawność | Półsłodkie | Rodzaj | Wino białe | wyraziste i skoncentrowane | Cena | 40,01 - 60,00 zł | Kraj | Francja | Wina na wesele;La Marina Gros Manseng IGP 0,75 L – Aromatyczne i aksamitne półsłodkie białe wino z południowej Francji La Marina Gros Manseng to delikatnie półsłodkie białe wino , które zachwyca harmonią między naturalną słodyczą a rześką kwasowością . Produkowane w południowo-zachodniej Francji z lokalnego szczepu Gros Manseng , charakteryzuje się bogatym aromatem i aksamitnym smakiem. To doskonały wybór dla miłośników subtelnej słodyczy i owocowej świeżości . Smak i aromat: Aromaty: Dojrzałe brzoskwinie, morele, mango, kwiaty akacji, miód Smak: Aksamitne, półsłodkie, dobrze zbalansowane przez świeżą kwasowość Finisz: Długi, owocowy, delikatnie miodowy Idealne do: Owoców morza i delikatnych ryb – kontrastuje z solą i podkreśla smak potraw Sałatek i lekkich dań warzywnych – świetnie komponuje się z warzywami i serami Deserów i owoców – pasuje do tarty cytrynowej, panna cotty i egzotycznych owoców La Marina Gros Manseng to idealne wino na spotkania towarzyskie i wieczory pełne przyjemności . Sprawdzi się zarówno jako aperitif, jak i do słodko-słonych połączeń kulinarnych . Dodaj do koszyka i rozkoszuj się francuską finezją!;39,90 zł;https://dobrewina.pl/507-large_default/wino-biale-la-marina-gros-manseng-igp-francuskie-polslodkie-075-l.jpg;N/A;Francja;Gaskonia;Gros Manseng;Spokojne;Półsłodkie;11%;Aperitif, Desery, Samo w sobie;https://dobrewina.pl/wino-biale/489-wino-biale-la-marina-gros-manseng-igp-francuskie-polslodkie-075-l-3760094280081.html
3760094286496;La Marina Rouge Cotes de Gascogne IGP 0,75 L;Wina | Wytrawność | Delikatnie wytrawne | Szczepy | Czerwone | Cabernet Sauvignon | Rodzaj | Wino czerwone | aromatyczne i dojrzałe | Cena | 25,01 - 40,00 zł | Kraj | Francja | Wina do 30 zł | Wina na wesele;Francuskie, z samego serca Gaskonii w południowo-zachodniej części kraju, czerwone, wytrawne, owocowe (truskawki, czarna porzeczka), z nutką przypraw, w smaku pełne, o jedwabistych taninach.;29,90 zł;https://dobrewina.pl/494-large_default/la-marina-rouge-cotes-de-gascogne-igp-075-l.jpg;N/A;Francja;Gaskonia;Merlot, Cabernet Sauvignon;Spokojne;Półwytrawne;N/A;Drób, Samo w sobie, Wieprzowina, Aperitif;https://dobrewina.pl/wino-czerwone/476-la-marina-rouge-cotes-de-gascogne-igp-075-l-3760094286496.html
3760094280012;La Marina Ugni Blanc-Colombard IGP 0,75 L;Wina | Wytrawność | Wytrawne | Szczepy | Białe | Rodzaj | Wino białe | świeże i orzeźwiające | Cena | 25,01 - 40,00 zł | Kraj | Francja;Francuskie, z samego serca Gaskonii w południowo-zachodniej części kraju, białe, wytrawne, o delikatnej barwie, aromatyczne (typowe dla colombard: cytrusy, grejpfrut, zioła, typowe dla ugni blanc: białe kwiaty), dla podniebienia świeże i aromatyczne, dla podtrzymania walorów cytrusowych nie dojrzewa na osadzie.;33,00 zł;https://dobrewina.pl/572-large_default/la-marina-ugni-blanc-colombard-igp-075-l.jpg;N/A;Francja;Gaskonia;Ugni Blanc, Colombard;Spokojne;Wytrawne;11%;Ryby, Dania Śródziemnomorskie, Aperitif, Owoce morza;https://dobrewina.pl/wino-biale/554-la-marina-ugni-blanc-colombard-igp-075-l-3760094280012.html
3700619304717;Wino białe Pavillon Des 3 Arches Chardonnay IGP francuskie wytrawne 0,75 L;Wina | Wytrawność | Wytrawne | Szczepy | Białe | Chardonnay | Rodzaj | Wino białe | wyraziste i skoncentrowane | Cena | 25,01 - 40,00 zł | Kraj | Francja | Top 10 win - ranking | Promocje | Wyprzedaż;Pavillon Des 3 Arches Chardonnay IGP 0,75 L – Aksamitne i aromatyczne Chardonnay z południa Francji Zobacz film Pavillon Des 3 Arches Chardonnay to pełne, harmonijne i eleganckie białe wino , które doskonale oddaje charakter słonecznego południa Francji. Produkowane w 100% ze szczepu Chardonnay , zachwyca owocowym bukietem, delikatną kremowością i subtelną nutą dębu . Idealne dla miłośników łagodnych, dobrze zbalansowanych win białych . Smak i aromat: Aromaty: Dojrzałe jabłka, gruszki, ananas, wanilia, lekka nuta dębu Smak: Pełne, aksamitne, dobrze zbalansowane z subtelną kwasowością Finisz: Długi, delikatnie kremowy, z owocowymi i waniliowymi akcentami Idealne do: Ryby i owoce morza – świetnie pasuje do grillowanego łososia, krewetek i małży Serów i lekkich przekąsek – doskonałe do serów pleśniowych i kozich Białego mięsa i makaronów – idealne do kurczaka w sosie śmietanowym i carbonary Pavillon Des 3 Arches Chardonnay to wszechstronne i eleganckie wino , które doskonale sprawdzi się zarówno na codzienne spotkania, jak i wyjątkowe okazje. Dodaj do koszyka i rozkoszuj się smakiem francuskiego Chardonnay!;34,90 zł;https://dobrewina.pl/110-large_default/pavillon-des-3-arches-chardonnay-igp-075-l.jpg;https://dobrewina.pl/2215-large_default/pavillon-des-3-arches-chardonnay-igp-075-l.jpg;Francja;Langwedocja;Chardonnay;Spokojne;Lekko wytrawne;13,5%;Ryby, Dania Śródziemnomorskie, Drób, Sushi;https://dobrewina.pl/wino-biale/82-pavillon-des-3-arches-chardonnay-igp-075-l-3700619304717.html
8437003095382;Pinoso Vergel Rosado Bio DOP Alicante 0,75 L;Wina | Wytrawność | Delikatnie wytrawne | Rodzaj | Wino różowe | Wino wegańskie | Cena | 25,01 - 40,00 zł | Kraj | Hiszpania | Promocje | Wyprzedaż;Hiszpańskie, jakościowe z regionu Alicante, ekologiczne, z ręcznie zbieranych winogron o świcie w wyselekcjonowanych winnicach, różowe, wytrawne, aromatycznie pachnące owocami (truskawki, maliny, melon), dla podniebienia przyjemne, świeże, wykwintne, o długim i trwałym zakończeniu, odpowiednie dla wegan.;29,90 zł;https://dobrewina.pl/695-large_default/pinoso-vergel-rosado-bio-dop-alicante-075-l.jpg;N/A;Hiszpania;Alicante;N/A;Spokojne;Lekko wytrawne;13%;Dania Śródziemnomorskie, Aperitif, Drób, Samo w sobie;https://dobrewina.pl/wino-rozowe/682-pinoso-vergel-rosado-bio-dop-alicante-075-l-8437003095382.html
8008900007473;Wino czerwone Bio 3 Passo Rosso włoskie wytrawne 0,75 L;Wina | Wytrawność | Wytrawne | Szczepy | Czerwone | Primitivo | Rodzaj | Wino czerwone | aromatyczne i dojrzałe | Wino wegańskie | Wina ekologiczne i organiczne | Cena | 40,01 - 60,00 zł | Kraj | Włochy | Top 10 win - ranking | Wino czerwone Bio 3 Passo Rosso włoskie wytrawne 0,75 L | Wino białe Via Mare Trebbiano-Pinot Grigio Puglia IGT włoskie wytrawne 0,75 L | Sikulo Bianco Tre Colonne Terre Siciliane IGP 0,75 L | Wino białe La Marina Cuvee Oceane IGP francuskie wytrawne 0,75 L | Wino czerwone Via Mare Sangiovese-Primitivo Puglia IGT włoskie wytrawne 0,75 L | Wino białe Pavillon Des 3 Arches Chardonnay IGP francuskie wytrawne 0,75 L | Marlborough Sun Sauvignon Blanc 0,75 L | Wino czerwone Amarone della Valpolicella Centenero DOCG włoskie półwytrawne 0,75 L | Baccolo Bianco Puglia IGT 0,75 L | Sikulo Rosso Tre Colonne Terre Siciliane IGP 0,75 L | Promocje | Okazje miesiąca! | Wina na wesele;Bio 3 Passo Rosso 0,75 L – Ekologiczne, intensywne i pełne charakteru wino z południa Włoch Bio 3 Passo Rosso to wyjątkowe organiczne czerwone wino wytrawne , pochodzące z gorącego południa Włoch. Powstaje z trzech starannie dobranych szczepów – Primitivo, Negroamaro i Sangiovese , które nadają mu bogactwo smaku, aksamitną strukturę i intensywny aromat . Dzięki organicznej uprawie i starannej selekcji winogron, wino zachwyca naturalnym charakterem, głębią i doskonałym balansem . Smak i aromat: Aromaty: Dojrzałe jagody, śliwki, wiśnie, nuty wanilii, czekolady i przypraw korzennych Smak: Pełne, aksamitne, z dobrze zbalansowaną kwasowością i jedwabistymi taninami Finisz: Długi, intensywny, z subtelną nutą kakao i dębu Idealne do: Grillowanych i pieczonych mięs – steki, jagnięcina, dziczyzna Kuchni włoskiej – bogate sosy, lasagne, risotto Dojrzewających serów – pecorino, parmezan, gorgonzola Bio 3 Passo Rosso to doskonałe wino dla miłośników intensywnych i ekologicznych win, które łączą siłę i elegancję . Idealne na wyjątkowe okazje i wieczorne degustacje. Dodaj do koszyka i ciesz się autentycznym smakiem południowych Włoch!;38,00 zł;https://dobrewina.pl/1779-large_default/wino-czerwone-bio-3-passo-rosso-wloskie-wytrawne-075-l.jpg;https://dobrewina.pl/1033-large_default/wino-czerwone-bio-3-passo-rosso-wloskie-wytrawne-075-l.jpg;Włochy;Puglia;Primitivo, Sangiovese, Negroamaro;Spokojne;Lekko wytrawne;14%;Wołowina, Sery, Dania Śródziemnomorskie, Dania wegetariańskie;https://dobrewina.pl/wino-czerwone/493-wino-czerwone-bio-3-passo-rosso-wloskie-wytrawne-075-l-8008900007473.html
8008900009361;Wino czerwone Via Mare Sangiovese-Primitivo Puglia IGT włoskie wytrawne 0,75 L;Wina | Wytrawność | Delikatnie wytrawne | Szczepy | Czerwone | Primitivo | Rodzaj | Wino czerwone | owocowe i świeże | Cena | 25,01 - 40,00 zł | Kraj | Włochy | Wina do 30 zł | Wina na wesele;Via Mare Sangiovese-Primitivo Puglia IGT 0,75 L – Harmonijne połączenie dwóch włoskich klasyków Via Mare Sangiovese-Primitivo to pełne i aromatyczne czerwone wino wytrawne , pochodzące z słonecznej Apulii (Puglia IGT) – regionu słynącego z bogatych i intensywnych win. Wyjątkowe połączenie Sangiovese i Primitivo tworzy doskonale zbalansowany smak, łącząc owocową świeżość z aksamitną strukturą i delikatnymi taninami . Smak i aromat: Aromaty: Dojrzałe wiśnie, czarne jagody, śliwki, nuty przyprawowe Smak: Pełne, owocowe, z dobrą strukturą i łagodną kwasowością Finisz: Długi i przyjemnie korzenny, z nutami wanilii Idealne do: Kuchni włoskiej: Pizza, makarony z sosem pomidorowym, lasagne Grillowanych mięs i wędlin: Wołowina, wieprzowina, prosciutto Średnio dojrzewających serów: Pecorino, parmezan, provolone Via Mare Sangiovese-Primitivo Puglia IGT to doskonałe wino na co dzień , które łączy włoską tradycję z nowoczesnym stylem , pasując zarówno do posiłków, jak i chwil relaksu. Dodaj do koszyka i odkryj smak włoskiej pasji!;28,00 zł;https://dobrewina.pl/1216-large_default/via-mare-sangiovese-primitivo-puglia-igt-075-l.jpg;N/A;Włochy;Puglia;Primitivo, Sangiovese;Spokojne;Lekko wytrawne;12,5%;Wieprzowina, Dziczyzna, Wołowina, Baranina;https://dobrewina.pl/wino-czerwone/2056-via-mare-sangiovese-primitivo-puglia-igt-075-l-8008900009361.html
8008900008845;Wino białe Via Mare Trebbiano-Pinot Grigio Puglia IGT włoskie wytrawne 0,75 L;Wina | Wytrawność | Wytrawne | Szczepy | Białe | Pinot Grigio | Rodzaj | Wino białe | świeże i orzeźwiające | Cena | 5,00 - 25,00 zł | Kraj | Włochy | Wina do 30 zł | Wina na wesele;Via Mare Trebbiano-Pinot Grigio Puglia IGT 0,75 L – Włoska świeżość i lekkość Via Mare Trebbiano-Pinot Grigio to delikatne i orzeźwiające białe wino wytrawne , pochodzące z regionu Apulia (Puglia IGT) na południu Włoch. Stworzone z połączenia Trebbiano i Pinot Grigio , łączy świeżość cytrusów z delikatną owocową słodyczą , co czyni je doskonałym wyborem na każdą okazję. Smak i aromat: Aromaty: Zielone jabłko, cytrusy, gruszka, białe kwiaty Smak: Świeży, lekki, z dobrze wyważoną kwasowością i subtelną mineralnością Struktura: Gładka, harmonijna, z orzeźwiającym finiszem Idealne do: Owoców morza i lekkich ryb – krewetki, grillowany łosoś, mule Sałatek i warzywnych przekąsek – rukola z mozzarellą, carpaccio z cukinii Świeżych serów – burrata, feta, kozi ser Letnich spotkań i aperitifów Via Mare Trebbiano-Pinot Grigio Puglia IGT to świetny wybór dla miłośników lekkich, uniwersalnych win , które doskonale komponują się z różnorodnymi potrawami i pasują na każdą okazję. Dodaj do koszyka i odkryj smak włoskiej elegancji!;28,00 zł;https://dobrewina.pl/1223-large_default/wino-biale-via-mare-trebbiano-pinot-grigio-puglia-igt-wloskie-wytrawne-075-l.jpg;N/A;Włochy;Puglia;Pinot Grigio, Trebbiano;Spokojne;Wytrawne;12%;Drób, Samo w sobie, Ryby, Aperitif;https://dobrewina.pl/wino-biale/2061-wino-biale-via-mare-trebbiano-pinot-grigio-puglia-igt-wloskie-wytrawne-075-l-8008900008845.html
8008900006827;Baccolo Rosso Veneto IGT 0,75 L;Wina | Wytrawność | Wytrawne | Szczepy | Czerwone | Rodzaj | Wino czerwone | aromatyczne i dojrzałe | Cena | 25,01 - 40,00 zł | Kraj | Włochy | Promocje | Okazje miesiąca! | Wina do 30 zł | Wina na wesele;Włoskie, z regionu Veneto (Wenecja Euganejska), czerwone, lekko wytrawne z winogron częściowo appassimento, o głębokiej barwie, intensywnym aromacie (dojrzałe wiśnie i czerwone owoce oraz przyprawy), w smaku przyjemne, krągłe, trwałe, owocowe.;28,00 zł;https://dobrewina.pl/1225-large_default/baccolo-rosso-veneto-igt-075-l.jpg;N/A;Włochy;Veneto;Corvina, Merlot;Spokojne;Lekko wytrawne;13,5%;Dziczyzna, Wołowina, Sery, Baranina, Wieprzowina;https://dobrewina.pl/wino-czerwone/2063-baccolo-rosso-veneto-igt-075-l-8008900006827.html
8008900006223;Wino czerwone Amarone della Valpolicella Centenero DOCG włoskie półwytrawne 0,75 L;Wina | Wytrawność | Delikatnie wytrawne | Szczepy | Czerwone | Rodzaj | Wino czerwone | treściwe i beczkowe | Appassimento | Cena | 100,01 - 200,00 zł | Kraj | Włochy | Amarone | Top 10 win - ranking | Promocje | Okazje miesiąca!;Amarone della Valpolicella Centenero DOCG 0,75 L – Intensywne i eleganckie włoskie wino Amarone della Valpolicella Centenero DOCG to wyjątkowe czerwone wino , pochodzące z prestiżowego regionu Valpolicella w północnych Włoszech. Produkowane tradycyjną metodą appassimento , w której winogrona są podsuszane przed fermentacją, co nadaje winu niezwykłą koncentrację smaku, głębię i aksamitną strukturę . Smak i aromat: Aromaty: Dojrzałe wiśnie, suszone śliwki, figi, czekolada, przyprawy korzenne Smak: Pełne, bogate, z aksamitnymi taninami i długim, eleganckim finiszem Struktura: Gęsta, dobrze zbudowana, z nutami kakao i wanilii Idealne do: Czerwonych mięs i dziczyzny – steki, jagnięcina, pieczone mięsa Dojrzewających serów – parmezan, pecorino, gorgonzola Deserów na bazie czekolady – gorzka czekolada, tiramisu Wieczornych degustacji i wyjątkowych okazji Amarone della Valpolicella Centenero DOCG to prawdziwa perła wśród włoskich win , ceniona za niepowtarzalny charakter, intensywny smak i doskonały potencjał . Dodaj do koszyka i odkryj smak prawdziwego Amarone!;89,90 zł;https://dobrewina.pl/2416-large_default/wino-czerwone-amarone-della-valpolicella-centenero-docg-wloskie-polwytrawne-075-l.jpg;N/A;Włochy;Veneto;Molinara, Rondinella, Corvina;Spokojne;Lekko wytrawne;15%;Wołowina, Sery, Baranina, Wieprzowina, Dziczyzna;https://dobrewina.pl/wino-czerwone/2069-wino-czerwone-amarone-della-valpolicella-centenero-docg-wloskie-polwytrawne-075-l-8008900006223.html
8008900008333;Wino musujące Cielo Spumante Cuvee Privee Extra Dry włoskie półwytrawne 0,75 L;Wina | Wytrawność | Delikatnie wytrawne | Szczepy | Białe | Chardonnay | Rodzaj | Wino musujące | Cena | 25,01 - 40,00 zł | Kraj | Włochy | Wina do 30 zł | Wina na wesele;Cielo Spumante Cuvée Privée Extra Dry 0,75 L – Eleganckie włoskie wino musujące Cielo Spumante Cuvée Privée Extra Dry to wyjątkowe włoskie wino musujące , które zachwyca delikatnym perlage, owocowym aromatem i lekką słodyczą . Powstaje z najwyższej jakości winogron, co nadaje mu świeżość i harmonijną strukturę. Jego elegancki charakter sprawia, że doskonale sprawdzi się zarówno na wyjątkowe okazje, jak i jako codzienna przyjemność. Smak i aromat: Aromaty: Zielone jabłko, gruszka, cytrusy, nuty kwiatowe Smak: Świeży, lekko owocowy, z dobrze zbalansowaną kwasowością i subtelną słodyczą Musowanie: Delikatne, długo utrzymujące się bąbelki Idealne na: Świętowanie: Toasty, uroczystości, Sylwester, wesela Do jedzenia: Owoce morza, sushi, lekkie przystawki Sery i przekąski: Delikatne sery, antipasti, chrupiące grissini Letnie wieczory: Idealne na aperitif i spotkania z przyjaciółmi Cielo Spumante Cuvée Privée Extra Dry to doskonały wybór dla miłośników włoskich win musujących , którzy szukają świeżości, elegancji i delikatnej słodyczy . Zamów już dziś i celebruj wyjątkowe chwile z kieliszkiem doskonałego wina musującego!;29,90 zł;https://dobrewina.pl/2259-large_default/wino-musujace-cielo-spumante-cuvee-privee-extra-dry-wloskie-polwytrawne-075-l.jpg;N/A;Włochy;N/A;Chardonnay, Garganega;Musujące;Lekko wytrawne;11%;Desery, Przystawki, Ryby, Aperitif;https://dobrewina.pl/wino-musujace/2070-wino-musujace-cielo-spumante-cuvee-privee-extra-dry-wloskie-polwytrawne-075-l-8008900008333.html
8008900007565;Prosecco Spumante Brut Cielo DOC 0,75 L;Wina | Wytrawność | Wytrawne | Szczepy | Białe | Rodzaj | Wino białe | świeże i orzeźwiające | Wino musujące | Prosecco i Valdobbiadene | Wino wegańskie | Cena | 25,01 - 40,00 zł | Kraj | Włochy | Wina na wesele;Uprawiane 100% z szczepu Glera. Pierwsza fermentacja w kadziach ze stali nierdzewnej o kontrolowanej temperaturze z wyselekcjonowanymi drożdżami, następnie druga fermentacja w autoklawach metodą Charmat. Rozkoszne aromaty zielonych jabłka i gruszki w nosie, z wyraźnymi nutami cytryn i pomarańcze. Rześkie podniebieniem niezbyt wytrawne, powtarza soczyste owoce. Delikatnie pieniący się, posiadający kuszące i orzeźwiające zakończenie. Doskonałe do dań delikatnych, przystawek, sałatek oraz przez cały dzień. Nagrody: TASTINGS.COM - 2019 Gold medal & Best Buy Score:90 points THE DRINK BUSINESS - 2020 Gold, Best Buy Score: Master SAKURA JAPAN - 2020 Score: Gold;36,00 zł;https://dobrewina.pl/2101-large_default/prosecco-spumante-brut-cielo-doc-075-l.jpg;N/A;Włochy;Veneto;Glera;Musujące;Lekko wytrawne;11%;Ryby, Aperitif, Przystawki, Samo w sobie;https://dobrewina.pl/wino-musujace/2071-prosecco-spumante-brut-cielo-doc-075-l-8008900007565.html
5906074133260;Chateau Platon Bordeaux AOC 0,75 L;Wina | Wytrawność | Wytrawne | Szczepy | Czerwone | Cabernet Sauvignon | Rodzaj | Wino czerwone | aromatyczne i dojrzałe | Cena | 40,01 - 60,00 zł | Kraj | Francja | Bordeaux/Medoc;Francuskie, jakościowe z regionu Bordeaux, z 10 ha 25-letniej winnicy rodziny Dumas Gauthier w Sainte-Radegonde w samym sercu Entre-deux Mers, czerwone, wytrawne, o głębokiej, ciemnej barwie z delikatnym refleksem purpury, owocowym aromacie (maliny), dla podniebienia miękkie, bogate, dobrze zrównoważone, wyczuwalne nutki wiśni, a w zakończeniu kawa mokka, dojrzewające przez 4-5 tygodni w betonowych zbiornikach.;59,90 zł;https://dobrewina.pl/1234-large_default/chateau-platon-bordeaux-aoc-075-l.jpg;N/A;Francja;Bordeaux;Cabernet Franc, Merlot, Cabernet Sauvignon;Spokojne;Wytrawne;13,5%;Wołowina, Baranina, Wieprzowina, Dziczyzna;https://dobrewina.pl/wino-czerwone/2074-chateau-platon-bordeaux-aoc-075-l-5906074133260.html
5906074133277;Chateau L'Etoile de Clotte Grand Cru Saint-Emilion AOC 0,75 L;Wina | Wytrawność | Wytrawne | Szczepy | Czerwone | Cabernet Sauvignon | Rodzaj | Wino czerwone | treściwe i beczkowe | Cena | 100,01 - 200,00 zł | Kraj | Francja | Saint-Emilion;Francuskie, jakościowe z regionu Saint-Émilion (w regionie Bordeaux), z 3,5 ha 40-letniej winnicy rodziny Meynard w Saint-Etienne-de-Lisse (do rodziny należą również Château Roque Le Mayne i Château La Bourrée w Côtes de Castillon obok Saint-Émilion), czerwone, wytrawne o intensywnej rubinowej barwie, aromatyczne (dojrzałe ciemne owoce, nutka lukrecji, przypraw i grzanek), w smaku bogate i eleganckie, krzepkie, błogie owoce o dobrych taninach, dojrzewające przez 15 miesięcy w dębowych beczkach w tym 25% nowych. Bogaty, długi i wielowarstwowy posmak.;109,00 zł;https://dobrewina.pl/1244-large_default/chateau-l-etoile-de-clotte-grand-cru-saint-emilion-aoc-075-l.jpg;N/A;Francja;Bordeaux;Merlot, Cabernet Franc;Spokojne;Wytrawne;N/A;Wołowina, Baranina, Wieprzowina, Dziczyzna;https://dobrewina.pl/wino-czerwone/2085-chateau-l-etoile-de-clotte-grand-cru-saint-emilion-aoc-075-l-5906074133277.html
8008900009323;Wino białe Bio 3 Passo Bianco włoskie wytrawne 0,75 L;Wina | Wytrawność | Delikatnie wytrawne | Szczepy | Białe | Chardonnay | Rodzaj | Wino białe | dojrzałe i aksamitne | Wino wegańskie | Wina ekologiczne i organiczne | Cena | 25,01 - 40,00 zł | Kraj | Włochy | Wino czerwone Bio 3 Passo Rosso włoskie wytrawne 0,75 L | Wino białe Via Mare Trebbiano-Pinot Grigio Puglia IGT włoskie wytrawne 0,75 L | Sikulo Bianco Tre Colonne Terre Siciliane IGP 0,75 L | Wino białe La Marina Cuvee Oceane IGP francuskie wytrawne 0,75 L | Wino czerwone Via Mare Sangiovese-Primitivo Puglia IGT włoskie wytrawne 0,75 L | Wino białe Pavillon Des 3 Arches Chardonnay IGP francuskie wytrawne 0,75 L | Marlborough Sun Sauvignon Blanc 0,75 L | Wino czerwone Amarone della Valpolicella Centenero DOCG włoskie półwytrawne 0,75 L | Baccolo Bianco Puglia IGT 0,75 L | Sikulo Rosso Tre Colonne Terre Siciliane IGP 0,75 L | Wina na wesele;Bio 3 Passo Bianco 0,75 L – Ekologiczne białe wino o wyjątkowej harmonii Bio 3 Passo Bianco to organiczne, włoskie wino , które zachwyca elegancją i świeżością. Produkowane z wyselekcjonowanych winogron pochodzących z ekologicznych upraw, łączy w sobie bogaty aromat i pełnię smaku , zachowując jednocześnie naturalny charakter. To doskonały wybór dla miłośników win ekologicznych, którzy cenią jakość i autentyczność. Smak i aromat: Aromaty: Dojrzałe jabłka, gruszki, cytrusy, kwiatowe nuty Smak: Świeży, owocowy, z dobrze wyważoną kwasowością i mineralnym finiszem Finisz: Długi, rześki, lekko ziołowy Idealne do: Owoców morza – świetnie komponuje się z krewetkami, ośmiornicą i rybami Serów i lekkich przekąsek – idealne do kozich i dojrzewających serów Sałatek i dań wegetariańskich – podkreśla smak świeżych warzyw i ziół Bio 3 Passo Bianco to wino dla tych, którzy szukają naturalnych doznań smakowych , połączonych z najwyższą jakością i poszanowaniem środowiska. Doskonałe na letnie wieczory, spotkania z bliskimi i wyjątkowe okazje. Dodaj do koszyka i ciesz się smakiem ekologicznego wina!;39,90 zł;https://dobrewina.pl/1260-large_default/wino-biale-bio-3-passo-bianco-wloskie-wytrawne-075-l.jpg;https://dobrewina.pl/2491-large_default/wino-biale-bio-3-passo-bianco-wloskie-wytrawne-075-l.jpg;Włochy;N/A;N/A;Spokojne;Lekko wytrawne;13%;Drób, Owoce morza, Przystawki, Samo w sobie, Ryby, Aperitif;https://dobrewina.pl/wino-biale/2103-wino-biale-bio-3-passo-bianco-wloskie-wytrawne-075-l-8008900009323.html
8008900005431;Wino różowe Cielo Pinot Grigio Blush delle Venezie DOC włoskie wytrawne 0,75 L;Wina | Wytrawność | Delikatnie wytrawne | Szczepy | Białe | Pinot Grigio | Rodzaj | Wino różowe | Cena | 25,01 - 40,00 zł | Kraj | Włochy | Promocje | Wyprzedaż | Wina do 30 zł;Cielo Pinot Grigio Blush delle Venezie DOC 0,75 L – Delikatne włoskie różowe wino Cielo Pinot Grigio Blush to lekkie i orzeźwiające włoskie różowe wino wytrawne , pochodzące z prestiżowego regionu Delle Venezie DOC . Produkowane ze szczepu Pinot Grigio , zachwyca subtelnym różowym odcieniem oraz harmonijnym połączeniem owocowych aromatów i świeżości. To idealny wybór na letnie dni, romantyczne kolacje i lekkie przekąski. Smak i aromat: Aromaty: Brzoskwinie, truskawki, czerwone jabłka, nuty kwiatowe Smak: Świeży, lekki, z przyjemną owocową kwasowością Struktura: Elegancka, delikatnie mineralna, z orzeźwiającym finiszem Idealne do: Lekkich sałatek i warzyw grillowanych Owoców morza i delikatnych ryb Świeżych serów – mozzarella, burrata, feta Lekkich dań kuchni włoskiej – makaronów i pizzy z warzywami Cielo Pinot Grigio Blush to idealne wino dla miłośników lekkich, subtelnych różowych win . Doskonale sprawdzi się jako aperitif oraz dodatek do letnich dań. Zamów już dziś i rozkoszuj się smakiem włoskiej elegancji!;24,90 zł;https://dobrewina.pl/2139-large_default/wino-rozowe-cielo-pinot-grigio-blush-delle-venezie-doc-wloskie-wytrawne-075-l.jpg;N/A;Włochy;Veneto;Pinot Grigio;Spokojne;Półwytrawne;12%;Aperitif, Dania wegetariańskie, Przystawki, Samo w sobie;https://dobrewina.pl/wino-rozowe/2119-wino-rozowe-cielo-pinot-grigio-blush-delle-venezie-doc-wloskie-wytrawne-075-l-8008900005431.html
8008900007374;Baccolo Bianco Puglia IGT 0,75 L;Wina | Wytrawność | Wytrawne | Szczepy | Białe | Sauvignon Blanc | Rodzaj | Wino białe | lekkie i subtelne | Cena | 25,01 - 40,00 zł | Kraj | Włochy | Promocje | Okazje miesiąca! | Wina do 30 zł | Wina na wesele;Wyśmienity blend Sauvignon Blanc oraz Garganega. Pierwszy szczep wyraźnie odznacza się w nosie z akcentami ziołowymi, agrestu, zielonych jabłek oraz owoców egzotycznych. Jednak na języku zaskakuje ciałem, bogatą strukturą oraz aromatami brzoskwiń i gruszek. Przyjemny finisz z idealnie wyważoną kwasowością.;28,00 zł;https://dobrewina.pl/1288-large_default/baccolo-bianco-puglia-igt-075-l.jpg;N/A;Włochy;Puglia;Garganega, Sauvignon Blanc;Spokojne;Lekko wytrawne;13%;Aperitif, Dania wegetariańskie, Drób, Przystawki, Samo w sobie;https://dobrewina.pl/wino-biale/2120-baccolo-bianco-puglia-igt-075-l-8008900007374.html
8008900003758;Frizzante 10° Rose 0,75 L;Wina | Wytrawność | Półwytrawne | Szczepy | Czerwone | Rodzaj | Wino różowe | Wino musujące | Frizzante | Cena | 25,01 - 40,00 zł | Kraj | Włochy | Promocje | Wyprzedaż | Wina do 30 zł;Delikatne, owocowe wino z dominującą truskawką. A tle inne czerwone owoce jak maliny i poziomki. Perliste bąbelki nadają winu lekkości. Idealna propozycja na słoneczny dzień lub przyjemny wieczór na działce.;19,90 zł;https://dobrewina.pl/2138-large_default/frizzante-10-rose-075-l.jpg;N/A;Włochy;N/A;Merlot;Musujące;Półwytrawne;10;Aperitif, Dania wegetariańskie, Przystawki, Samo w sobie;https://dobrewina.pl/wino-musujace/2118-frizzante-10-rose-075-l-8008900003758.html
3507110013465;Chateau de Mauny Cabernet d'Anjou AOC 0,75 L;Wina | Wytrawność | Półwytrawne | Szczepy | Rodzaj | Wino różowe | Cena | 25,01 - 40,00 zł | Kraj | Francja | Promocje | Wyprzedaż;Francuskie, jakościowe z regionu Anjou w Dolinie Loary (Val de Loire), różowe, o aromatycznej kompozycji dojrzałych czerwonych owoców (truskawki, maliny, czerwone porzeczki) z nutką orzeźwiającej tarty owocowej.;29,90 zł;https://dobrewina.pl/1327-large_default/chateau-de-mauny-cabernet-d-anjou-aoc-075-l.jpg;N/A;Francja;Dolina Loary;Cabernet Sauvignon, Cabernet Franc;Spokojne;Półwytrawne;N/A;Aperitif, Drób, Przystawki, Samo w sobie;https://dobrewina.pl/wino-rozowe/2161-chateau-de-mauny-cabernet-d-anjou-aoc-075-l-3507110013465.html
3378485501938;Domaine de la Madelaine Touraine Sauvignon AOC 0,75 L;Wina | Wytrawność | Wytrawne | Szczepy | Białe | Sauvignon Blanc | Rodzaj | Wino białe | świeże i orzeźwiające | Cena | 25,01 - 40,00 zł | Kraj | Francja | Wina na wesele;Francuskie, jakościowe z regionu Touraine w Dolinie Loary (Val de Loire), białe, wytrawne, pachnące owocami (cytrusy, pączki kwiatów czarnej porzeczki), gładkie, wykwintne i przyjemne dla podniebienia.;43,00 zł;https://dobrewina.pl/1720-large_default/domaine-de-la-madelaine-touraine-sauvignon-aoc-075-l.jpg;N/A;Francja;Dolina Loary;Sauvignon Blanc;Spokojne;Wytrawne;12%;Owoce morza, Samo w sobie, Ryby, Aperitif;https://dobrewina.pl/wino-biale/2171-domaine-de-la-madelaine-touraine-sauvignon-aoc-075-l-3378485501938.html
3149070032607;Wino białe Tresor de Loire Sauvignon Val de Loire IGP francuskie wytrawne 0,75 L;Wina | Wytrawność | Wytrawne | Szczepy | Białe | Sauvignon Blanc | Rodzaj | Wino białe | świeże i orzeźwiające | Cena | 25,01 - 40,00 zł | Kraj | Francja | Wino czerwone Bio 3 Passo Rosso włoskie wytrawne 0,75 L | Wino białe Via Mare Trebbiano-Pinot Grigio Puglia IGT włoskie wytrawne 0,75 L | Sikulo Bianco Tre Colonne Terre Siciliane IGP 0,75 L | Wino białe La Marina Cuvee Oceane IGP francuskie wytrawne 0,75 L | Wino czerwone Via Mare Sangiovese-Primitivo Puglia IGT włoskie wytrawne 0,75 L | Wino białe Pavillon Des 3 Arches Chardonnay IGP francuskie wytrawne 0,75 L | Marlborough Sun Sauvignon Blanc 0,75 L | Wino czerwone Amarone della Valpolicella Centenero DOCG włoskie półwytrawne 0,75 L | Baccolo Bianco Puglia IGT 0,75 L | Sikulo Rosso Tre Colonne Terre Siciliane IGP 0,75 L;Trésor de Loire Sauvignon Val de Loire IGP 0,75 L – Eleganckie i świeże białe wino z Doliny Loary Trésor de Loire Sauvignon to wytrawne białe wino , które doskonale oddaje charakter Doliny Loary – jednego z najbardziej prestiżowych regionów winiarskich Francji. Produkowane w 100% ze szczepu Sauvignon Blanc , zachwyca mineralnością, świeżością i intensywnym owocowym aromatem . To idealny wybór dla miłośników eleganckich i dobrze zbalansowanych win białych . Smak i aromat: Aromaty: Cytrusy, zielone jabłko, agrest, czarna porzeczka, nuty trawiaste Smak: Świeże, mineralne, dobrze zbalansowane z wyraźną kwasowością Finisz: Długi, orzeźwiający, z delikatnymi nutami kwiatowymi Idealne do: Owoców morza i ryb – świetnie komponuje się z ostrygami, krewetkami i grillowanym łososiem Sałatek i warzyw – doskonałe do dań na bazie szparagów, sałatek z kozim serem i lekkich przekąsek Serów kozich i dojrzewających – podkreśla smak klasycznych francuskich serów Trésor de Loire Sauvignon Val de Loire to wino pełne finezji i świeżości , które świetnie sprawdzi się jako aperitif lub dodatek do lekkich dań . Dodaj do koszyka i odkryj smak Doliny Loary!;36,00 zł;https://dobrewina.pl/1331-large_default/wino-biale-tresor-de-loire-sauvignon-val-de-loire-igp-francuskie-wytrawne-075-l.jpg;N/A;Francja;Dolina Loary;Sauvignon Blanc;Spokojne;Wytrawne;12%;Ryby, Dania wegetariańskie, Owoce morza;https://dobrewina.pl/wino-biale/2172-wino-biale-tresor-de-loire-sauvignon-val-de-loire-igp-francuskie-wytrawne-075-l-3149070032607.html
3700619335766;Wino czerwone Chevaliers des Fees GSM d'Oc francuskie wytrawne 0,75 L;Wina | Wytrawność | Wytrawne | Szczepy | Czerwone | Shiraz/Syrah | Rodzaj | Wino czerwone | aromatyczne i dojrzałe | Cena | 25,01 - 40,00 zł | Kraj | Francja | Wino czerwone Bio 3 Passo Rosso włoskie wytrawne 0,75 L | Wino białe Via Mare Trebbiano-Pinot Grigio Puglia IGT włoskie wytrawne 0,75 L | Sikulo Bianco Tre Colonne Terre Siciliane IGP 0,75 L | Wino białe La Marina Cuvee Oceane IGP francuskie wytrawne 0,75 L | Wino czerwone Via Mare Sangiovese-Primitivo Puglia IGT włoskie wytrawne 0,75 L | Wino białe Pavillon Des 3 Arches Chardonnay IGP francuskie wytrawne 0,75 L | Marlborough Sun Sauvignon Blanc 0,75 L | Wino czerwone Amarone della Valpolicella Centenero DOCG włoskie półwytrawne 0,75 L | Baccolo Bianco Puglia IGT 0,75 L | Sikulo Rosso Tre Colonne Terre Siciliane IGP 0,75 L;Chevaliers des Fées GSM d’Oc 0,75 L – Pełne i aromatyczne czerwone wino z Langwedocji Chevaliers des Fées GSM d’Oc to wyraziste i eleganckie czerwone wino wytrawne , powstałe z klasycznej południowofrancuskiej kompozycji szczepów Grenache, Syrah i Mourvèdre (GSM) . Produkowane w słonecznym regionie Languedoc-Roussillon , zachwyca głębią owocowych aromatów, aksamitną strukturą i subtelną pikantnością . Smak i aromat: Aromaty: Dojrzałe jeżyny, czarne porzeczki, wiśnie, nuty przypraw i ziół prowansalskich Smak: Gładkie, dobrze zbalansowane, z aksamitnymi taninami i lekką nutą pieprzu Finisz: Długi i elegancki, z delikatnym akcentem wanilii i kakao Idealne do: Grillowanych i pieczonych mięs: Wołowina, jagnięcina, dziczyzna Dań kuchni śródziemnomorskiej: Makarony, dania z pomidorami i ziołami Dojrzewających serów: Camembert, comté, cheddar Chevaliers des Fées GSM d’Oc to wspaniałe wino na wieczorne spotkania, romantyczne kolacje czy degustacje przy blasku świec . Jego bogata paleta smaków sprawia, że będzie doskonałym wyborem dla miłośników pełnych i harmonijnych win. Dodaj do koszyka i odkryj smak południowej Francji!;33,00 zł;https://dobrewina.pl/1337-large_default/wino-czerwone-chevaliers-des-fees-gsm-d-oc-francuskie-wytrawne-075-l.jpg;https://dobrewina.pl/2216-large_default/wino-czerwone-chevaliers-des-fees-gsm-d-oc-francuskie-wytrawne-075-l.jpg;Francja;Langwedocja;Syrah, Mourvedre, Grenache;Spokojne;Wytrawne;13%;Wołowina, Wieprzowina, Dziczyzna;https://dobrewina.pl/wino-czerwone/2178-wino-czerwone-chevaliers-des-fees-gsm-d-oc-francuskie-wytrawne-075-l-3700619335766.html
5906074133307;Vieux Chateau Gachet Lalande-de-Pomerol AOC 0,75 L;Wina | Wytrawność | Wytrawne | Szczepy | Czerwone | Cabernet Sauvignon | Rodzaj | Wino czerwone | treściwe i beczkowe | Cena | 100,01 - 200,00 zł | Kraj | Francja | Pomerol;Francuskie, jakościowe z regionu Lalande de Pomerol (w regionie Bordeaux), z ręcznie zbieranych winogron w 4,8 ha 35-letniej winnicy rodziny Arpin (tradycje winiarskie w Montagne jeszcze w 1870 roku, a później w Pomerol i Saint-Émilion – obecnie czwarte pokolenie i dorastające kolejne), czerwone, wytrawne, o głębokiej purpurowej barwie, złożonej kompozycji aromatów (dojrzałe ciemne owoce, suszone śliwki, nutka lukrecji), w smaku owocowe, dobrze zbudowane, o krzepkich taninach, dojrzewające przez 1 miesiąc w zbiornikach i 11 miesięcy w dębowych beczkach.;99,90 zł;https://dobrewina.pl/1352-large_default/vieux-chateau-gachet-lalande-de-pomerol-aoc-075-l.jpg;N/A;Francja;Bordeaux;Merlot, Cabernet Sauvignon, Cabernet Franc;Spokojne;Wytrawne;14%;Wieprzowina, Dziczyzna, Wołowina, Baranina;https://dobrewina.pl/wino-czerwone/2142-vieux-chateau-gachet-lalande-de-pomerol-aoc-075-l-5906074133307.html
8017868003656;Barbera Piemonte Cascina Radice DOC 0,75 L;Wina | Wytrawność | Wytrawne | Szczepy | Czerwone | Barbera | Rodzaj | Wino czerwone | aromatyczne i dojrzałe | Cena | 25,01 - 40,00 zł | Kraj | Włochy | Wina do 30 zł;W kieliszku wino odznacza się umiarkowanie intensywną czerwienią z refleksami . W nosie zachwyca intensywnością dojrzałych owoców, głównie wiśni i śliw ek , z dodatkiem czekolady i przypraw korzennych. W ustach jest mocne, owocowe i dobrze zbudowane. Treściwe, dosyć kwasowe i taniczne, odznacza się także intensywnym finiszem.;29,90 zł;https://dobrewina.pl/1385-large_default/barbera-piemonte-cascina-radice-doc-075-l.jpg;N/A;Włochy;Piemonte;Barbera;Spokojne;Wytrawne;13%;Drób, Samo w sobie, Dania Śródziemnomorskie;https://dobrewina.pl/wino-czerwone/2219-barbera-piemonte-cascina-radice-doc-075-l-8017868003656.html
8017868005209;Barbera Piemonte Attimi di Barbera DOC 0;Wina | Wytrawność | Delikatnie wytrawne | Szczepy | Czerwone | Barbera | Rodzaj | Wino czerwone | aromatyczne i dojrzałe | Cena | 40,01 - 60,00 zł | Kraj | Włochy | Top 10 win - ranking;W kieliszku wino to wyróżnia się piękną, rubinową barwą , zaś w nosie znajdziemy tam dojrzałe owoce, głównie wiśnie i jagody, oraz aromaty dębu i gorzkiej czekolady . W ustach jest śwież e i miękkie, niezbyt ciężkie, ale też owocowo rześkie . Cechuje się także nieznacznymi taninami i długim zakończeniem z lekko pikantnymi nutami.;39,90 zł;https://dobrewina.pl/1387-large_default/barbera-piemonte-attimi-di-barbera-doc-075-l.jpg;N/A;Włochy;Piemonte;Barbera;Spokojne;Lekko wytrawne;14,5%;Dania Śródziemnomorskie, Wieprzowina, Drób;https://dobrewina.pl/wino-czerwone/2218-barbera-piemonte-attimi-di-barbera-doc-075-l-8017868005209.html
8017868001614;Primitivo di Manduria Pacato DOP 0,75 L;Wina | Wytrawność | Delikatnie wytrawne | Szczepy | Czerwone | Primitivo | Rodzaj | Wino czerwone | aromatyczne i dojrzałe | Cena | 40,01 - 60,00 zł | Kraj | Włochy;W kieliszki nieprzenikniona , głęboka barwa atramentu, zaś w nosie nuty konfitur ze śliwek, jeżyn, wiśni, czy truskawek, okraszonych nutami ziół , dębowej beczki i czekolady . Jest to wino w smaku gęste , krągłe i złożone , pełne dojrzałych owoców. Dają o sobie znać dobrze ułożone taniny, zaś jego zakończenie jest trwałe , lekko słodkawe i soczyste.;48,00 zł;https://dobrewina.pl/1392-large_default/primitivo-di-manduria-pacato-dop-075-l.jpg;N/A;Włochy;Puglia;Primitivo;Spokojne;Lekko wytrawne;14,5%;Dania Śródziemnomorskie, Baranina, Drób;https://dobrewina.pl/wino-czerwone/2224-primitivo-di-manduria-pacato-dop-075-l-8017868001614.html
8017868001744;Primitivo Merlot Quatro Venti 4/20 Puglia IGP 0,75 L;Wina | Wytrawność | Wytrawne | Szczepy | Czerwone | Primitivo | Merlot | Rodzaj | Wino czerwone | aromatyczne i dojrzałe | Cena | 25,01 - 40,00 zł | Kraj | Włochy;W nosie dominują dojrzałe owoce – wiśnie, śliwki, jeżyny z dodatkiem kwiatów i leśnych ziół. W ustach jest to wino orzeźwiająco kwasowe i owocowe, o średniej budowie ciał . Jest dobrze zbalansowane i miękkie, a jego taniny są eleganckie.;39,90 zł;https://dobrewina.pl/1717-large_default/primitivo-merlot-quatro-venti-420-puglia-igp-075-l.jpg;N/A;Włochy;Puglia;Merlot, Primitivo;Spokojne;Lekko wytrawne;13,5%;Dania Śródziemnomorskie, Baranina, Drób;https://dobrewina.pl/wino-czerwone/2223-primitivo-merlot-quatro-venti-420-puglia-igp-075-l-8017868001744.html
8017868001423;Wino czerwone Primitivo Otto Nodi Puglia IGP włoskie półwytrawne 0,75 L;Wina | Wytrawność | Delikatnie wytrawne | Szczepy | Czerwone | Primitivo | Rodzaj | Wino czerwone | aromatyczne i dojrzałe | Cena | 25,01 - 40,00 zł | Kraj | Włochy | Top 10 win - ranking | Wino czerwone Bio 3 Passo Rosso włoskie wytrawne 0,75 L | Wino białe Via Mare Trebbiano-Pinot Grigio Puglia IGT włoskie wytrawne 0,75 L | Sikulo Bianco Tre Colonne Terre Siciliane IGP 0,75 L | Wino białe La Marina Cuvee Oceane IGP francuskie wytrawne 0,75 L | Wino czerwone Via Mare Sangiovese-Primitivo Puglia IGT włoskie wytrawne 0,75 L | Wino białe Pavillon Des 3 Arches Chardonnay IGP francuskie wytrawne 0,75 L | Marlborough Sun Sauvignon Blanc 0,75 L | Wino czerwone Amarone della Valpolicella Centenero DOCG włoskie półwytrawne 0,75 L | Baccolo Bianco Puglia IGT 0,75 L | Sikulo Rosso Tre Colonne Terre Siciliane IGP 0,75 L | Promocje | Okazje miesiąca! | Wina na wesele;Primitivo Otto Nodi Puglia IGP 0,75 L – Pełne i aksamitne czerwone wino z Apulii Primitivo Otto Nodi to wyraziste i eleganckie czerwone wino wytrawne , pochodzące z regionu Puglia , słynącego z produkcji intensywnych i aromatycznych win. Powstaje w 100% ze szczepu Primitivo , który nadaje mu bogaty owocowy charakter, aksamitne taniny i subtelną pikantność . Smak i aromat: Aromaty: Dojrzałe śliwki, czarne jagody, wiśnie, wanilia, przyprawy korzenne Smak: Pełne, gładkie, z dobrze zbalansowaną kwasowością i jedwabistymi taninami Finisz: Długi, przyjemnie owocowy, z nutami czekolady i dębu Idealne do: Grillowanych i pieczonych mięs – wołowina, jagnięcina, dziczyzna Makaronów z intensywnymi sosami – ragu, pomidorowe, z parmezanem Dojrzewających serów – pecorino, gorgonzola, parmezan Chwili relaksu przy kieliszku wyrazistego wina Primitivo Otto Nodi Puglia IGP to doskonały wybór dla miłośników głębokich, aksamitnych win o bogatym owocowym bukiecie . Idealnie sprawdzi się zarówno na kolację, jak i wieczorne spotkania z bliskimi. Dodaj do koszyka i rozkoszuj się smakiem południowych Włoch!;29,90 zł;https://dobrewina.pl/1825-large_default/wino-czerwone-primitivo-otto-nodi-puglia-igp-wloskie-polwytrawne-075-l.jpg;N/A;Włochy;Puglia;Primitivo;Spokojne;Lekko wytrawne;13,5%;Dania Śródziemnomorskie, Baranina, Drób;https://dobrewina.pl/wino-czerwone/2222-wino-czerwone-primitivo-otto-nodi-puglia-igp-wloskie-polwytrawne-075-l-8017868001423.html
8017868001645;Wino czerwone Nero di Troia Otto Nodi Puglia IGP włoskie wytrawne 0,75 L;Wina | Wytrawność | Wytrawne | Szczepy | Czerwone | Rodzaj | Wino czerwone | aromatyczne i dojrzałe | Cena | 25,01 - 40,00 zł | Kraj | Włochy | Wino czerwone Bio 3 Passo Rosso włoskie wytrawne 0,75 L | Wino białe Via Mare Trebbiano-Pinot Grigio Puglia IGT włoskie wytrawne 0,75 L | Sikulo Bianco Tre Colonne Terre Siciliane IGP 0,75 L | Wino białe La Marina Cuvee Oceane IGP francuskie wytrawne 0,75 L | Wino czerwone Via Mare Sangiovese-Primitivo Puglia IGT włoskie wytrawne 0,75 L | Wino białe Pavillon Des 3 Arches Chardonnay IGP francuskie wytrawne 0,75 L | Marlborough Sun Sauvignon Blanc 0,75 L | Wino czerwone Amarone della Valpolicella Centenero DOCG włoskie półwytrawne 0,75 L | Baccolo Bianco Puglia IGT 0,75 L | Sikulo Rosso Tre Colonne Terre Siciliane IGP 0,75 L | Wina do 30 zł;Nero di Troia Otto Nodi Puglia IGP 0,75 L – Szlachetne i pełne aromatu czerwone wino z Apulii Nero di Troia Otto Nodi to eleganckie i harmonijne czerwone wino wytrawne , pochodzące z regionu Puglia – krainy słynącej z produkcji intensywnych i aromatycznych win. Szczep Nero di Troia to jedno z najbardziej charakterystycznych winogron południowych Włoch, cenione za głębię smaku, aksamitną strukturę i subtelne nuty przypraw . Smak i aromat: Aromaty: Dojrzałe wiśnie, czarne porzeczki, śliwki, nuty fiołków i przypraw korzennych Smak: Pełne, dobrze zbudowane, z aksamitnymi taninami i wyważoną kwasowością Finisz: Długi, elegancki, z nutami kakao, wanilii i lekkiego dębu Idealne do: Grillowanych i pieczonych mięs: Wołowina, jagnięcina, dziczyzna Makaronów z bogatymi sosami: Ragu, lasagne, sosy na bazie pomidorów Dojrzewających serów: Pecorino, parmezan, provolone Nero di Troia Otto Nodi Puglia IGP to wyjątkowe wino, które zachwyci zarówno miłośników klasycznych włoskich smaków, jak i tych szukających nowych doznań w kieliszku . Dodaj do koszyka i odkryj smak autentycznej Apulii!;29,90 zł;https://dobrewina.pl/1396-large_default/wino-czerwone-nero-di-troia-otto-nodi-puglia-igp-wloskie-wytrawne-075-l.jpg;N/A;Włochy;Puglia;Nero di Troia;Spokojne;Wytrawne;13,5%;Baranina, Wieprzowina;https://dobrewina.pl/wino-czerwone/2220-wino-czerwone-nero-di-troia-otto-nodi-puglia-igp-wloskie-wytrawne-075-l-8017868001645.html
8056894570305;La Pruina Tenuta Ilmo Primitivo di Manduria 0,75 L;Wina | Wytrawność | Delikatnie wytrawne | Szczepy | Czerwone | Primitivo | Rodzaj | Wino czerwone | aromatyczne i dojrzałe | Cena | 60,01 - 100,00 zł | Kraj | Włochy | Top 10 win - ranking | Wina na wesele;Trunek ten wyróżnia się głębokim odcieniem czarnych wiśni. Wśród aromatów przeważają dojrzałe, konfiturowe owoce – jeżyny, śliwki, wiśnie – oraz czekolada i kawa , uzupełnione o delikatne nuty drzewne i korzenne. Na języku jest to wino mocne i soczyste, wręcz mięsiste i gęste . Taniny są w nim znaczne, ale dobrze zbalansowane z owocowością i nienachalne , a kwasowość – minimalna. Wyjątkowe wino.;79,90 zł;https://dobrewina.pl/2030-large_default/la-pruina-tenuta-ilmo-primitivo-di-manduria-075-l.jpg;N/A;Włochy;Puglia;Primitivo;Spokojne;N/A;14,5%;N/A;https://dobrewina.pl/wino-czerwone/2237-la-pruina-tenuta-ilmo-primitivo-di-manduria-075-l-8056894570305.html
8017868002383;Sikulo Rosso Tre Colonne Terre Siciliane IGP 0,75 L;Wina | Wytrawność | Wytrawne | Szczepy | Czerwone | Shiraz/Syrah | Rodzaj | Wino czerwone | owocowe i świeże | Cena | 5,00 - 25,00 zł | Kraj | Włochy | Wina do 30 zł | Wina na wesele;Kolor tego trunku jest jasnoczerwony, zaś w nosie od razu wyczuwalne są wiśnie, jeżyny , śliwki a także pieprz i cynamon . Na podniebieniu jest gładkie i soczyście owocowe , mimo wytrawności wyczuwalna jest dyskretna słodycz . Na finiszu pojawia się także pewna ilość tanin.;28,00 zł;https://dobrewina.pl/1406-large_default/sikulo-rosso-tre-colonne-terre-siciliane-igp-075-l.jpg;N/A;Włochy;Sycilia;Nero d'Avola, Merlot, Syrah;Spokojne;Wytrawne;13%;Dania Śródziemnomorskie, Drób, Samo w sobie;https://dobrewina.pl/wino-czerwone/2235-sikulo-rosso-tre-colonne-terre-siciliane-igp-075-l-8017868002383.html
8017868002390;Sikulo Bianco Tre Colonne Terre Siciliane IGP 0,75 L;Wina | Wytrawność | Wytrawne | Szczepy | Białe | Pinot Grigio | Rodzaj | Wino białe | dojrzałe i aksamitne | Cena | 5,00 - 25,00 zł | Kraj | Włochy | Wina do 30 zł | Wina na wesele;Wśród aromatów znajdują się dojrzałe jabłka, gruszki, melon oraz orzechy. W ustach jest przyjemnie wytrawne , dobrze zbudowane i wyczuwalnie mineralne.;28,00 zł;https://dobrewina.pl/1415-large_default/sikulo-bianco-tre-colonne-terre-siciliane-igp-075-l.jpg;N/A;Włochy;Sycilia;Pinot Grigio, Catarratto, Zibibbo;Spokojne;Wytrawne;12%;Dania Śródziemnomorskie, Drób, Owoce morza, Samo w sobie;https://dobrewina.pl/wino-biale/2234-sikulo-bianco-tre-colonne-terre-siciliane-igp-075-l-8017868002390.html
3760129170127;Wino białe Fourrey Petit Chablis AOC francuskie wytrawne 0,75 L;Wina | Wytrawność | Wytrawne | Szczepy | Białe | Chardonnay | Rodzaj | Wino białe | wyraziste i skoncentrowane | Cena | 60,01 - 100,00 zł | Kraj | Francja | Chablis;Fourrey Petit Chablis AOC 0,75 L – Eleganckie i świeże białe wino z Burgundii Fourrey Petit Chablis to wytrawne białe wino klasy AOC , pochodzące z prestiżowego regionu Petit Chablis w Burgundii. Produkowane w 100% ze szczepu Chardonnay , zachwyca mineralnością, rześką kwasowością i subtelną owocowością . To doskonały wybór dla miłośników świeżych i eleganckich win białych , które świetnie oddają charakter chłodnego klimatu Burgundii. Smak i aromat: Aromaty: Cytrusy, zielone jabłko, białe kwiaty, mineralne nuty Smak: Świeże, lekkie, z wyraźną kwasowością i nutą mineralności Finisz: Długi, rześki, z subtelnymi nutami owocowymi Idealne do: Owoców morza i ryb – idealne do ostryg, małży i grillowanej ryby Serów kozich i pleśniowych – doskonale komponuje się z delikatnymi serami Lekkich dań i sałatek – świetne do dań warzywnych, carpaccio i ceviche Fourrey Petit Chablis to klasyczne, eleganckie i wyjątkowo świeże białe wino , które zachwyca swoją mineralnością i delikatnym charakterem. Doskonałe na letnie dni i specjalne okazje! Dodaj do koszyka i odkryj smak prawdziwego Chablis!;88,00 zł;https://dobrewina.pl/1426-large_default/wino-biale-fourrey-petit-chablis-aoc-francuskie-wytrawne-075-l.jpg;N/A;Francja;Burgundia;Chardonnay;Spokojne;Wytrawne;12,5%;Ryby, Drób, Owoce morza, Przystawki;https://dobrewina.pl/wino-biale/2242-wino-biale-fourrey-petit-chablis-aoc-francuskie-wytrawne-075-l-3760129170127.html
3760129170028;Fourrey Chablis 1 Cru Cotes de Lechet AOC 0,75 L;Wina | Wytrawność | Wytrawne | Szczepy | Białe | Chardonnay | Rodzaj | Wino białe | świeże i orzeźwiające | Cena | 100,01 - 200,00 zł | Kraj | Francja | Chablis;Skoncentrowane mający balans między delikatnością, a głębią smaku. Wino ma zielonkawo-żółty kolor, zapach eleganckich owoców białych, w średniej wadze, z przyjemnym smakiem, wykazuje charakterystyczną kremową konsystencję dobrego Chablis. Oprócz cytrusów jest też nuta kwiatowa. Posiada typowe aromaty mineralne apelacji Chablis. Fourreyowie posiadają  3,6 h Côte de Lechet, podzielonego na sześć działek na zboczu wzgórza. Jest to strome, skierowane na południe zbocze z dużą ilością gliny, a ta kombinacja zapewnia dojrzałe i bezpośrednie wino. Wina z tego 1er Cru zazwyczaj dobrze się pije młodo.;129,00 zł;https://dobrewina.pl/1871-large_default/fourrey-chablis-1-cru-cotes-de-lechet-aoc-075-l.jpg;N/A;Francja;Burgundia;Chardonnay;Spokojne;N/A;13,5%;Dania Śródziemnomorskie, Aperitif, Owoce morza, Sushi;https://dobrewina.pl/wino-biale/3655-fourrey-chablis-1-cru-cotes-de-lechet-aoc-075-l-3760129170028.html
3394210005755;Jaffelin Cremant de Bourgogne Blanc de Blancs Brut 0,75;Wina | Wytrawność | Wytrawne | Szczepy | Białe | Chardonnay | Rodzaj | Wino białe | świeże i orzeźwiające | Wino musujące | Cremant | Cena | 60,01 - 100,00 zł | Kraj | Francja;Piękny bladożółty odcień ze złotymi odcieniami. W nosie wydobywają się aromaty kwiatów i cytrusów oraz białych owoców i ciastko francuskie, lekko mineralne. Dobry delikatny i elegancki mus. Na podniebieniu pełne i jędrne, delikatnie mineralne, orzeźwiające oraz z dosyć złożonym posmakiem. Zrównoważone i wszechstronne wino które urzeka.;79,90 zł;https://dobrewina.pl/1667-large_default/jaffelin-cremant-de-bourgogne-blanc-de-blancs-brut-075.jpg;N/A;Francja;Burgundia;Chardonnay, Aligote;Musujące;Wytrawne;12%;Aperitif, Owoce morza, Przystawki, Samo w sobie;https://dobrewina.pl/wino-musujace/2350-jaffelin-cremant-de-bourgogne-blanc-de-blancs-brut-075-3394210005755.html
3394210008831;Jaffelin Cremant de Bourgogne Blanc de Noirs (bez dodawanych siarczanów) Extra Brut;Wina | Wytrawność | Wytrawne | Szczepy | Czerwone | Rodzaj | Wino czerwone | aromatyczne i dojrzałe | Wino musujące | Cena | 60,01 - 100,00 zł | Kraj | Francja;Wino bladożółte, obfite i wyraźne w nosie jak i na podniebieniu z nutami przetworzonych czerwonych owoców, lekko wyczuwalnymi taninami oraz świeżym i pełnym finiszem. 100% Pinot Noir. Dzięki starannej winifikacji oraz korzystaniu z dwutlenku węgla jako konserwant, nie dodano do wina siarczany. Występujące siarczany są z pochodzenia naturalnego.;79,90 zł;https://dobrewina.pl/1663-large_default/jaffelin-cremant-de-bourgogne-blanc-de-noirs-bez-dodawanych-siarczanow-extra-brut.jpg;N/A;Francja;Burgundia;Pinot Noir;Musujące;Wytrawne;N/A;Ryby, Drób, Przystawki, Sushi;https://dobrewina.pl/wino-musujace/2352-jaffelin-cremant-de-bourgogne-blanc-de-noirs-bez-dodawanych-siarczanow-extra-brut-3394210008831.html
3760129170073;Wino białe Fourrey Chablis AOC francuskie wytrawne 0,75 L;Wina | Wytrawność | Wytrawne | Szczepy | Białe | Chardonnay | Rodzaj | Wino białe | świeże i orzeźwiające | Cena | 60,01 - 100,00 zł | Kraj | Francja | Chablis | Top 10 win - ranking | Wina na wesele;Fourrey Chablis AOC 0,75 L – Klasyczne i eleganckie białe wino z serca Burgundii Fourrey Chablis AOC to wytrawne białe wino , które doskonale oddaje wyjątkowy charakter regionu Chablis w Burgundii. Wytwarzane w 100% ze szczepu Chardonnay , słynie z mineralności, świeżości i doskonałej struktury . To klasyka francuskiego winiarstwa, uwielbiana przez koneserów i miłośników eleganckich, czystych win białych . Smak i aromat: Aromaty: Cytryna, zielone jabłko, białe kwiaty, nuty mineralne i kredowe Smak: Świeże, harmonijne, z wyraźną kwasowością i subtelną kremowością Finisz: Długi, czysty, z delikatną nutą orzechów i morskiej bryzy Idealne do: Owoców morza i ryb – perfekcyjne do ostryg, małży i grillowanej dorady Serów kozich i dojrzewających – klasyczne połączenie z delikatnymi serami Lekkich dań i sałatek – świetnie podkreśla smak warzyw i białego mięsa Fourrey Chablis AOC to synonim elegancji i mineralności , idealne na wyjątkowe okazje lub jako aperitif . Doskonale oddaje charakter chłodnego klimatu Burgundii , co czyni je jednym z najbardziej cenionych białych win na świecie. Dodaj do koszyka i rozkoszuj się smakiem prawdziwego Chablis!;99,90 zł;https://dobrewina.pl/1841-large_default/wino-biale-fourrey-chablis-aoc-francuskie-wytrawne-075-l.jpg;N/A;Francja;Burgundia;Chardonnay;Spokojne;Wytrawne;12%;Dania wegetariańskie, Owoce morza, Ryby, Dania Śródziemnomorskie;https://dobrewina.pl/wino-biale/3654-wino-biale-fourrey-chablis-aoc-francuskie-wytrawne-075-l-3760129170073.html
3524361531111;Chateau Alouettes Blanc Costieres de Nimes AOP 0,75 L;Wina | Wytrawność | Wytrawne | Szczepy | Białe | Rodzaj | Wino białe | świeże i orzeźwiające | Cena | 25,01 - 40,00 zł | Kraj | Francja;Uprawiane w dolinie Rodanu i Durance, na glebie gliniano-wapiennej z aluwialnymi otoczakami na wierzchu. 60 % Grenache blanc, 20% Vermentino , 20% Roussane . Przed fermentacją macerowano na zimno, w celu pozyskiwania koloru oraz aromatów – fermentacja w kontrolowanej temperaturze co daje więcej owocowości. Kolor lekko żółtawy, z eleganckim aromatem cytrusów i białych owoców. W ustach dosyć pełne, nie ciężkie orzeźwiające smak cytrusów i żółtych owoców, z nutą ziół prowansalskich. Wszechstronne wino – samo w sobie, do sałatek, drób, ryb i serów.;35,00 zł;https://dobrewina.pl/1680-large_default/chateau-alouettes-blanc-costieres-de-nimes-aop-075-l.jpg;https://dobrewina.pl/1816-large_default/chateau-alouettes-blanc-costieres-de-nimes-aop-075-l.jpg;Francja;Doliny Rodanu;Roussanne, Grenache Blanc, Vermentino;N/A;Wytrawne;13%;Ryby, Aperitif, Sushi, Sery;https://dobrewina.pl/wino-biale/3667-chateau-alouettes-blanc-costieres-de-nimes-aop-075-l-3524361531111.html
3524361511106;Chateau Alouettes Rouge Costieres de Nimes AOP 0,75 L;Wina | Wytrawność | Wytrawne | Szczepy | Czerwone | Shiraz/Syrah | Rodzaj | Wino czerwone | aromatyczne i dojrzałe | Cena | 25,01 - 40,00 zł | Kraj | Francja;Uprawiane w dolinie Rodanu i Durance, na glebie gliniano-wapiennej z aluwialnymi otoczakami na wierzchu. 75% Syrah i 25% Grenache. Średni wiek winorośli 15 lat – bardzo niska wydajność 19hl z hektara. Fermentacja bez szypułek i maceracja trwa 18-20 dni, w celu pozyskiwania aromatów oraz optymalne ilość polifenolów (garbniki i pigment koloryzujący), fermentacja w kontrolowanej temperaturze oraz przepompowania. Bogaty nasycony ciemny błyszczący kolor. Ciekawe aromatów czerwonych i czarnych owoców, liścia laurowego oraz fiołku. Pełny, soczysty i zrównoważone smak – dżemowych czarnych owoców z lekkim pieprzem. Niezbyt cierpkie  Wszechstronne wino – samo w sobie, serów i grillowanych mięs.;35,00 zł;https://dobrewina.pl/1681-large_default/chateau-alouettes-rouge-costieres-de-nimes-aop-075-l.jpg;https://dobrewina.pl/1817-large_default/chateau-alouettes-rouge-costieres-de-nimes-aop-075-l.jpg;Francja;Doliny Rodanu;Syrah, Grenache;N/A;Wytrawne;13%;Sery, Dania Śródziemnomorskie, Wieprzowina, Dziczyzna;https://dobrewina.pl/wino-czerwone/3668-chateau-alouettes-rouge-costieres-de-nimes-aop-075-l-3524361511106.html
8414219000119;Cuatro Rayas Pampano Verdejo DO Rueda 0,75 L;Wina | Wytrawność | Wytrawne | Szczepy | Białe | Rodzaj | Wino białe | świeże i orzeźwiające | Wino wegańskie | Cena | 25,01 - 40,00 zł | Kraj | Hiszpania | Wina do 30 zł;Wino Cuatro Rayas Pampano Verdejo DO Rueda to wyjątkowe wino pochodzące z hiszpańskiej regionu Rueda. Jest to białe wino o delikatnym, ale bogatym smaku, który zachwyci każdego miłośnika wina. Jego aromat jest intensywny i owocowy, z nutami cytrusów i kwiatów. W smaku wyczuwalne są subtelne nuty gruszki i jabłka, które łączą się z lekką kwasowością, tworząc idealną równowagę. Wino Cuatro Rayas Pampano Verdejo DO Rueda doskonale pasuje do lekkich dań z rybami i owocami morza oraz do sałatek i makaronów. Może być również świetnym wyborem na aperitif lub jako towarzysz wieczornych spotkań ze znajomymi.;28,00 zł;https://dobrewina.pl/1682-large_default/cuatro-rayas-pampano-verdejo-do-rueda-075-l.jpg;N/A;Hiszpania;Rueda;Verdejo;Spokojne;Wytrawne;12,5%;Owoce morza, Ryby, Orientalne;https://dobrewina.pl/wino-biale/3670-cuatro-rayas-pampano-verdejo-do-rueda-075-l-8414219000119.html
3700619337708;De Visu 223 jours Grenache Noir IGP 0,75 L;Wina | Wytrawność | Delikatnie wytrawne | Szczepy | Czerwone | Rodzaj | Wino czerwone | aromatyczne i dojrzałe | Cena | 40,01 - 60,00 zł | Kraj | Francja;Liczba 223 jest związana z cyklem wegetacyjnym Grenache Noir. Uprawiane w Langwedocji, w pobliżu wsi Cébazan, na zboczach z gliny i wapienia. W ciepłym i suchym klimacie, klimat idealny dla Grenache. Daje to szczodre i złożone Grenache, ujawniający wszystkie cechy jego terroir. Po zimnej wstępnej fermentacji wino fermentuje w temperaturze od 28-30°C. Maceracja trwa 30 dni. Przepompowane dwa razy  dziennie. Ta technika ekstrakcji nadaje sokowi aromat i intensywny kolor. Głęboka czerwień z nutą fioletu. Nos przekazuje aromat czerwonych jagód, truskawek i grillowanej śliwki, nuty garrigue, rozmarynu i tymianku. Jest niesamowicie soczysty z wibrującą kwasowością i gładkimi taninami oraz z długo utrzymującymi się z nutami duszonych truskawek.;39,90 zł;https://dobrewina.pl/1703-large_default/de-visu-223-jours-grenache-noir-igp-075-l.jpg;https://dobrewina.pl/2217-large_default/de-visu-223-jours-grenache-noir-igp-075-l.jpg;Francja;Langwedocja;Grenache;Spokojne;Lekko wytrawne;14%;Sery, Wieprzowina, Dziczyzna, Wołowina;https://dobrewina.pl/wino-czerwone/3688-de-visu-223-jours-grenache-noir-igp-075-l-3700619337708.html
075l;Wino Białe Adrian Serrrano Blanco DOC Rioja hiszpańskie wytrawne 0,75L;Wina | Wytrawność | Wytrawne | Szczepy | Białe | Czerwone | Cabernet Sauvignon | Rodzaj | Wino białe | świeże i orzeźwiające | Wino czerwone | treściwe i beczkowe | Cena | 25,01 - 40,00 zł | 60,01 - 100,00 zł | Kraj | Francja | Saint-Emilion | Hiszpania | Promocje | Okazje miesiąca! | Wina do 30 zł;Adrian Serrano Blanco DOC Rioja 0,75 L Hiszpańskie białe wino wytrawne, pochodzące z prestiżowej apelacji Rioja DOC . To świeża interpretacja lokalnych szczepów — lekkość i elegancja w jednym kieliszku. W kieliszku jasna słomkowa barwa z delikatnymi refleksami zieleni. W aromacie nuty cytrusów, zielonego jabłka oraz akcenty białych kwiatów i mineralności. W ustach rześkie, dobrze zbalansowane, z niezbyt agresywną kwasowością i harmonijnym finiszem. Idealne do: tapas, owoców morza, lekkich sałatek i dań kuchni śródziemnomorskiej lub jako aperitif. Adrian Serrano Blanco — świeżość Riojy w jasnej odsłonie. Wino Adrian Serrano Blanco DOC Rioja 0,75 L możesz kupić również w naszych sklepach stacjonarnych: Dobre Wina, Warszawa, ul. Wyczółki 46 Dobre Wina, Warszawa, ul. Mickiewicza 30 Dobre Wina, Kraków, ul. Królowej Jadwigi 146 W celu potwierdzenia dostępności - prosimy o kontakt telefoniczny lub mailowy.;27,90 zł;https://dobrewina.pl/1706-large_default/wino-biale-adrian-serrrano-blanco-doc-rioja-hiszpanskie-wytrawne-075l.jpg;N/A;Hiszpania;Rioja;Tempranillo, Garnacha Blanco, Viura;Spokojne;Wytrawne;13%;Ryby, Przystawki, Samo w sobie;https://dobrewina.pl/wino-biale/3695-wino-biale-adrian-serrrano-blanco-doc-rioja-hiszpanskie-wytrawne-075l.html
8437002565275;Wino czerwone Adrian Serrrano Crianza DOC Rioja hiszpańskie wytrawne 0,75L;Wina | Wytrawność | Wytrawne | Szczepy | Czerwone | Rodzaj | Wino czerwone | treściwe i beczkowe | Cena | 25,01 - 40,00 zł | Kraj | Hiszpania;Adrian Serrano Crianza DOC Rioja 0,75 L Hiszpania • Rioja DOC • Czerwone wino wytrawne Adrian Serrano Crianza to klasyczna, pełna charakteru Rioja , w której tradycja spotyka się z nowoczesnym stylem. Powstała w sercu regionu, z odmiany Tempranillo , starzona przez kilkanaście miesięcy w dębowych beczkach , dzięki czemu zyskała elegancki aromat i niezwykłą harmonię. W kieliszku zachwyca głęboką, rubinową barwą. W bukiecie dominują nuty dojrzałych wiśni, śliwek i czarnych owoców , przeplatane akcentami wanilii, cynamonu i subtelnego dębu. Z czasem otwiera się jeszcze bardziej – pojawiają się aromaty przypraw, kawy i delikatnego tytoniu. W ustach wino jest pełne, aksamitne i świetnie zrównoważone , z miękkimi taninami i przyjemną strukturą. Kwasowość jest idealnie dopasowana, co sprawia, że wino zachowuje świeżość mimo dojrzewania w beczce. Finisz długi, lekko pikantny, z nutą wanilii i dojrzałych owoców – dokładnie taki, jakiego oczekujesz od dobrze zrobionej Crianzy. Idealne do: mięs z grilla, jagnięciny, dojrzewających serów, a także potraw kuchni śródziemnomorskiej. Świetnie sprawdzi się również jako wino do długich rozmów przy stole. Adrian Serrano Crianza – klasyka Rioja w najlepszym wydaniu. Elegancja, głębia i smak, który zostaje w pamięci. Wino Adrian Serrano Crianza DOC Rioja 0,75 L możesz kupić również w naszych sklepach stacjonarnych: Dobre Wina, Warszawa, ul. Wyczółki 46 Dobre Wina, Warszawa, ul. Mickiewicza 30 Dobre Wina, Kraków, ul. Królowej Jadwigi 146 W celu potwierdzenia dostępności - prosimy o kontakt telefoniczny lub mailowy.;39,90 zł;https://dobrewina.pl/1707-large_default/adrian-serrrano-crianza-doc-rioja-075l.jpg;N/A;Hiszpania;Rioja;Tempranillo;Spokojne;Wytrawne;14%;Wieprzowina, Dziczyzna, Wołowina, Baranina;https://dobrewina.pl/wino-czerwone/3696-adrian-serrrano-crianza-doc-rioja-075l-8437002565275.html
8437002565282;Wino czerwone Adrian Serrrano Reserva DOC Rioja hiszpańskie wytrawne  0,75L;Wina | Wytrawność | Wytrawne | Szczepy | Czerwone | Rodzaj | Wino czerwone | treściwe i beczkowe | Cena | 40,01 - 60,00 zł | Kraj | Hiszpania;Adrian Serrano Reserva DOC Rioja 0,75 L Hiszpania • Rioja DOC • Czerwone wino wytrawne — poziom Reserva Adrian Serrano Reserva to pełna wyrazu interpretacja klasycznej Rioja — szczep głównie Tempranillo , dojrzewanie w dębowych beczkach (francuskich i/lub amerykańskich) oraz dalsza leżakacja w butelce nadają temu winu strukturę i elegancję. W kieliszku prezentuje głęboki granatowy rubin z odcieniem ceglastym. W aromacie pojawiają się dojrzałe czerwone i czarne owoce — wiśnia, jeżyna — połączone z nutami wanilii, tytoniu i przypraw korzennych. W ustach pełne, dobrze zbudowane, taniny są miękkie, ale wyraźne, kwasowość optymalna, a finisz długi, delikatnie pikantny z akcentem czekolady i skóry. Idealne do: pieczeni wołowych, dziczyzny, dań z grilla, dojrzewających serów i spokojnych wieczorów przy dobrej rozmowie. Adrian Serrano Reserva — klasyczna Rioja w szlachetnej odsłonie, dla tych, którzy szukają głębi i charakteru. Wino Adrian Serrano Reserva DOC Rioja 0,75 L możesz kupić również w naszych sklepach stacjonarnych: Dobre Wina, Warszawa, ul. Wyczółki 46 Dobre Wina, Warszawa, ul. Mickiewicza 30 Dobre Wina, Kraków, ul. Królowej Jadwigi 146 W celu potwierdzenia dostępności - prosimy o kontakt telefoniczny lub mailowy.;49,90 zł;https://dobrewina.pl/1709-large_default/adrian-serrrano-reserva-doc-rioja-075l.jpg;N/A;Hiszpania;Rioja;Tempranillo, Mazuelo;Spokojne;Wytrawne;14%;Baranina, Wieprzowina, Dziczyzna, Wołowina;https://dobrewina.pl/wino-czerwone/3697-adrian-serrrano-reserva-doc-rioja-075l-8437002565282.html
8009307016266;Barbanera Gigino 80 IGT Rosso Toscana 0,75L;Wina | Wytrawność | Wytrawne | Szczepy | Czerwone | Shiraz/Syrah | Rodzaj | Wino czerwone | aromatyczne i dojrzałe | Cena | 100,01 - 200,00 zł | Kraj | Włochy;Ciemny rubinowy kolor. Intensywny aromat śliwek i jeżyn, z nutą wanilii, lukrecji, białego pieprzu i czekolady. Pełne usta z dojrzałymi i miękkimi taninami. Trwałe wykończenie. Od ponad 80 lat rodzina Barbanera zajmuje się produkcją wysokiej jakości win. W 2018 roku rodzina Barbanera dokonała winifikacji Gigino 80 Toscana z okazji jego jubileuszu. Gigino to przydomek Luigiego Barbanery, syna założycieli winnicy. Winogrona są zbierane ręcznie w chłodne poranne godziny i powoli fermentowane w niskich temperaturach, a następnie macerowane, aby wydobyć z winogron maksymalny kolor i naturalny smak.;87,00 zł;https://dobrewina.pl/1710-large_default/barbanera-gigino-80-igt-rosso-toscana-075l.jpg;N/A;Włochy;Toskania;Sangiovese, Merlot, Shiraz, Petit Verdot;Spokojne;Lekko wytrawne;14%;Wołowina, Baranina, Wieprzowina, Dziczyzna;https://dobrewina.pl/wino-czerwone/3699-barbanera-gigino-80-igt-rosso-toscana-075l-8009307016266.html
8009307017485;Barbanera Gigino Grande 80 IGT Rosso Toscana 0,75L;Wina | Wytrawność | Wytrawne | Szczepy | Czerwone | Cabernet Sauvignon | Rodzaj | Wino czerwone | treściwe i beczkowe | Cena | 100,01 - 200,00 zł | Kraj | Włochy;Gigino Grande to mieszanka winogron Sangiovese, Cabernet Sauvignon i Merlot stworzona przez firmę Barbanera ku pamięci Luigiego Barbanery. Po zakończeniu zbiorów w pierwszym tygodniu października wybrane winogrona poddaje się fermentacji z lekkim suszeniem trwającym 20 dni w przypadku odmiany Sangiovese. Wino leżakuje rok w beczkach z francuskiego i amerykańskiego dębu. Wino o głębokim i bardzo intensywnym kolorze amarantowej czerwieni, uwalnia w nosie nuty czarnej wiśni i czarnej porzeczki, białego pieprzu i słodkiej wanilii. Elegancja i harmonia na podniebieniu ujawniają eleganckie i jedwabiste taniny, owocową świeżość z powrotem gorzkiej czekolady i ziaren kawy. Finisz jest długi i trwały. Doskonałe do dań na bazie grzybów, takich jak risotto i eskalopki, dziczyzny i duszonego mięsa.;109,00 zł;https://dobrewina.pl/1711-large_default/barbanera-gigino-grande-80-igt-rosso-toscana-075l.jpg;N/A;Włochy;Toskania;Sangiovese, Merlot, Cabernet Sauvignon;Spokojne;Wytrawne;14%;Wieprzowina, Dziczyzna, Wołowina, Baranina;https://dobrewina.pl/wino-czerwone/3700-barbanera-gigino-grande-80-igt-rosso-toscana-075l-8009307017485.html
8009307072675;Barbanera Gigino 80 IGT Bianco Toscana 0,75L;Wina | Wytrawność | Wytrawne | Szczepy | Białe | Sauvignon Blanc | Rodzaj | Wino białe | dojrzałe i aksamitne | Cena | 100,01 - 200,00 zł | Kraj | Włochy;Od ponad 80 lat Luigi Barbanera „Gigino” przekazał swoją pasję dzieciom, które ją cenią. To wino jest hołdem dla jego wytrwałości. Klarowny słomkowożółty z jasnymi złotymi refleksami, elegancki złożony aromat przyjemnych i wyraźnych żółtych brzoskwini, melona, figi i kandyzowanej skórki cytrusów, zrównoważone mineralnymi niuansami egzotycznych owoców i harmonijnym wspaniałym zapachu i zamyka się z niezwykłą pełnią i krągłością smaku. Vermentino 25% Trebbiano 25% Malvasia 30% Sauv Blanc 20% - winifikowane w kadziach stalowych.;65,00 zł;https://dobrewina.pl/1712-large_default/barbanera-gigino-80-igt-bianco-toscana-075l.jpg;N/A;Włochy;Toskania;Sauvignon Blanc, Malvasia, Vermentino, Trebbiano;Spokojne;Wytrawne;N/A;Sery, Ryby, Owoce morza;https://dobrewina.pl/wino-biale/3701-barbanera-gigino-80-igt-bianco-toscana-075l-8009307072675.html
8009307073474;Barbanera Campopietro Sangiovese vinificato in Bianco Toscana IGT;Wina | Wytrawność | Wytrawne | Rodzaj | Wino białe | dojrzałe i aksamitne | Cena | 60,01 - 100,00 zł | Kraj | Włochy | Top 10 win - ranking;Zobacz film Wino o lśniącym słomkowożółtym kolorze. Wino z niebiskich winogron Sangiovese winifikowane na wino białe. Zapewnia to aromatyczną złożoność z nutami świeżej czarnej wiśni i kwiatu pomarańczy, przechodzącej w nuty pigwy na finiszu. Bogata w smak i mineralność, przyjemnie świeża, harmonijna i lekko pikantna, zamyka się wyraźnie kwiatowym finiszem. Szczególnie nadaje się do białych mięs z owocami cytrusowymi, świeżymi i wędzonymi serami krowimi i owczymi oraz makaronami z jasnymi białymi sosami.;39,90 zł;https://dobrewina.pl/2090-large_default/barbanera-campopietro-sangiovese-vinificato-in-bianco-toscana-igt.jpg;N/A;Włochy;Toskania;Sangiovese;Spokojne;Półwytrawne;N/A;Drób, Przystawki, Sery, Dania Śródziemnomorskie;https://dobrewina.pl/wino-biale/3702-barbanera-campopietro-sangiovese-vinificato-in-bianco-toscana-igt-8009307073474.html
085000024973;Wino czerwone Carnivor Zinfandel kalifornijskie wytrawne 0,75 L;Wina | Wytrawność | Wytrawne | Szczepy | Czerwone | Rodzaj | Wino czerwone | aromatyczne i dojrzałe | Cena | 60,01 - 100,00 zł | Kraj;Carnivor Zinfandel 0,75 L – Mocne, intensywne, pełne charakteru Carnivor Zinfandel to bogate i intensywne czerwone wino wytrawne , stworzone dla miłośników głębokich, aksamitnych i pełnych smaków. Pochodzi z Kalifornii , gdzie szczep Zinfandel dojrzewa w słońcu, nabierając soczystych owocowych aromatów, aksamitnej struktury i subtelnych nut beczkowych . To idealne wino dla tych, którzy cenią moc, elegancję i wyjątkową głębię smaku . Smak i aromat: Aromaty: Dojrzałe jeżyny, śliwki, czarne wiśnie, wanilia, dąb Smak: Bogaty, aksamitny, z nutami czekolady, kawy i czarnego pieprzu Finisz: Długi, intensywny, z subtelnymi taninami i nutą dymu Idealne do: Steków i grillowanych mięs – soczysta wołowina, żeberka, burger Pieczonej i duszonej wieprzowiny – pulled pork, żeberka BBQ Dojrzewających serów – cheddar, gouda, blue cheese Carnivor Zinfandel to wino dla prawdziwych koneserów , które idealnie podkreśli smak mięsnych dań i doda charakteru każdej wyjątkowej chwili. Dodaj do koszyka i rozkoszuj się smakiem pełnym pasji!;66,00 zł;https://dobrewina.pl/1792-large_default/wino-czerwone-carnivor-zinfandel-kalifornijskie-wytrawne-075-l.jpg;N/A;USA;California;Zinfandel;Spokojne;Wytrawne;14,5%;Wołowina, Sery, Wieprzowina, Dziczyzna;https://dobrewina.pl/wino-czerwone/4128-wino-czerwone-carnivor-zinfandel-kalifornijskie-wytrawne-075-l-085000024973.html
3524361521112;Wino różowe Chateau Alouettes Rose Costieres de Nimes AOP francuskie wytrawne 0,75 L;Wina | Wytrawność | Wytrawne | Szczepy | Czerwone | Shiraz/Syrah | Rodzaj | Wino różowe | Cena | 25,01 - 40,00 zł | Kraj | Francja;Château Alouettes Rosé Costières de Nîmes AOP 0,75 L – Eleganckie różowe wino z południa Francji Château Alouettes Rosé to wyjątkowe francuskie różowe wino wytrawne , pochodzące z prestiżowego regionu Costières de Nîmes AOP w Dolinie Rodanu. Stworzone z doskonałej kompozycji lokalnych szczepów winogron, zachwyca świeżością, owocowym charakterem i delikatną mineralnością . To idealne wino na letnie wieczory, spotkania z przyjaciółmi i lekkie posiłki. Smak i aromat: Aromaty: Truskawki, maliny, czerwona porzeczka, delikatne nuty kwiatowe Smak: Świeży, owocowy, z subtelną kwasowością i lekką mineralnością Struktura: Doskonale zbalansowana, z orzeźwiającym finiszem Idealne do: Sałatek i lekkich przekąsek Owoców morza i sushi Świeżych serów – mozzarella, feta, kozi ser Białych mięs i dań z grilla Château Alouettes Rosé Costières de Nîmes AOP to doskonały wybór dla miłośników subtelnych, aromatycznych różowych win . Świetnie sprawdzi się jako aperitif lub towarzysz lekkich, letnich potraw. Zamów już dziś i poczuj smak południowej Francji w kieliszku!;35,00 zł;https://dobrewina.pl/1818-large_default/wino-rozowe-chateau-alouettes-rose-costieres-de-nimes-aop-francuskie-wytrawne-075-l.jpg;N/A;Francja;Doliny Rodanu;Syrah, Grenache;Spokojne;Wytrawne;13%;Orientalne, Samo w sobie, Sushi;https://dobrewina.pl/wino-rozowe/5194-wino-rozowe-chateau-alouettes-rose-costieres-de-nimes-aop-francuskie-wytrawne-075-l-3524361521112.html
3392120000297;Pierres Blanches Classique Chardonnay Pays d'Oc IGP 0,75 L;Wina | Wytrawność | Wytrawne | Szczepy | Białe | Chardonnay | Rodzaj | Wino białe | dojrzałe i aksamitne | Cena | 25,01 - 40,00 zł | Kraj | Francja | Promocje | Okazje miesiąca!;Rośnie na tarasach pokryty gliną aluwialną i wapieniem. Błyszcząca złota szata z zielonymi refleksami. Aromaty moreli i migdałów oraz białych kwiatów. Bez beczki, zrównoważony i świeże usta smakiem moreli, białych porzeczek i szczyptę pieprzu w posmaku. Pić do grilla, smażonej ryby, drobiu oraz sałatek.;29,90 zł;https://dobrewina.pl/1819-large_default/pierres-blanches-classique-chardonnay-pays-d-oc-igp-075-l.jpg;N/A;Francja;Doliny Rodanu;Chardonnay;Spokojne;Wytrawne;13%;Ryby, Dania wegetariańskie, Drób, Przystawki;https://dobrewina.pl/wino-biale/5195-pierres-blanches-classique-chardonnay-pays-d-oc-igp-075-l-3392120000297.html
3524364011146;Domaine du Petit Romain Rouge Costieres de Nimes AOP 0,75 L;Wina | Wytrawność | Wytrawne | Szczepy | Czerwone | Shiraz/Syrah | Rodzaj | Wino czerwone | treściwe i beczkowe | Cena | 40,01 - 60,00 zł | Kraj | Francja;ODMIANY WINOGRON: Syrah 90%, Grenache 10%. Gleba jest bardzo typowy dla apelacji z gładkimi kamieniami ze złóż aluwialnych z Rodanu i Rzeki Durance na podłożu gliniasto-wapiennym. Winogrona zbiera się wtedy, gdy są idealnie dojrzałe. Maceracja trwa 18-20 dni w kontrolowanej temperaturze. Leżakuje w beczce przez 12 miesięcy. Żywy ciemny kolor z refleksami . W nosie wyczuwalne czerwone owoce, aromaty cynamonu i przypraw. Usta są pełne dżemowych czerwonych owoców (truskawka), zaokrąglone i dobrze zbalansowane a na koniec nuty przypraw (wanilia, pieprz). Młode taniny oznaczają, że będzie trwać dość długo. Pasuje do zapiekanek mięsnych i dojrzałych serów. Serwować przy ok. 18°C.;44,00 zł;https://dobrewina.pl/1821-large_default/domaine-du-petit-romain-rouge-costieres-de-nimes-aop-075-l.jpg;N/A;Francja;Doliny Rodanu;Syrah, Grenache;Spokojne;Wytrawne;14%;Wołowina, Sery, Wieprzowina;https://dobrewina.pl/wino-czerwone/5197-domaine-du-petit-romain-rouge-costieres-de-nimes-aop-075-l-3524364011146.html
8437003095368;Pinoso Vergel Blanco Bio DOP Alicante 0,75 L;Wina | Wytrawność | Wytrawne | Szczepy | Białe | Sauvignon Blanc | Rodzaj | Wino białe | świeże i orzeźwiające | Wino wegańskie | Cena | 25,01 - 40,00 zł | Kraj | Hiszpania | Promocje | Wyprzedaż;Zobacz film Hiszpańskie, jakościowe z regionu Alicante, ekologiczne, z ręcznie zbieranych winogron o świcie w wyselekcjonowanych winnicach, o delikatnej barwie ze złocistymi refleksami, aromatyczne (dojrzałe owoce: brzoskwinia, morela, gujawa, białe kwiaty, przyprawy: imbir, biały pieprz, nutka maślana), w smaku krzepkie, pełne, wykwintne, odpowiednie dla wegan.;29,90 zł;https://dobrewina.pl/1834-large_default/pinoso-vergel-blanco-bio-dop-alicante-075-l.jpg;N/A;Hiszpania;Alicante;Sauvignon Blanc, Airen;Spokojne;Wytrawne;13%;Owoce morza, Samo w sobie, Ryby, Drób;https://dobrewina.pl/wino-biale/5231-pinoso-vergel-blanco-bio-dop-alicante-075-l-8437003095368.html
3394210005953;Jaffelin Cremant de Bourgogne Rose Brut 0,75 L;Wina | Wytrawność | Wytrawne | Rodzaj | Wino musujące | Cremant | Cena | 60,01 - 100,00 zł | Kraj | Francja;Delikatna mieszanka 3 burgundzkich odmian winogron (Chardonnay, Gamay, Pinot Noir). Ten Cremant wytwarzany jest tradycyjną metodą z minimalnym leżakowaniem 12 miesięcy. Piękny odcień z niuansami płatków róż. W nosie Cremant ujawnia aromaty kwiatów i świeżych owoców. Na podniebieniu przyjemne i żywe, które otwiera się subtelnymi aromatami czerwonych owoców.;79,90 zł;https://dobrewina.pl/1874-large_default/jaffelin-cremant-de-bourgogne-rose-brut-075-l.jpg;N/A;Francja;Burgundia;Pinot Noir, Chardonnay, Gamay;Musujące;Wytrawne;12%;Ryby, Aperitif, Przystawki, Samo w sobie;https://dobrewina.pl/wino-musujace/5232-jaffelin-cremant-de-bourgogne-rose-brut-075-l-3394210005953.html
8017868003229;Wino czerwone Ca del Moro Fantello Montepulciano d'Abruzzo DOP włoskie wytrawne 0,75 L;Wina | Wytrawność | Wytrawne | Rodzaj | Wino czerwone | aromatyczne i dojrzałe | Cena | 25,01 - 40,00 zł | Kraj | Włochy;Ca' del Moro Fantello Montepulciano d'Abruzzo DOP 0,75 L – Klasyczne włoskie czerwone wino Ca' del Moro Fantello Montepulciano d'Abruzzo DOP to pełne charakteru, włoskie czerwone wino wytrawne , pochodzące z prestiżowego regionu Abruzja . Produkowane ze szczepu Montepulciano , zachwyca intensywnym owocowym bukietem, aksamitną strukturą i subtelnymi nutami przypraw . To idealna propozycja dla miłośników klasycznych, dobrze zbudowanych win włoskich. Smak i aromat: Aromaty: Dojrzałe wiśnie, czarne jagody, śliwki, nuty przypraw i wanilii Smak: Pełne, harmonijne, z aksamitnymi taninami i dobrze zbalansowaną kwasowością Finisz: Długi, z eleganckimi nutami dębowymi Idealne do: Mięs: Wołowina, jagnięcina, pieczone i grillowane mięsa Dań kuchni włoskiej: Pizza, makarony z sosem pomidorowym Dojrzewających serów: Pecorino, parmezan, gorgonzola Ca' del Moro Fantello Montepulciano d'Abruzzo DOP to doskonały wybór na kolację w towarzystwie klasycznych włoskich potraw , a także świetny pomysł na prezent dla miłośników win z charakterem. Dodaj do koszyka i rozkoszuj się smakiem włoskiej tradycji!;37,00 zł;https://dobrewina.pl/1842-large_default/wino-czerwone-ca-del-moro-fantello-montepulciano-d-abruzzo-dop-wloskie-wytrawne-075-l.jpg;N/A;Włochy;Abruzja;Montepulciano d'Abruzzo;Spokojne;Wytrawne;13,5%;Wołowina, Baranina, Wieprzowina, Przystawki;https://dobrewina.pl/wino-czerwone/5238-wino-czerwone-ca-del-moro-fantello-montepulciano-d-abruzzo-dop-wloskie-wytrawne-075-l-8017868003229.html
8017868001669;Negroamaro Otto Nodi Salento IGP 0,75 L;Wina | Wytrawność | Wytrawne | Rodzaj | Wino czerwone | aromatyczne i dojrzałe | Cena | 25,01 - 40,00 zł | Kraj | Włochy | Wina do 30 zł;Wino z szczepu Negroamaro, pochodzące z winnicy na obszarach Salice Salentino i San Donaci, w prowincjach Lecce i Brindisi w Apulii. Po delikatnym wyciśnięciu moszczu i oddzieleniu szypułek winogron, wino przez 10-14 dni fermentuje i maceruje ze skórkami w temperaturze 26°C. Zapewnia to najlepsze wydobycie koloru i garbników, w tym poprzez kilkakrotne przepompowanie wina. Po fermentacji malolaktycznej, wino leżakuje w stalowych zbiornikach przez dalsze co najmniej  6 miesięcy. Głęboka i błyszcząca czerwień. Harmonijny aromat czarnych owoców i śliwek z nutami jałowca i suszonych ziół. Elegancki smak, „łatwy do picia”, z przyjemnymi taninami na finiszu. Najlepiej smakuje z makaronami, pizzą i grillowanym mięsem.;33,00 zł;https://dobrewina.pl/1844-large_default/negroamaro-otto-nodi-salento-igp-075-l.jpg;N/A;Włochy;Puglia;Negroamaro;Spokojne;Wytrawne;13%;Wołowina, Dania Śródziemnomorskie, Wieprzowina;https://dobrewina.pl/wino-czerwone/5240-negroamaro-otto-nodi-salento-igp-075-l-8017868001669.html
8017868003212;Austro Grillo Tre Colonne Sicilia DOP 0.75 L;Wina | Wytrawność | Wytrawne | Rodzaj | Wino białe | świeże i orzeźwiające | Cena | 25,01 - 40,00 zł | Kraj | Włochy | Promocje | Wyprzedaż | Wina do 30 zł;Winogrona szczepu Grillo pochodzące z winnic w rejonie Marsala. Zimna fermentacja w stalowych zbiornikach przez około 15 dni w kontrolowanej temperaturze, co daje wino możliwość nieco macerować na osadzie drożdżowym ora skórek. Po zakończeniu fermentacji wino jest przechowywane w stalowych zbiornikach aż do butelkowania. Jasno słomkowy lekko żółtawy kolor. Elegancki zapach egzotycznych owoców i cytrusów. W ustach miękki, wytrawny i świeży, jednak z przyjemną kwasowością. Najlepiej smakuje z rybami i owocami morza.;24,90 zł;https://dobrewina.pl/1845-large_default/austro-grillo-tre-colonne-sicilia-dop-075-l.jpg;N/A;Włochy;Sycilia;Grillo;Spokojne;Wytrawne;12%;Przystawki, Ryby, Owoce morza;https://dobrewina.pl/wino-biale/5237-austro-grillo-tre-colonne-sicilia-dop-075-l-8017868003212.html
9418076005972;Marlborough Sun Sauvignon Blanc 0,75 L;Wina | Wytrawność | Wytrawne | Szczepy | Białe | Sauvignon Blanc | Rodzaj | Wino białe | świeże i orzeźwiające | Wino wegańskie | Cena | 60,01 - 100,00 zł | Kraj | Top 10 win - ranking;Marlborough położone jest na północnym krańcu Wyspy Południowej, chronione przez wysokie pasma górskie z jednej strony oraz chłodne morza z drugiej. Intensywność nasłonecznienia jest wysoka, intensywność UV jest tu 40% wyższa niż w Loarze, co daje bardziej aromatyczny i mniej kwaśny wyraz. Przy suchym klimacie i chłodnych letnich nocach utrzymuje się kwasowość i świeżość winogron, co zapewnia winom fantastyczną równowagę. Winifikowane wyłącznie w stalowych zbiornikach z chłodną fermentacją. Zapach pełny czerwonych jabłek, marakui i brzoskwini ze świeżymi cytrusowymi nutami grejpfruta i limonki. Smak jest świeży i szczodry marakui, czarny bez i grejpfrut z nutą zielonego migdała.;59,90 zł;https://dobrewina.pl/1880-large_default/marlborough-sun-sauvignon-blanc-075-l.jpg;N/A;Nowa Zelandia;Marlborough;Sauvignon Blanc;Spokojne;Wytrawne;12,5%;Ryby, Dania Śródziemnomorskie, Owoce morza, Samo w sobie;https://dobrewina.pl/wino-biale/5255-marlborough-sun-sauvignon-blanc-075-l-9418076005972.html
3052853075909;Wino musujące Szampan Bollinger Champagne Special Cuvée francuskie wytrawne 0,75 L;Wina | Wytrawność | Wytrawne | Szczepy | Białe | Chardonnay | Rodzaj | Wino musujące | Szampan / Champagne | Cena | powyżej 200 zł | Kraj | Francja | Top 10 win - ranking;Bollinger Champagne Special Cuvée 0,75 L – Klasyka szampana w najlepszym wydaniu Bollinger Champagne Special Cuvée to kwintesencja francuskiego luksusu i elegancji . Produkowany w prestiżowej winnicy Bollinger w Szampanii, ten wyjątkowy trunek zachwyca swoją bogatą strukturą, harmonią smaków oraz niezwykłą finezją bąbelków . Jest doskonałym wyborem na wyjątkowe okazje, celebracje oraz jako prezent dla koneserów. Cechy produktu: Rodzaj: Szampan Brut Pojemność: 0,75 L Kraj: Francja, Szampania Szczepy: 60% Pinot Noir, 25% Chardonnay, 15% Pinot Meunier Dojrzewanie: Częściowo w dębowych beczkach, co nadaje mu wyjątkową głębię Smak i aromat: Smak: Doskonale zbalansowany, z nutami dojrzałych jabłek, brzoskwiń, cytrusów oraz tostowego finiszu z lekką nutą orzechów i miodu Aromat: Elegancki i wyrazisty, z nutami pieczonego jabłka, brzoskwiń, wanilii i prażonych orzechów Perlistość: Subtelna, drobne bąbelki, które długo utrzymują się w kieliszku Idealne do: Owoców morza i sushi – podkreśla delikatność surowych ryb i skorupiaków Dojrzewających serów – doskonale komponuje się z camembertem i parmezanem Białego mięsa – świetnie pasuje do pieczonego drobiu czy cielęciny Toastów i celebracji – idealny wybór na specjalne okazje Bollinger Champagne Special Cuvée to szampan dla wymagających , którzy cenią sobie wyrafinowany smak i najwyższą jakość. Każdy kieliszek to wyjątkowa podróż po aromatach i smakach prestiżowej Szampanii. Dodaj do koszyka i świętuj w wielkim stylu! Szampan Bollinger Champagne Special Cuvée możesz kupić również w naszych sklepach stacjonarnych: Dobre Wina, Warszawa, ul. Wyczółki 46 Dobre Wina, Warszawa, ul. Mickiewicza 30 Dobre Wina, Kraków, ul. Królowej Jadwigi 146;289,00 zł;https://dobrewina.pl/1888-large_default/wino-musujace-bollinger-champagne-special-cuvee-francuskie-wytrawne-075-l.jpg;N/A;Francja;Szampania;Pinot Meunier, Pinot Noir, Chardonnay;Musujące;Wytrawne;12%;Ryby, Aperitif, Drób, Owoce morza, Przystawki;https://dobrewina.pl/wino-musujace/5248-wino-musujace-bollinger-champagne-special-cuvee-francuskie-wytrawne-075-l-3052853075909.html
4009427082183;Noughty Sparkling Rose Non-Alcoholic Thomson & Scott 0,75 L;Wina | Wytrawność | Półwytrawne | Rodzaj | Wina bezalkoholowe | wina bezalkoholowe musujące | Wino różowe | Wino musujące | Cena | 60,01 - 100,00 zł;Noughty Rosé to pierwsze bezalkoholowe wino musujące, które stawia na jakość i przejrzystość. Zarówno wegańskie, niskosłodzone, a zatem niskokaloryczne, jak i wykonane w 100% z organicznych winogron Tempranillo uprawianych na piaszczystej i wapiennej glebie, Noughty Rosé charakteryzuje się świeżością zrównoważoną niuansowymi nutami jagód i lekką słodyczą. Winifikacja odbywa się w stalowych zbiornikach przy minimalnej interwencji. Alkohol usuwa się poprzez destylację próżniową, a następnie do wina dodaje się odpowiednią ilość kwasu węglowego. Produkt końcowy wykazuje finezję zarówno w aromacie, jak i smaku - świeży w nosie z lekką słodyczą i nutami jagód zrównoważonymi delikatną kwasowością.;59,90 zł;https://dobrewina.pl/1904-large_default/noughty-sparkling-rose-non-alcoholic-thomson-scott-075-l.jpg;N/A;UE;N/A;Tempranillo;Musujące;Półwytrawne;0%;Ryby, Aperitif, Desery, Samo w sobie;https://dobrewina.pl/wina-bezalkoholowe/5253-noughty-sparkling-rose-non-alcoholic-thomson-scott-075-l-4009427082183.html
8026856000096;Corte al Passo Primitivo Puglia Diciotto Gradi 18%;Wina | Wytrawność | Delikatnie wytrawne | Szczepy | Czerwone | Primitivo | Rodzaj | Wino czerwone | aromatyczne i dojrzałe | Cena | 60,01 - 100,00 zł | Kraj | Włochy | Wino czerwone Bio 3 Passo Rosso włoskie wytrawne 0,75 L | Wino białe Via Mare Trebbiano-Pinot Grigio Puglia IGT włoskie wytrawne 0,75 L | Sikulo Bianco Tre Colonne Terre Siciliane IGP 0,75 L | Wino białe La Marina Cuvee Oceane IGP francuskie wytrawne 0,75 L | Wino czerwone Via Mare Sangiovese-Primitivo Puglia IGT włoskie wytrawne 0,75 L | Wino białe Pavillon Des 3 Arches Chardonnay IGP francuskie wytrawne 0,75 L | Marlborough Sun Sauvignon Blanc 0,75 L | Wino czerwone Amarone della Valpolicella Centenero DOCG włoskie półwytrawne 0,75 L | Baccolo Bianco Puglia IGT 0,75 L | Sikulo Rosso Tre Colonne Terre Siciliane IGP 0,75 L;18% zawartości alkoholu Primitivo 18 Gradi poszerza granice winiarskiego świata. W intensywnym słońcu Apulii Borgo al Passo pozostawia winogrona do wysuszenia na winorośli a następnie ręcznie zbiera wyjątkowo dojrzałe winogrona. Po wytłoczeniu winogron moszcz fermentuje w niskich temperaturach aż do 60 dni i przy pomocy specjalnie dobranych rodzajów drożdży osiąga aż 18%. Końcowe wino zachwyca recenzentów ogromną mocą i pełnią. Wino o głębokim smaku, przepełnione dojrzałymi ciemnymi jagodami, prażonymi orzechami włoskimi, marmoladą z suszonych śliwek, ciemną czekoladą i cynamonem. Wino, którego struktura i dobrze zbilansowana kwasowość pozwalają mu towarzyszyć długo gotowanym daniom lub dobremu kawałkowi mięsa.;66,00 zł;https://dobrewina.pl/1951-large_default/corte-al-passo-primitivo-puglia-diciotto-gradi-18.jpg;N/A;Włochy;Puglia;Primitivo;Spokojne;Wytrawne;18%;Wołowina, Baranina, Wieprzowina, Samo w sobie;https://dobrewina.pl/wino-czerwone/5269-corte-al-passo-primitivo-puglia-diciotto-gradi-18-8026856000096.html
3185370729960;Wino musujące Szampan Moet & Chandon Brut Imperial francuskie wytrawne 0,75 L;Wina | Wytrawność | Wytrawne | Rodzaj | Wino musujące | Szampan / Champagne | Cena | powyżej 200 zł | Kraj | Francja;Moët & Chandon Brut Impérial 0,75 L – Ikona szampanów Moët & Chandon Brut Impérial to najbardziej rozpoznawalny szampan na świecie , będący symbolem luksusu, elegancji i doskonałej jakości. Produkowany w słynnym regionie Szampanii we Francji, łączy w sobie trzy klasyczne szczepy: Pinot Noir, Pinot Meunier i Chardonnay , tworząc harmonijną kompozycję smaków i aromatów. Smak i aromat: Aromaty: Zielone jabłko, cytrusy, białe kwiaty, subtelne nuty brioche i orzechów Smak: Świeży, elegancki, z doskonałym balansem między owocową lekkością a kremową strukturą Musowanie: Delikatne, długotrwałe, z aksamitnymi bąbelkami Idealne na specjalne okazje: Świętowanie: Urodziny, rocznice, Sylwester, sukcesy zawodowe Aperitif: Doskonały jako elegancki początek wieczoru Do jedzenia: Owoce morza, sushi, lekkie przystawki, sery pleśniowe Moët & Chandon Brut Impérial to synonim klasy i prestiżu , który zachwyci zarówno koneserów, jak i tych, którzy dopiero zaczynają swoją przygodę z szampanami. Jego wyjątkowy charakter sprawia, że każda chwila staje się wyjątkowa. Zamów już dziś i świętuj z kieliszkiem doskonałego szampana!;279,00 zł;https://dobrewina.pl/1956-large_default/moet-chandon-brut-imperial-075-l.jpg;N/A;Francja;Burgundia;Pinot Meunier;Musujące;Wytrawne;12%;Ryby, Aperitif, Owoce morza, Przystawki, Samo w sobie;https://dobrewina.pl/wino-musujace/5305-moet-chandon-brut-imperial-075-l-3185370729960.html
4002569002286;Schmitt Sohne Gewurztraminer Rheinhessen 0,75 L;Wina | Wytrawność | Półwytrawne | Rodzaj | Wino białe | dojrzałe i aksamitne | Cena | 40,01 - 60,00 zł | Kraj;Produkowane wyłącznie z najlepszych winogron, jest to wino wysokiej jakości w atrakcyjnej cenie. Winogrona przeznaczone na to wino uprawiane są w wybranych winnicach w regionie Rheinhessen w Niemczech, znanym również jako „Kraina 1000 wzgórz” z niezliczonymi wzgórzami pokrytymi winnicami, wzdłuż rzeki Ren. Z zróżnicowanym podglebiem złożonym z łupków, wapienia i glina, dzięki temu powstają wina regionalne o różnym charakterze. Znana jako jeden z najcieplejszych regionów winiarskich w Niemczech, Hesja Nadreńska jest idealna do osiągnięcia doskonałego dojrzewania winogron, a tym samym win o charakterze owocowym. Pikantny w swoim wyrazie, ten Gewürztraminer jest pełen nut liczi i mango z lekko pikantnymi nutami imbiru i skórki pomarańczowej. Smak jest bogaty i zrównoważony z nutami owoców tropikalnych z długim, świeżym finiszem. Doskonały jako aperitif, na tarasie lub do lekkich dań takich jak sałatki, biała ryba.;39,90 zł;https://dobrewina.pl/1959-large_default/schmitt-sohne-gewurztraminer-rheinhessen-075-l.jpg;N/A;Niemcy;Ren;Gewurztraminer;Spokojne;Półwytrawne;11,5%;Ryby, Aperitif, Orientalne, Przystawki, Samo w sobie;https://dobrewina.pl/wino-biale/5308-schmitt-sohne-gewurztraminer-rheinhessen-075-l-4002569002286.html
7804314946725;Viu Manent Chardonnay Reserva Colchagua 0,75 L;Wina | Wytrawność | Wytrawne | Szczepy | Białe | Chardonnay | Rodzaj | Wino białe | dojrzałe i aksamitne | Cena | 40,01 - 60,00 zł | Kraj | Chile;Chardonnay Viu Manent to wyjątkowe białe wino, które zachwyca bogatym bukietem kwiatów i owoców. Jego smak jest niezwykle bogaty, pełen doskonałych owocowych aromatów, a jednocześnie zachowuje świeżość w eleganckim finiszu. To prawdziwy sukces, który przyciąga wielu miłośników wina, wracających do niego znów i znów, aby cieszyć się jego wyjątkowym smakiem i aromatem. Viu Manent to wiodąca winiarnia w Chile, zajmująca czołowe miejsce wśród pierwszych 50 najlepszych winnic na świecie.;39,90 zł;https://dobrewina.pl/1960-large_default/viu-manent-chardonnay-reserva-colchagua-075-l.jpg;N/A;Chile;Colchagua;Chardonnay;Spokojne;Wytrawne;14%;Ryby, Dania wegetariańskie, Drób, Owoce morza, Przystawki;https://dobrewina.pl/wino-biale/5309-viu-manent-chardonnay-reserva-colchagua-075-l-7804314946725.html
3296810112584;Chassenay D'Arce Champagne Selection Brut 0,75 L;Wina | Wytrawność | Wytrawne | Szczepy | Białe | Chardonnay | Rodzaj | Wino musujące | Szampan / Champagne | Cena | 100,01 - 200,00 zł | Kraj | Francja | Wina na wesele;Pinot Noir nadaje strukturę i moc temu szczeremu i spontanicznemu Champagne. Powstało z około 89% Pinot Noir, 8% Chardonnay i 3% Pinot Meunier. Tradycyjna winifikacja w termoregulowanych kadziach ze stali nierdzewnej. Częściowe zablokowanie fermentacji jabłkowo-mlekowej. 4 lata starzenia w butelkach na osadzie. Kolor to piękne szare złoto, bąbelki są dość obfite. W nosie pojawiają się żółte i białe owoce, nuty pasty migdałowej i przypraw. W ustach pełne i owocowe. Idealne jako aperitif.;139,00 zł;https://dobrewina.pl/1977-large_default/wino-musujace-szampan-chassenay-d-arce-champagne-selection-brut-wytrawne-075-l.jpg;N/A;Francja;Burgundia;Pinot Meunier, Pinot Noir, Chardonnay;Musujące;Wytrawne;N/A;Aperitif, Owoce morza, Przystawki, Samo w sobie;https://dobrewina.pl/wino-musujace/5321-wino-musujace-szampan-chassenay-d-arce-champagne-selection-brut-wytrawne-075-l-3296810112584.html
3392120000440;Pierres Blanches Classique Viognier Pays d'Oc IGP 0,75 L;Wina | Wytrawność | Wytrawne | Rodzaj | Wino białe | dojrzałe i aksamitne | Cena | 40,01 - 60,00 zł | Kraj | Francja | Promocje | Wyprzedaż;Na południu Francji, 10 km od rzymskiego miasta Nîmes. Starożytny taras pokryty koluwium gliniasto-wapiennym. Wysokość: 50 do 80 metrów. Wiek winorośli: minimum 15 lat. Głęboko żółty kolor z zielonkawymi odcieniami. Nos utrzymuje się na nutach owocowych (dzika brzoskwinia i morela) oraz niuansach białych kwiatów. Na podniebieniu harmonijne i oleiste, owocowe z nutami miodu.;34,90 zł;https://dobrewina.pl/1988-large_default/pierres-blanches-classique-viognier-pays-d-oc-igp-075-l.jpg;N/A;Francja;Langwedocja;Viognier;Spokojne;Wytrawne;12,5%;Ryby, Drób, Owoce morza, Przystawki, Samo w sobie;https://dobrewina.pl/wino-biale/5337-pierres-blanches-classique-viognier-pays-d-oc-igp-075-l-3392120000440.html
l;Chateau Haut-Brisson Lagrave 2018 Grand Cru Saint Emilion AOC 0,75 L;Wina | Wytrawność | Delikatnie wytrawne | Wytrawne | Szczepy | Białe | Chardonnay | Czerwone | Primitivo | Shiraz/Syrah | Cabernet Sauvignon | Sangiovese | Merlot | Rodzaj | Wino białe | dojrzałe i aksamitne | świeże i orzeźwiające | wyraziste i skoncentrowane | Wino czerwone | aromatyczne i dojrzałe | treściwe i beczkowe | Wino różowe | Wino musujące | Cava | Wino wegańskie | Nowości | Wina ekologiczne i organiczne | Wina zrównoważone | Cena | 25,01 - 40,00 zł | 40,01 - 60,00 zł | 100,01 - 200,00 zł | powyżej 200 zł | Kraj | Chile | Francja | Chablis | Bordeaux/Medoc | Pomerol | Saint-Emilion | Hiszpania | Włochy | Top 10 win - ranking | Promocje | Okazje miesiąca! | Wina na wesele;Wino czerwone Chateau Haut-Brisson Lagrave 2018 Grand Cru Saint Emilion AOC to prawdziwa perełka w świecie win z regionu Bordeaux. To wyjątkowe wino, które zachwyca swoją elegancją i kompleksowością. Chateau Haut-Brisson Lagrave 2018 Grand Cru Saint Emilion AOC to doskonały wybór dla miłośników wysokiej jakości win czerwonych. Jego bogaty bukiet aromatyczny składa się z nut owocowych, przyprawowych i delikatnych nut drewna. W ustach prezentuje się harmonijnie, z subtelnymi taninami i długim, intensywnym finiszem. To wino doskonale sprawdzi się podczas eleganckich kolacji czy specjalnych okazji, gdzie chcesz podkreślić swój gust i klasykę. Chateau Haut-Brisson Lagrave 2018 Grand Cru Saint Emilion AOC to propozycja dla osób ceniących wyrafinowany smak i niepowtarzalny charakter wina z najwyższej półki. Zapraszamy do odkrycia tej wyjątkowej butelki i delektowania się jej niezwykłym smakiem oraz aromatem.;99,90 zł;https://dobrewina.pl/1993-large_default/wino-czerwone-chateau-haut-brisson-lagrave-2018-grand-cru-saint-emilion-aoc-francuskie-wytrawne-075-l.jpg;N/A;Francja;Bordeaux;Merlot, Cabernet Franc;Spokojne;Wytrawne;14%;Wołowina, Baranina, Wieprzowina, Dziczyzna;https://dobrewina.pl/wino-czerwone/5340-wino-czerwone-chateau-haut-brisson-lagrave-2018-grand-cru-saint-emilion-aoc-francuskie-wytrawne-075-l.html
8009307013630;Barbanera Aglianico-Primitivo Puglia IGT 0,75 L;Wina | Wytrawność | Delikatnie wytrawne | Szczepy | Czerwone | Primitivo | Rodzaj | Wino czerwone | aromatyczne i dojrzałe | Cena | 40,01 - 60,00 zł | Kraj | Włochy;Fioletowe refleksy tego wina pokrywają się z czerwoną bazą pełną dobrej konsystencji i struktury. Odsłania w nosie intensywne aromaty małych czarnych owoców z delikatnymi nutami kwiatowymi, które mieszają się z równie miękkimi słodkimi przyprawami. Smak jest pełny, trwały i aksamitny. Idealnie komponuje się z daniami na bazie czerwonych mięs oraz serami pół dojrzałymi i dojrzałymi.;37,00 zł;https://dobrewina.pl/1999-large_default/barbanera-aglianico-primitivo-puglia-igt-075-l.jpg;N/A;Włochy;Puglia;Primitivo, Aglianico;Spokojne;Lekko wytrawne;N/A;Wołowina, Sery, Baranina, Wieprzowina;https://dobrewina.pl/wino-czerwone/5351-barbanera-aglianico-primitivo-puglia-igt-075-l-8009307013630.html
8007531004127;Morando Fragolino Rosso 0,75 L;Wina | Wytrawność | Półsłodkie | Rodzaj | Wino musujące | Fragolino | Cena | 25,01 - 40,00 zł | Kraj | Włochy | Wina do 30 zł;Idealne jako aperitif Fragolino z winnicy Morando produkowane jest z aromatycznych czerwonych winogron, z naturalnymi aromatami i sokami. Wino Fragolino otrzymywane jest w drodze naturalnej fermentacji w autoklawach, z rafinacją w stalowych zbiornikach. Fragolino z winnicy Morando opiera się na starożytnym winie wytwarzanym z aromatycznych czerwonych winogron, szczególnie rozpowszechnionych w północnych Włoszech, z naturalnymi aromatami i soki. Ponadto można go również wykorzystać jako bazę do przygotowania doskonałych koktajli.;25,00 zł;https://dobrewina.pl/2018-large_default/morando-fragolino-rosso-075-l.jpg;N/A;Włochy;N/A;N/A;Musujące;Półsłodkie;7,5%;Aperitif, Desery, Samo w sobie;https://dobrewina.pl/wino-musujace/5355-morando-fragolino-rosso-075-l-8007531004127.html
8007531009498;Morando Pesca Spumante 0,75 L;Wina | Wytrawność | Półsłodkie | Rodzaj | Wino musujące | Cena | 25,01 - 40,00 zł | Wina do 30 zł;Morando Bianca Pesca jest aromatyzowanym napojem, który wniesie magię włoskiego lata prosto do Twojej szklanki. Wyprodukowane w słynnym regionie winiarskim Veneto, to pyszne połączenie klasycznego białego wina z bogatą esencją słodkich brzoskwiń ucieleśnia idealną równowagę pomiędzy tradycją a nowoczesnym smakiem. Świeże i pełne, ze zrównoważoną słodką nutą, wino to jest idealne do orzeźwienia w ciepłe dni. Poleca się podawać schłodzone jako aperitif lub jako uzupełnienie lekkich posiłków, takich jak sałatki owocowe czy lekkie desery.;25,00 zł;https://dobrewina.pl/2019-large_default/morando-pesca-spumante-075-l.jpg;N/A;Włochy;Veneto;N/A;Musujące;Półsłodkie;7,5%;Aperitif, Desery, Samo w sobie;https://dobrewina.pl/wino-musujace/5357-morando-pesca-spumante-075-l-8007531009498.html
8008900008432;De Conti Appassimento Rosso Puglia IGT 0,75 L;Wina | Wytrawność | Delikatnie wytrawne | Szczepy | Czerwone | Primitivo | Rodzaj | Wino czerwone | aromatyczne i dojrzałe | Appassimento | Cena | 40,01 - 60,00 zł | Kraj | Włochy;W kieliszku pięknie ciemna purpura. Zapach przyjemny, bogaty, ciepły z lekką rześkością - dużo śliwek, czekolady, lukrecji, trochę masła i orzechów. Smak znów jest przyjemny i bogaty z dużą ilością czarnych czerwonych jagód, czekolady, lukrecji pieprzu i wanilii. Taniny i kwasowość zrównoważona i łagodna – wystarczająco do zapewnienia wina kręgosłupa. Pyszny ciepły posmak. Naprawdę dobre treściwe wino z dużą ilością lubianego południowo-włoskiego klimatu.;39,90 zł;https://dobrewina.pl/2025-large_default/de-conti-appassimento-rosso-puglia-igt-075-l.jpg;N/A;Włochy;Puglia;Primitivo, Negroamaro;Spokojne;Lekko wytrawne;14,5%;Sery, Wieprzowina, Dziczyzna, Samo w sobie;https://dobrewina.pl/wino-czerwone/5363-de-conti-appassimento-rosso-puglia-igt-075-l-8008900008432.html
8033976810078;Brunello di Montalcino Bio Cordella 0,75 L;Wina | Wytrawność | Wytrawne | Szczepy | Czerwone | Rodzaj | Wino czerwone | treściwe i beczkowe | Cena | 100,01 - 200,00 zł | Kraj | Włochy | Brunello | Promocje | Okazje miesiąca!;Wino Brunello di Montalcino Bio Cordella 2018 - Wyjątkowe Włoskie Czerwone Wytrawne Wino Brunello di Montalcino Bio Cordella z rocznika 2018 to prawdziwa perełka wśród włoskich win . Jego wyjątkowy charakter i bogaty smak sprawiają, że jest idealnym wyborem dla miłośników czerwonych win wytrawnych . Pochodzące z malowniczej Toskanii , to wino zdobywa serca koneserów na całym świecie. Brunello di Montalcino Bio Cordella to wino organiczne , co oznacza, że jego produkcja odbywa się zgodnie z zasadami ekologicznego rolnictwa. W procesie uprawy winorośli nie stosuje się sztucznych nawozów ani pestycydów, co wpływa na czystość smaku i aromatu tego trunku. W skład tego wyjątkowego wina wchodzi przede wszystkim szczep Sangiovese , który nadaje mu charakterystyczną strukturę oraz głębię smaku. Dzięki starannemu doborowi owoców oraz długiemu okresowi dojrzewania w dębowych beczkach, Brunello di Montalcino Bio Cordella oferuje bogate nuty owocowe, przyprawowe oraz delikatne akcenty wanilii. Aromaty i Smak wina Brunello di Montalcino Bio Cordella 2018 Już przy pierwszym łyku poczujesz intensywność dojrzałych wiśni oraz śliwek, które harmonijnie przeplatają się z nutami skóry i tytoniu. Dodatkowo, subtelna kwasowość sprawia, że wino jest niezwykle świeże i pełne życia. Długi finisz pozostawia niezatarte wrażenie na podniebieniu. W ustach czuć wyraźną strukturę tanin, które są jednocześnie aksamitne i mocne. Dzięki starzeniu w drewnie wino zyskuje na złożoności, a jego finisz jest długi i satysfakcjonujący. To idealny wybór dla miłośników intensywnych czerwonych win o wyrazistym charakterze. Z czym łączymy wino Brunello di Montalcino Bio Cordella 2018 Brunello di Montalcino Bio Cordella doskonale komponuje się z różnorodnymi potrawami, co czyni go uniwersalnym towarzyszem wielu dań. Jego pełnia smaku sprawia, że świetnie pasuje do czerwonych mięs – zarówno grillowanych steków, jak i duszonej wołowiny czy jagnięciny. Nie bój się zestawić go także z dziczyzną lub aromatycznymi daniami na bazie sosów pomidorowych. Doskonałym uzupełnieniem tego wina będą również twarde sery dojrzewające, takie jak Parmigiano-Reggiano czy Pecorino. Jeśli planujesz romantyczną kolację lub spotkanie ze znajomymi przy stole, Brunello di Montalcino Bio Cordella będzie strzałem w dziesiątkę! Połączenie jego wyrazistego smaku z odpowiednimi potrawami stworzy niezapomniane doznania kulinarno-winiarskie. Dlaczego warto wybrać Wino Brunello di Montalcino Bio Cordella? Decydując się na zakup tego wyjątkowego wina, wspierasz nie tylko jakość i tradycję włoskiego rzemiosła winarskiego, ale także ekologiczną produkcję. Brunello di Montalcino Bio Cordella to nie tylko napój – to doświadczenie smakowe, które przeniesie Cię prosto do serca Toskanii . Zamów już dziś butelkę tego znakomitego wina o pojemności 0,75L i delektuj się jego wyjątkowym smakiem!;109,00 zł;https://dobrewina.pl/2027-large_default/wino-brunello-di-montalcino-bio-cordella-wloskie-czerwone-wytrawne-2018-075l.jpg;N/A;Włochy;Toskania;Sangiovese;Spokojne;Wytrawne;14,5%;Wołowina, Sery, Baranina, Wieprzowina, Dziczyzna;https://dobrewina.pl/wino-czerwone/5369-wino-brunello-di-montalcino-bio-cordella-wloskie-czerwone-wytrawne-2018-075l-8033976810078.html
5706579439818;Wino czerwone Chateauneuf-du-Pape Domaine Tour Saint Michel francuskie wytrawne 0,75 L;Wina | Wytrawność | Wytrawne | Szczepy | Czerwone | Shiraz/Syrah | Grenache Noir | Rodzaj | Wino czerwone | treściwe i beczkowe | Cena | 100,01 - 200,00 zł | Kraj | Francja | Chateauneuf-du-Pape;"Châteauneuf-du-Pape Domaine Tour Saint Michel 0,75 L – wyjątkowe wino z serca Doliny Rodanu Châteauneuf-du-Pape Domaine Tour Saint Michel to wytrawne francuskie wino czerwone z jednej z najbardziej prestiżowych apelacji w Dolinie Rodanu. Winnica Tour Saint Michel, prowadzona przez rodzinę Fabre od pokoleń, słynie z produkcji pełnych, eleganckich win o intensywnym smaku i aromacie . Smak i aromat: Smak: Pełny, bogaty, z dominującymi nutami dojrzałych owoców leśnych, czarnych wiśni i śliwek, przeplatanymi akcentami przypraw, skóry i dębu Aromat: Intensywny, z nutami czarnych owoców, lukrecji, pieprzu i suszonych ziół prowansalskich Finisz: Długi, aksamitny i dobrze zbalansowany Idealne do: Mięsa czerwonego – świetnie komponuje się z wołowiną, jagnięciną i dziczyzną Dojrzewających serów – pasuje do intensywnych, aromatycznych serów Kuchni śródziemnomorskiej – idealne do dań z grilla, ratatouille i gulaszów Châteauneuf-du-Pape Domaine Tour Saint Michel to klasyka Doliny Rodanu , ceniona przez koneserów i miłośników intensywnych, dobrze zbudowanych win. Doskonałe zarówno do natychmiastowej degustacji, jak i do dłuższego leżakowania. Dodaj do koszyka i odkryj smak wielkiego wina! Château du Pape Domaine Tour Saint Michel to nie tylko napój; to doświadczenie kulinarno-winne, które warto celebrować przy każdej okazji!";109,00 zł;https://dobrewina.pl/2272-large_default/chateauneuf-du-pape-domaine-tour-saint-michel-075-l.jpg;N/A;Francja;Doliny Rodanu;Syrah, Grenache;Spokojne;Wytrawne;15,5%;Wołowina, Sery, Baranina, Wieprzowina, Dziczyzna;https://dobrewina.pl/wino-czerwone/5364-chateauneuf-du-pape-domaine-tour-saint-michel-075-l-5706579439818.html
8033976810122;Rosso di Montalcino Cordella Eco 0,75 L;Wina | Wytrawność | Wytrawne | Rodzaj | Wino czerwone | treściwe i beczkowe | Cena | 60,01 - 100,00 zł | Kraj | Włochy;Organiczny Rosso di Montalcino pochodzący z winnicy rodziny Cordella, usytuowanej w malowniczym Montalcino. Rodzina pielęgnuje tradycyjne podejście do produkcji wina, dbając o swoje pola zgodnie z długoletnią praktyką pracy ręcznej. Winogrona używane do stworzenia tego Rosso di Montalcino pochodzą z winorośli o wieku od 25 do 35 lat, rosnących w południowej części Montalcino. Wino prezentuje głęboką rubinową czerwień oraz zachwycający aromat świeżych leśnych jagód. Owocowe nuty doskonale współgrają z elegancką strukturą taninową. To wino stanowi oczywisty wybór do towarzyszenia tradycyjnym daniom z makaronu, takim jak dania mięsne, z drobiem, cielęciną czy risotto. Doskonale komponuje się również z potrawami z grzybów i trufli.;59,90 zł;https://dobrewina.pl/2036-large_default/rosso-di-montalcino-cordella-eco-075-l.jpg;N/A;Włochy;Toskania;Sangiovese;Spokojne;Wytrawne;13,5%;Wołowina, Sery, Baranina, Wieprzowina;https://dobrewina.pl/wino-czerwone/5368-rosso-di-montalcino-cordella-eco-075-l-8033976810122.html
3340060591009;Cotes-du-Rhone Blanc Vidal-Fleury 0,75 L;Wina | Wytrawność | Wytrawne | Szczepy | Białe | Rodzaj | Wino białe | dojrzałe i aksamitne | Cena | 40,01 - 60,00 zł | Kraj | Francja | Wina na wesele;Vidal-Fleury Côtes du Rhône Blanc składa się w 75% z Viognier i 25% Grenache Blanc. To białe wino z regionu winiarskiego Rodanu we Francji ma bladożółty kolor. Ma intensywny bukiet oferujący aromaty moreli i melona, ​​ wraz z niuansami suszonych owoc ó w, takich jak migda ł y i kwiatowymi nutami akacji. Bia ł e wytrawne wino rozpieszcza podniebienie ż yw ą ś wie ż o ś ci ą , owocowo ś ci ą i stale obecn ą kwasowo ś ci ą , podtrzymuj ą c ą aromatyczne nuty owoc ó w. Jego wyko ń czenie jest ś wie ż e i cudownie trwa ł e. Vidal-Fleury Côtes du Rhône Blanc idealnie nadaje się do samodzielnego delektowania się w ciepły letni dzień. Stanowi także doskonały dodatek do przystawek lub dań lekko smażonych.;49,90 zł;https://dobrewina.pl/2049-large_default/cotes-du-rhone-blanc-vidal-fleury-075-l.jpg;N/A;Francja;Doliny Rodanu;Viognier, Grenache Blanc;Spokojne;Wytrawne;13%;Ryby, Aperitif, Przystawki, Samo w sobie;https://dobrewina.pl/wino-biale/5384-cotes-du-rhone-blanc-vidal-fleury-075-l-3340060591009.html
3760069408724;Closerie de Vaudieu Chateauneuf-du-Pape 0,75 L;Wina | Wytrawność | Wytrawne | Szczepy | Czerwone | Shiraz/Syrah | Rodzaj | Wino czerwone | treściwe i beczkowe | Nowości | Cena | 100,01 - 200,00 zł | Kraj | Francja | Chateauneuf-du-Pape;Closerie de Vaudieu to piękny Châteauneuf-du-Pape wykonany z młodych winorośli Château Vaudieu. Wino ma ładny bukiet owocowy z dużą ilością czarnych porzeczek i przypraw, pełny i typowo odważny smak Châteauneuf z delikatną owocową słodyczą, a finisz jest miękki i bardzo przyjemny.;119,00 zł;https://dobrewina.pl/2052-large_default/closerie-de-vaudieu-chateauneuf-du-pape-075-l.jpg;N/A;Francja;Doliny Rodanu;Syrah, Mourvedre, Grenache;Spokojne;Wytrawne;15%;Wołowina, Baranina, Wieprzowina, Dziczyzna;https://dobrewina.pl/wino-czerwone/5390-closerie-de-vaudieu-chateauneuf-du-pape-075-l-3760069408724.html
3770016450027;Champagne Douard Christian Rose Brut 0,75 L;Wina | Wytrawność | Wytrawne | Rodzaj | Wino musujące | Szampan / Champagne | Cena | 100,01 - 200,00 zł | Kraj | Francja;To cuvée jest złożone i eleganckie w swoim wyrazie, wykonane z Pinot Noir i Pinot Meunier, które wnoszą do wina lekkie i świeże nuty. Winogrona pochodzą z 30-letnich winorośli posadzonych na glebach gliniastych i wapiennych na zboczach wzgórz w sercu doliny Marny w Szampanii. Wino fermentuje w zbiornikach ze stali nierdzewnej w niskiej temperaturze, aby zachować świeżość wina, a następnie dojrzewa przez minimum 3 lata. W kieliszku jasnoróżowe z drobnymi, regularnymi bąbelkami. Złożony w aromacie z nutami lekko kandyzowanych czerwonych owoców, takich jak truskawki. Smak jest świeży z przyjemną równowagą, przyjemną świeżością i okrągłością z nutami czerwonych jagód, które są równoważone przyjemną, mineralną kwasowością, która nadaje winu charakterystyczną świeżość. Idealne jako aperitif lub do lekkich dań z pieczonym drobiem, rybą lub jako deser.;149,00 zł;https://dobrewina.pl/2053-large_default/wino-musujace-szampan-champagne-douard-christian-rose-brut-wytrawne-075-l.jpg;N/A;Francja;Szampania;Pinot Noir, Pinot Meunier;Musujące;Wytrawne;12%;Przystawki, Samo w sobie, Aperitif, Drób, Owoce morza;https://dobrewina.pl/wino-musujace/5391-wino-musujace-szampan-champagne-douard-christian-rose-brut-wytrawne-075-l-3770016450027.html
9418076001431;Marlborough Sun Pinot Gris 0,75 L;Wina | Wytrawność | Wytrawne | Szczepy | Białe | Rodzaj | Wino białe | świeże i orzeźwiające | Nowości | Cena | 60,01 - 100,00 zł | Kraj | Nowa Zelandia | Promocje | Okazje miesiąca!;Owocowe i świeże białe z Marlborough Sun z Nowej Zelandii, wykonane z Pinot Gris. Świeże w wyrazie z dojrzewającymi w słońcu nutami owoców pestkowych i doskonałą równowagą. Pinot Gris w wykwintnej wersji, której trzeba spróbować. Marlborough Sun Pinot Gris produkowane jest w 100% z winogron Pinot Gris uprawianych w wybranych winnicach w dolinach Wairau i Watere w Marlborough. Winogrona zbierane są wcześnie rano, transportowane do winnicy i tłoczone. Sok poddawany jest chłodnej fermentacji w zbiornikach ze stali nierdzewnej, aby zachować jak najwięcej pierwotnych nut i świeżości. Złociste w kieliszku. Aromat jest z nutami melona, ​​ brzoskwini i marakui. Smak jest bogaty i kremowy z nutami dojrzewaj ą cej w s ł o ń cu gruszki, brzoskwini i sk ó rki sycylijskiej cytryny z przyjemn ą , pyszn ą kwasowo ś ci ą , kt ó ra utrzymuje si ę w d ł ugim i ś wie ż ym posmaku. Idealne jako aperitif, na tarasie lub do da ń z t ł ustych ryb, owoc ó w morza, drobiu, makaron ó w ze ś mietan ą , risotto, warzyw, grilla itp.;55,00 zł;https://dobrewina.pl/2056-large_default/marlborough-sun-pinot-gris-075-l.jpg;N/A;Nowa Zelandia;Marlborough;Pinot Gris;Spokojne;Wytrawne;12,5%;Ryby, Aperitif, Drób, Owoce morza, Samo w sobie;https://dobrewina.pl/wino-biale/5394-marlborough-sun-pinot-gris-075-l-9418076001431.html
8002579979130;Barolo Cantina Terre del Barolo 2019 0,75 L;Wina | Wytrawność | Wytrawne | Szczepy | Czerwone | Rodzaj | Wino czerwone | treściwe i beczkowe | Cena | 100,01 - 200,00 zł | Kraj | Włochy | Barolo;Pyszne Barolo o intensywnym aromacie czerwonych jagód, trufli i cedru. Wino ma intensywny aromat czerwonych jagód, odrobiny trufli i cedru. Smak łączy moc ze złożonością i finezją. Wino jest gotowe do spożycia już teraz i przez 5 lat, w optymalnych warunkach przechowywania może być przechowywane dłużej.;99,90 zł;https://dobrewina.pl/2065-large_default/wino-barolo-cantina-terre-del-barolo-2019-wloskie-czerwone-wytrawne-075-l.jpg;N/A;Włochy;Piemonte;Nebbiolo;Spokojne;Wytrawne;14%;Wołowina, Baranina, Wieprzowina, Drób, Dziczyzna;https://dobrewina.pl/wino-czerwone/5403-wino-barolo-cantina-terre-del-barolo-2019-wloskie-czerwone-wytrawne-075-l-8002579979130.html
8006097000345;Wino czerwone Brunello di Montalcino Camigliano Eco 2019 włoskie wytrawne 0,75 L;Wina | Wytrawność | Wytrawne | Szczepy | Czerwone | Rodzaj | Wino czerwone | treściwe i beczkowe | Nowości | Wina ekologiczne i organiczne | Cena | 100,01 - 200,00 zł | Kraj | Włochy | Brunello;Brunello di Montalcino Camigliano Eco 2017 0,75 L – Włoska klasyka w najlepszym wydaniu Brunello di Montalcino Camigliano Eco 2017 to wspaniałe wino czerwone , które pochodzi z serca Toskanii, jednego z najbardziej renomowanych regionów winiarskich na świecie. Wykonane w 100% z winogron Sangiovese , to wino reprezentuje pełnię toskańskiego charakteru – pełne, złożone i z wyraźnym akcentem owoców i przypraw. Proces dojrzewania w drewnianych beczkach nadaje mu wyjątkową głębię i subtelną elegancję. Smak i aromat: Smak: Pełne, z wyraźnymi nutami ciemnych owoców (czarne jagody, śliwki) oraz subtelnymi przyprawami i akcentami dębu. Doskonale zrównoważone z wyrazistą, lecz miękką taniną. Aromat: Bogaty i złożony, z nutami owoców leśnych, skóry, suszonych ziół oraz lekką pikantnością. Finisz: Długi, gładki, z delikatną nutą dębu i owoców. Idealne do: Mięsa czerwonego – idealne do steków, dziczyzny, wołowiny w sosie Serów dojrzewających – doskonałe z twardymi serami, takimi jak pecorino, parmezan czy grana padano Past z mięsem – świetne do klasycznych włoskich past z ragù czy lasagni Samodzielnie – doskonałe do picia solo w towarzystwie przyjaciół lub podczas eleganckich kolacji Brunello di Montalcino Camigliano Eco 2017 to wino, które zachwyca swoją głębią i złożonością , stanowiąc doskonały wybór dla każdego konesera win. Zyskuje z czasem, co sprawia, że będzie idealnym wyborem zarówno na teraz, jak i na długie lata dojrzewania w piwniczce. Dodaj do koszyka i odkryj autentyczny smak Toskanii w swojej szklance!;129,00 zł;https://dobrewina.pl/2069-large_default/wino-czerwone-brunello-di-montalcino-camigliano-eco-2019-wloskie-wytrawne-075-l.jpg;N/A;Włochy;Toskania;Sangiovese;Spokojne;Wytrawne;15%;Dziczyzna, Wołowina, Baranina, Wieprzowina;https://dobrewina.pl/wino-czerwone/5405-wino-czerwone-brunello-di-montalcino-camigliano-eco-2019-wloskie-wytrawne-075-l-8006097000345.html
9120059800206;Siegert Roter Veltliner Wagram Bio 0,75 L;Wina | Wytrawność | Wytrawne | Szczepy | Białe | Rodzaj | Wino białe | świeże i orzeźwiające | Wino wegańskie | Cena | 40,01 - 60,00 zł | Kraj | Promocje | Wyprzedaż;Austriackie białe wytrawne wino ze świeżymi ziołami łąkowymi, delikatnymi owocami gruszki, delikatnymi nutami drożdżowymi, którym towarzyszy nuta skórki mandarynki, średnio złożona, świeże jabłko z żywym akcentem, cytrynowy dotyk i mineralne wykończenie zapewniają nieskomplikowaną przyjemność picia.;36,90 zł;https://dobrewina.pl/2078-large_default/siegert-roter-veltliner-wagram-bio-075-l.jpg;N/A;Austria;N/A;Roter Veltliner;Spokojne;Wytrawne;13,5%;Ryby, Drób, Owoce morza, Przystawki, Samo w sobie;https://dobrewina.pl/wino-biale/5417-siegert-roter-veltliner-wagram-bio-075-l-9120059800206.html
9120059800534;Siegert Blauer Zweigelt Niederösterreich Bio 1 L;Wina | Wytrawność | Wytrawne | Szczepy | Czerwone | Rodzaj | Wino czerwone | owocowe i świeże | Wino wegańskie | Cena | 25,01 - 40,00 zł | Kraj;Austriackie wino Siegert Blauer Zweigelt z regionu Niederösterreich. To wino pochodzące z certyfikowanych upraw biodynamicznych, co oznacza, że zostało wyprodukowane z poszanowaniem natury i tradycji. Siegert Blauer Zweigelt to doskonały przykład tego, jak harmonijnie można połączyć nowoczesne techniki produkcji wina z szacunkiem dla środowiska. Wino to charakteryzuje się intensywnym aromatem czerwonych owoców, delikatnymi nutami przypraw i subtelnymi taninami. Jest to idealny wybór dla tych, którzy cenią sobie wysoką jakość i autentyczność.;37,00 zł;https://dobrewina.pl/2080-large_default/siegert-blauer-zweigelt-niederoesterreich-bio-1-l.jpg;N/A;Austria;N/A;Blauer Zweigelt;Spokojne;Wytrawne;N/A;Sery, Drób, Przystawki, Samo w sobie;https://dobrewina.pl/wino-czerwone/5414-siegert-blauer-zweigelt-niederoesterreich-bio-1-l-9120059800534.html
9120059800015;Siegert Grüner Veltliner Niederösterreich Bio 1L;Wina | Wytrawność | Wytrawne | Szczepy | Białe | Gruner Veltliner | Rodzaj | Wino białe | świeże i orzeźwiające | Wino wegańskie | Cena | 25,01 - 40,00 zł | Kraj;Austriackie biologiczne białe wytrawne wino, które w ustach daje zielone jabłko ze świeżą cytryną i pikantną nutą, orzeźwiające połączenie słodyczy oraz kwasowości z pieprznym finiszem.;39,90 zł;https://dobrewina.pl/2083-large_default/siegert-gruener-veltliner-niederoesterreich-bio-1l.jpg;N/A;Austria;N/A;Gruener Veltliner;Spokojne;Wytrawne;12,5%;Ryby, Owoce morza, Przystawki, Samo w sobie;https://dobrewina.pl/wino-biale/5413-siegert-gruener-veltliner-niederoesterreich-bio-1l-9120059800015.html
8008900003734;Wino musujące Frizzante 10° Bianco włoskie wytrawne 0,75 L;Wina | Wytrawność | Delikatnie wytrawne | Szczepy | Białe | Rodzaj | Wino musujące | Frizzante | Cena | 25,01 - 40,00 zł | Kraj | Włochy | Promocje | Wyprzedaż | Wina do 30 zł;Frizzante 10° Bianco 0,75 L – Lekkie, orzeźwiające i pełne bąbelków! Frizzante 10° Bianco to delikatnie musujące białe wino , które zachwyca lekkością, świeżością i subtelną owocowością . Stworzone z myślą o radosnych chwilach i beztroskich spotkaniach, doskonale sprawdzi się jako aperitif lub dodatek do lekkich dań . Dzięki zawartości alkoholu wynoszącej zaledwie 10% , jest niezwykle przyjemne i łatwe w piciu. Smak i aromat: Aromaty: Zielone jabłko, cytrusy, brzoskwinia, lekka nuta kwiatowa Smak: Świeże, delikatnie musujące, dobrze zbalansowane Finisz: Rześki i owocowy, przyjemnie orzeźwiający Idealne do: Aperitifów i koktajli – doskonałe jako baza do drinków, np. Aperol Spritz Owoców morza i lekkich sałatek – podkreśli delikatne smaki Deserów i świeżych owoców – idealne do lekkich ciast i lodów Frizzante 10° Bianco to świetna propozycja na każdą okazję , kiedy masz ochotę na lekkie, musujące i radosne wino . Idealne na letnie wieczory i spotkania z przyjaciółmi! Dodaj do koszyka i ciesz się orzeźwiającym smakiem Włoch!;19,90 zł;https://dobrewina.pl/2100-large_default/frizzante-10-bianco-075-l.jpg;N/A;Włochy;N/A;Trebbiano d'Abruzzo, Garganega;Musujące;Lekko wytrawne;10%;Aperitif, Przystawki, Samo w sobie;https://dobrewina.pl/wino-musujace/5430-frizzante-10-bianco-075-l-8008900003734.html
8007531118626;Morando Lambrusco Rosato 0,75 L;Wina | Wytrawność | Półsłodkie | Rodzaj | Wino musujące | Lambrusco | Nowości | Cena | 25,01 - 40,00 zł | Kraj | Włochy | Promocje | Wyprzedaż | Wina do 30 zł;Półsłodkie różowe wino musujące wyprodukowane we Włoszech.;22,90 zł;https://dobrewina.pl/2117-large_default/morando-lambrusco-rosato-075-l.jpg;N/A;Włochy;N/A;N/A;Musujące;Półsłodkie;8%;Aperitif, Desery, Samo w sobie;https://dobrewina.pl/wino-musujace/5443-morando-lambrusco-rosato-075-l-8007531118626.html
8007531009757;Morando Fragolino Bianco 0,75 L;Wina | Wytrawność | Słodkie | Rodzaj | Wino musujące | Fragolino | Nowości | Cena | 25,01 - 40,00 zł | Kraj | Włochy | Promocje | Wyprzedaż | Wina do 30 zł;Morando Fragolino Bianco , pyszny napój będący idealną symbiozą tradycji i świeżości. Ten wspaniały trunek, powstały w słonecznym sercu Włoch, to perełka dla każdego, kto pragnie niezwykłych doznań smakowych. Morando Fragolino Bianco pochodzi z renomowanych winnic regionu Veneto, gdzie wyjątkowe warunki klimatyczne i bogata gleba tworzą idealne środowisko do produkcji wyjątkowych win. Rodzina Morando, kierująca się pasją do winiarstwa przekazywaną z pokolenia na pokolenie, stworzyła ten napój, łącząc historyczne tradycje winiarskie z nowoczesną przyjemnością dla smakoszy. Choć Morando Fragolino Bianco może nie posiadać oznaczenia DOC, to jego jakość i wyjątkowość są niekwestionowane. Napój ten słynie ze świeżego kwiatowo-owocowego aromatu, w którym dominują nuty świeżych truskawek gwarantujące niezapomniane doznania smakowe. Morando Fragolino Bianco to doskonały wybór na uroczystości, romantyczne wieczory lub jako orzeźwiający aperitif.;22,90 zł;https://dobrewina.pl/2119-large_default/morando-fragolino-bianco-075-l.jpg;N/A;Włochy;Veneto;N/A;Musujące;Słodkie;7,5%;Aperitif, Desery;https://dobrewina.pl/wino-musujace/5442-morando-fragolino-bianco-075-l-8007531009757.html
8007531116387;Morando Moscato Spumante 0,75 L;Wina | Wytrawność | Słodkie | Rodzaj | Wino musujące | Nowości | Cena | 25,01 - 40,00 zł | Kraj | Włochy | Promocje | Wyprzedaż;Słodkie musujące włoskie wino o bujnym bukiecie złożonym z aromatów jasnych owoców przemieszanych z wyrazistymi nutami kwiatowymi. Na podniebieniu przyjemnie krągłe i miękkie, o subtelnie owocowym smaku i długim, łagodnym zakończeniu.;27,90 zł;https://dobrewina.pl/2121-large_default/morando-moscato-spumante-075-l.jpg;N/A;Włochy;Piemonte;N/A;Musujące;Słodkie;7%;Aperitif, Desery, Samo w sobie;https://dobrewina.pl/wino-musujace/5445-morando-moscato-spumante-075-l-8007531116387.html
3507110016855;Chateau de Mauny Cremant de Loire Brut 0,75 L;Wina | Wytrawność | Wytrawne | Szczepy | Białe | Chardonnay | Rodzaj | Wino musujące | Cremant | Nowości | Cena | 40,01 - 60,00 zł | Kraj | Francja | Wina na wesele;Ten Cremant ​​ z Château de Mauny ma przejrzystą jasnożółtą barwą z eleganckim bąbelkami, które charakteryzują się nieprzeciętną elegancją i finezją. W nosie znajdziemy aromaty żółtych, dojrzałych owoców, takich jak brzoskwinie i morele, które są jednocześnie soczyste na podniebieniu. Okrągłe i wyśmienite w smaku. Mieszanka: 80% Chenin Blanc, 20% Chardonnay.;55,00 zł;https://dobrewina.pl/2122-large_default/chateau-de-mauny-cremant-de-loire-brut-075-l.jpg;N/A;Francja;Dolina Loary;Chenin Blanc, Chardonnay;Musujące;Wytrawne;12,5%;Aperitif, Owoce morza, Przystawki, Samo w sobie;https://dobrewina.pl/wino-musujace/5456-chateau-de-mauny-cremant-de-loire-brut-075-l-3507110016855.html
3149070037824;Domaine des Haut Sentiers Saumur Chenin Blanc 0,75 L;Wina | Wytrawność | Wytrawne | Szczepy | Białe | Chenin Blanc | Rodzaj | Wino białe | dojrzałe i aksamitne | Nowości | Cena | 25,01 - 40,00 zł | Kraj | Francja;Wino Domaine des Haut Sentiers Saumur Chenin Blanc to wyjątkowy trunek pochodzący z regionu Saumur we Francji. Jest to białe wino produkowane z odmiany winogron Chenin Blanc, która nadaje mu charakterystyczny smak i aromat. To eleganckie wino zachwyca delikatnymi nutami owocowymi, w których dominują aromaty jabłka, gruszki i cytrusów. Jest doskonale zrównoważone, o lekkiej kwasowości i świeżym finiszu. Domaine des Haut Sentiers Saumur Chenin Blanc doskonale sprawdzi się jako aperitif lub będzie idealnym towarzyszem do lekkich dań kuchni francuskiej, takich jak ryby czy sałatki.;39,90 zł;https://dobrewina.pl/2123-large_default/domaine-des-haut-sentiers-saumur-chenin-blanc-075-l.jpg;https://dobrewina.pl/2166-large_default/domaine-des-haut-sentiers-saumur-chenin-blanc-075-l.jpg;Francja;Dolina Loary;Chenin Blanc;Spokojne;Wytrawne;12%;Dania wegetariańskie, Przystawki, Samo w sobie, Ryby, Aperitif;https://dobrewina.pl/wino-biale/5453-domaine-des-haut-sentiers-saumur-chenin-blanc-075-l-3149070037824.html
3267980009264;Ziegler Cremant d'Alsace AOC Alsace 0,75 L;Wina | Wytrawność | Wytrawne | Rodzaj | Wino musujące | Cremant | Cena | 40,01 - 60,00 zł | Kraj | Francja;Ziegler Crémant d'Alsace AOC 0,75 L – francuska elegancja i świeżość Zobacz film Ziegler Crémant d'Alsace AOC to wyrafinowane musujące wino pochodzące z Alzacji , regionu słynącego z produkcji wysokiej jakości crémantów. Powstaje metodą tradycyjną, taką jak w Szampanii, co zapewnia mu elegancki mus, harmonijną strukturę i świeży, owocowy charakter. Charakterystyka wina: Kolor : Jasnozłoty z delikatnymi bąbelkami Aromat : Nuty białych kwiatów, zielonego jabłka, gruszki i cytrusów, z subtelną mineralnością Smak : Świeże, lekkie, o dobrze zbalansowanej kwasowości i kremowej teksturze Idealne do: Świetne jako aperitif , a także w duecie z owocami morza, sushi, drobiem i lekkimi serami. Temperatura serwowania: Najlepiej podawać schłodzone do 6-8°C . Ziegler Crémant d'Alsace AOC to doskonała alternatywa dla szampana – eleganckie, świeże i wyjątkowo uniwersalne. Idealne na specjalne okazje!;59,90 zł;https://dobrewina.pl/2463-large_default/ziegler-cremant-d-alsace-aoc-alsace-075-l.jpg;N/A;Francja;Alzacja;N/A;Musujące;Wytrawne;12,5%;Aperitif, Przystawki, Samo w sobie;https://dobrewina.pl/wino-musujace/5463-ziegler-cremant-d-alsace-aoc-alsace-075-l-3267980009264.html
3267980009257;Ziegler Gewurztraminer Mambourg AC Alsace Grand Cru 0,75 L;Wina | Wytrawność | Półsłodkie | Szczepy | Białe | Rodzaj | Wino białe | dojrzałe i aksamitne | Nowości | Cena | 60,01 - 100,00 zł | Kraj | Francja;Wino o b łyszczący m żółty m odcie niu . W nosie a romaty róży, fiołków, dojrzałej gruszki i kardamonu. Po napowietrzeniu bukiet maślany i cytrynowy. W ustach jest to klasyczny Gewurztraminer z przyjemną soczystą słodyczą . Wina Grand Cru mają wyższą zawartość cukru minimalnego niż podstawowe wina Alzackie . Wyjątkowo eleganckie wino uzupełnia pikantne długie zakończenie.;79,90 zł;https://dobrewina.pl/2465-large_default/ziegler-gewurztraminer-mambourg-ac-alsace-grand-cru-075-l.jpg;N/A;Francja;Alzacja;Gewurztraminer;Spokojne;Półsłodkie;13,6%;Samo w sobie, Aperitif, Orientalne, Owoce morza;https://dobrewina.pl/wino-biale/5462-ziegler-gewurztraminer-mambourg-ac-alsace-grand-cru-075-l-3267980009257.html
3267980009240;Ziegler Gewurztraminer AOC Alsace 0,75 L;Wina | Wytrawność | Półwytrawne | Szczepy | Białe | Rodzaj | Wino białe | dojrzałe i aksamitne | Nowości | Cena | 40,01 - 60,00 zł | Kraj | Francja;Gewurztraminer to odmiana winogron o charakterystycznym, intensywnym bukiecie zapachowym. Wino to cechuje się bogatymi nutami kwiatowymi, egzotycznymi owocami i przyjemną pikantnością. Doskonale komponuje się z kuchnią azjatycką, a także potrawami z kurczaka czy wieprzowiny.;55,00 zł;https://dobrewina.pl/2464-large_default/ziegler-gewurztraminer-aoc-alsace-075-l.jpg;N/A;Francja;Alzacja;Gewurztraminer;Spokojne;Półwytrawne;14%;Przystawki, Samo w sobie, Drób, Orientalne;https://dobrewina.pl/wino-biale/5461-ziegler-gewurztraminer-aoc-alsace-075-l-3267980009240.html
3267980009233;Ziegler Pinot Gris AOC Alsace 0,75 L;Wina | Wytrawność | Półwytrawne | Szczepy | Białe | Pinot Grigio | Rodzaj | Wino białe | lekkie i subtelne | Nowości | Cena | 40,01 - 60,00 zł | Kraj | Francja;Ziegler Pinot Gris AOC Alsace 0,75 L – aromatyczna harmonia Alzacji Ziegler Pinot Gris AOC Alsace to wyśmienite białe wino z renomowanego francuskiego regionu Alzacja , słynącego z eleganckich win jednoszczepowych. Produkowane w 100% z Pinot Gris , charakteryzuje się bogatą strukturą, owocowym aromatem i lekką nutą przypraw, co czyni je niezwykle wszechstronnym wyborem. Charakterystyka wina: Kolor : Złocisto-słomkowy z bursztynowymi refleksami Aromat : Dojrzałe gruszki, morele, miód, delikatne nuty kwiatów i prażonych orzechów Smak : Pełne, aksamitne, z dobrze wyważoną kwasowością i długim, lekko mineralnym finiszem Idealne do: Doskonale komponuje się z drobiem, daniami w sosach śmietanowych, foie gras, serami pleśniowymi oraz kuchnią azjatycką. Temperatura serwowania: Najlepiej podawać schłodzone do 10-12°C . Ziegler Pinot Gris AOC Alsace to wino pełne charakteru i elegancji, idealne dla miłośników aromatycznych i dobrze zbalansowanych białych win.;55,00 zł;https://dobrewina.pl/2129-large_default/wino-biale-ziegler-pinot-gris-aoc-alsace-francuskie-polwytrawne-075-l.jpg;N/A;Francja;Alzacja;Pinot Gris;Spokojne;Półwytrawne;13%;Ryby, Drób, Przystawki, Samo w sobie;https://dobrewina.pl/wino-biale/5460-wino-biale-ziegler-pinot-gris-aoc-alsace-francuskie-polwytrawne-075-l-3267980009233.html
3267980009226;Ziegler Riesling AOC Alsace 0,75 L;Wina | Wytrawność | Wytrawne | Szczepy | Białe | Riesling | Rodzaj | Wino białe | dojrzałe i aksamitne | Nowości | Cena | 40,01 - 60,00 zł | Kraj | Francja;Francuskie wino z Alzacji, białe, wytrawne, o delikatnym owocowo-kwiatowym aromacie cytryny, grejpfruta, brzoskwini, gruszki i białych kwiatów, z nutą anyżku, kminku, lukrecji i kopru włoskiego, w smaku świeże, rześkie, owocowe.;49,90 zł;https://dobrewina.pl/2454-large_default/ziegler-riesling-aoc-alsace-075-l.jpg;N/A;Francja;Alzacja;Riesling;Spokojne;Wytrawne;13%;Ryby, Drób, Owoce morza, Samo w sobie;https://dobrewina.pl/wino-biale/5459-ziegler-riesling-aoc-alsace-075-l-3267980009226.html
3267980009219;Ziegler Pinot Blanc AOC Alsace 0,75 L;Wina | Wytrawność | Wytrawne | Szczepy | Białe | Rodzaj | Wino białe | dojrzałe i aksamitne | Nowości | Cena | 40,01 - 60,00 zł | Kraj | Francja;Wino ze szczepu Pinot Blanc z regionu Alzacji we Francji. Jest to białe wino o delikatnym smaku i aromacie, które doskonale nadaje się do lekkich potraw, takich jak sałatki, ryby czy kurczak. Charakteryzuje się jasnym, słomkowym kolorem oraz świeżymi nutami owoców takich jak jabłko, gruszka czy cytrusy. Wino to jest doskonałym wyborem dla miłośników delikatnych i subtelnych smaków.;44,90 zł;https://dobrewina.pl/2461-large_default/ziegler-pinot-blanc-aoc-alsace-075-l.jpg;N/A;Francja;Alzacja;Pinot Blanc;Spokojne;Wytrawne;12,6%;Drób, Owoce morza, Przystawki, Ryby;https://dobrewina.pl/wino-biale/5458-ziegler-pinot-blanc-aoc-alsace-075-l-3267980009219.html
3267980009202;Ziegler Sylvaner AOC Alsace 0,75 L;Wina | Wytrawność | Wytrawne | Szczepy | Białe | Rodzaj | Wino białe | dojrzałe i aksamitne | Nowości | Cena | 40,01 - 60,00 zł | Kraj | Francja;Francuskie z Alzacji wino ze szczepu Sylvaner charakteryzuje się delikatnym smakiem oraz wyjątkowym aromatem. Jest to doskonały wybór dla miłośników win o lekkiej konsystencji i subtelnych nutach owocowych. Wino to pochodzi z określonego obszaru kontrolowanego, co gwarantuje jego wysoką jakość i autentyczność. Dzięki unikalnemu klimatowi i glebie regionu Alsace, wino to ma wyjątkowy charakter, który wyróżnia je spośród innych win na rynku. Podczas degustacji warto zwrócić uwagę na jego jasny kolor oraz delikatne aromaty kwiatowe i owocowe. Smak tego wina jest łagodny, z nutami cytrusowymi i mineralnymi, co sprawia, że doskonale komponuje się z lekkimi potrawami, sałatkami czy owocami morza.;43,00 zł;https://dobrewina.pl/2462-large_default/ziegler-sylvaner-aoc-alsace-075-l.jpg;N/A;Francja;Alzacja;Sylvaner;Spokojne;Wytrawne;12,5%;Ryby, Owoce morza, Przystawki, Samo w sobie;https://dobrewina.pl/wino-biale/5457-ziegler-sylvaner-aoc-alsace-075-l-3267980009202.html
3149070029607;Wino białe Elysis Coteaux du Layon francuskie słodkie 0,75 L;Wina | Wytrawność | Słodkie | Szczepy | Białe | Rodzaj | Wino białe | dojrzałe i aksamitne | Nowości | Cena | 60,01 - 100,00 zł | Kraj | Francja | Promocje | Wyprzedaż;Elysis Coteaux du Layon 0,75 L Francja • Dolina Loary • Białe wino słodkie Elysis Coteaux du Layon to klasyczne, francuskie białe wino słodkie z Doliny Loary, wytwarzane z późno zbieranych gron szczepu Chenin Blanc . Wyróżnia się naturalną słodyczą, równoważoną przez świeżą kwasowość i subtelną mineralność, z których słynie region Coteaux du Layon . W aromacie dominują nuty miodu, moreli, brzoskwiń i kandyzowanych owoców , delikatnie przełamane akcentem kwiatów lipy i cytrusowej świeżości. W ustach gęste, aksamitne i harmonijne, o długim, eleganckim finiszu. Doskonałe do: foie gras, serów pleśniowych, deserów owocowych lub po prostu – jako kieliszek czystej przyjemności po kolacji. Elysis Coteaux du Layon – francuska słodycz zamknięta w butelce. Wino Elysis Coteaux du Layon 0,75 L możesz kupić również w naszych sklepach stacjonarnych: Dobre Wina, Warszawa, ul. Wyczółki 46 Dobre Wina, Warszawa, ul. Mickiewicza 30 Dobre Wina, Kraków, ul. Królowej Jadwigi 146 W celu potwierdzenia dostępności - prosimy o kontakt telefoniczny lub mailowy.;49,90 zł;https://dobrewina.pl/2133-large_default/elysis-coteaux-du-layon-075-l.jpg;https://dobrewina.pl/2159-large_default/elysis-coteaux-du-layon-075-l.jpg;Francja;Dolina Loary;Chenin Blanc;Spokojne;Słodkie;11,5%;Sery, Aperitif, Desery;https://dobrewina.pl/wino-biale/5455-elysis-coteaux-du-layon-075-l-3149070029607.html
3149070029720;Wino białe Michel Armand Vouvray Chenin Blanc francuskie półsłodkie 0,75 L;Wina | Wytrawność | Półsłodkie | Szczepy | Białe | Rodzaj | Wino białe | dojrzałe i aksamitne | Nowości | Cena | 40,01 - 60,00 zł | Kraj | Francja | Wina na wesele;Zobacz film Michel Armand Vouvray Chenin to wino pochodzące z regionu Doliny Loary we Francji. Jest to białe wino produkowane z odmiany winogron Chenin Blanc, która nadaje mu charakterystyczny smak i aromat. Wino to cechuje się delikatnymi nutami owoców cytrusowych, miodu i kwiatów, tworząc niezwykle harmonijny bukiet. Wina z apelacji Vouvray słyną z doskonałej jakości i elegancji, co sprawia, że są cenione przez miłośników dobrego wina na całym świecie. Michel Armand Vouvray Chenin doskonale oddaje bogactwo terroir regionu Loary, gdzie gleba kredowa oraz klimat sprzyjają uprawie winorośli. To wino doskonale sprawdzi się jako aperitif lub do lekkich dań kuchni francuskiej, takich jak ostrygi czy sery pleśniowe.;49,90 zł;https://dobrewina.pl/2134-large_default/michel-armand-vouvray-chenin-blanc-075-l.jpg;N/A;Francja;Dolina Loary;Chenin Blanc;Spokojne;Półsłodkie;12%;Sery, Ryby, Owoce morza, Samo w sobie;https://dobrewina.pl/wino-biale/5454-michel-armand-vouvray-chenin-blanc-075-l-3149070029720.html
3149070038425;La Colline aux Princes Cheverny Blanc AOC 0,75 L;Wina | Wytrawność | Wytrawne | Szczepy | Białe | Sauvignon Blanc | Chardonnay | Rodzaj | Wino białe | wyraziste i skoncentrowane | Nowości | Cena | 40,01 - 60,00 zł | Kraj | Francja | Promocje | Wyprzedaż;Apelacja Cheverny w Touraine w Dolinie Loary (Val de Loire) - jako jedyne w Francji pozwala łączyć Chardonnay z Sauvignon Blanc. Daje to wino gdzie Sauvignon Blanc dominuje w aromacie a Chardonnay w ustach pokazuje swoje bogatsze ciało, jednak połączone z ciekawą mineralnością regionu. Eleganckie wytrawne i aromatyczne, przeważają białe owoce i owoce pestkowe jak biała brzoskwinia i morela - wykwintne.;39,90 zł;https://dobrewina.pl/2135-large_default/la-colline-aux-princes-cheverny-blanc-aoc-075-l.jpg;N/A;Francja;Dolina Loary;Sauvignon Blanc, Chardonnay;Spokojne;Wytrawne;12%;Ryby, Drób, Owoce morza, Samo w sobie;https://dobrewina.pl/wino-biale/5452-la-colline-aux-princes-cheverny-blanc-aoc-075-l-3149070038425.html
3760094286519;La Marina Prestige Petit et Gros Manseng Cotes de Gascogne IGP 0,75 L;Wina | Wytrawność | Słodkie | Rodzaj | Wino białe | dojrzałe i aksamitne | Nowości | Cena | 40,01 - 60,00 zł | Kraj | Francja;La Marina Prestige Petit et Gros Manseng Cotes de Gascogne IGP to wyjątkowe białe wino, które uosabia ducha południowo-zachodniej Francji, z serca malowniczej Gaskonii. Uzyskane z wyselekcjonowanych krzewów winorośli, owocuje winogronami zbieranymi na przełomie późnej jesieni i pierwszych zimowych przymrozków. Wino to charakteryzuje się półsłodkim profilem, który rozpieszcza podniebienie bukietem aromatów miodu, moreli i kandyzowanych cytrusów. Jest to wino przyjemne i świeże, oferujące długie i satysfakcjonujące zakończenie. Dzięki pięciomiesięcznemu dojrzewaniu na osadzie, wino zyskuje na głębi i pełni smaku, co sprawia, że jest doskonałym towarzyszem zarówno dla wyrafinowanych dań, jak i jako samodzielny trunek.;44,00 zł;https://dobrewina.pl/2167-large_default/la-marina-prestige-petit-et-gros-manseng-cotes-de-gascogne-igp-075-l.jpg;N/A;Francja;Gaskonia;Gros Manseng;Spokojne;Słodkie;11%;Aperitif, Desery, Samo w sobie;https://dobrewina.pl/wino-biale/5465-la-marina-prestige-petit-et-gros-manseng-cotes-de-gascogne-igp-075-l-3760094286519.html
3760094286489;La Marina Rose Cotes de Gascogne IGP 0,75 L;Wina | Wytrawność | Rodzaj | Wino różowe | Nowości | Cena | 25,01 - 40,00 zł | Kraj | Francja | Promocje | Wyprzedaż | Wina do 30 zł | Wina na wesele;La Marina Rose Cotes de Gascogne IGP to kwintesencja lekkości i świeżości. To wino różowe, które zachwyca swoją delikatnością i subtelnością, jest doskonałym wyborem na każdą okazję. Wino ma piękny, blady różowy kolor. Jest aromatycznie bogate, z nutami świeżych czerwonych owoców takich jak truskawki i maliny, przeplatane delikatnymi akcentami kwiatowymi. Na podniebieniu La Marina Rose jest wyjątkowo zbalansowane, łącząc w sobie świeżość i lekkość z przyjemną owocową słodyczą. Delikatne tanniny i orzeźwiająca kwasowość tworzą harmonijną całość. Idealne jako aperitif, doskonale komponuje się również z lekkimi daniami, sałatkami oraz owocami morza. Najlepiej smakuje schłodzone do temperatury 8-10°C.;26,90 zł;https://dobrewina.pl/2163-large_default/la-marina-rose-cotes-de-gascogne-igp-075-l.jpg;N/A;Francja;Gaskonia;N/A;Spokojne;N/A;12%;N/A;https://dobrewina.pl/wino-rozowe/5466-la-marina-rose-cotes-de-gascogne-igp-075-l-3760094286489.html
3760094286502;La Marina Sauvignon Blanc Cotes de Gascogne IGP 0,75 L;Wina | Wytrawność | Wytrawne | Szczepy | Białe | Sauvignon Blanc | Rodzaj | Wino białe | dojrzałe i aksamitne | Nowości | Cena | 40,01 - 60,00 zł | Kraj | Francja;La Marina Sauvignon Blanc Cotes de Gascogne IGP to wykwintne białe wino, które przyciąga uwagę swoją elegancją i świeżością. Sauvignon Blanc, szczep dobrze przystosowany do klimatu i gleby Gaskonii, nadaje temu winu styl i elegancję. Wino ma jasnożółty kolor, który pięknie mieni się w świetle, przypominając złote promienie słońca. Aromat jest intensywny, z wyraźnymi nutami cytrusów i egzotycznych owoców, takich jak ananas i marakuja, co nadaje mu świeżości i oryginalności. Na podniebieniu La Marina Sauvignon Blanc jest wyraziste i pełne, z przyjemną kwasowością i mineralnością, które doskonale równoważą jego owocowy charakter. Wino jest suche, ale jednocześnie bogate w smaku, z długim i satysfakcjonującym finiszem. Idealne do serwowania jako aperitif, świetnie komponuje się również z daniami rybnymi, sałatkami oraz kozim serem. Temperatura podawania: Najlepiej smakuje schłodzone do temperatury 8-10°C.;33,00 zł;https://dobrewina.pl/2332-large_default/la-marina-sauvignon-blanc-cotes-de-gascogne-igp-075-l.jpg;https://dobrewina.pl/2168-large_default/la-marina-sauvignon-blanc-cotes-de-gascogne-igp-075-l.jpg;Francja;Gaskonia;Sauvignon Blanc;Spokojne;Wytrawne;11;Ryby, Drób, Owoce morza, Przystawki;https://dobrewina.pl/wino-biale/5464-la-marina-sauvignon-blanc-cotes-de-gascogne-igp-075-l-3760094286502.html
8436599540016;Esteban Martin Chardonnay-Macabeo Carinena 0,75 L;Wina | Wytrawność | Wytrawne | Szczepy | Białe | Chardonnay | Rodzaj | Wino białe | świeże i orzeźwiające | Nowości | Cena | 25,01 - 40,00 zł | Kraj | Hiszpania | Promocje | Wyprzedaż;Esteban Martin Chardonnay-Macabeo Carinena jest to wino, które wyróżnia się na tle innych dzięki swojej świeżości i pełnemu smakowi. Uprawiane na wysokościach od 400 do 800 metrów, na unikalnej kamienistej glebie, winogrona nadają temu białemu winu wyjątkową strukturę i mineralność. Harmonijne połączenie kremowej tekstury z przyjemną pełnią smaku sprawia, że jest to wybór ceniony za doskonały stosunek jakości do ceny. Idealne dla tych, którzy szukają wina o dużym charakterze, które będzie świetnym towarzyszem różnorodnych okazji.;26,90 zł;https://dobrewina.pl/2177-large_default/esteban-martin-chardonnay-macabeo-carinena-075-l.jpg;N/A;Hiszpania;Aragonia;Macabeu, Chardonnay;Spokojne;Wytrawne;13%;Ryby, Drób, Owoce morza, Przystawki;https://dobrewina.pl/wino-biale/5489-esteban-martin-chardonnay-macabeo-carinena-075-l-8436599540016.html
9120059800800;Siegert Grüner Veltliner Ried Leitwein Wagram Bio 0,75 L;Wina | Wytrawność | Wytrawne | Szczepy | Białe | Gruner Veltliner | Rodzaj | Wino białe | dojrzałe i aksamitne | Wino wegańskie | Cena | 60,01 - 100,00 zł | Kraj | Promocje | Okazje miesiąca!;Wino Siegert Gruner Veltliner Ried Leitwein Wagram Bio to doskonały wybór dla miłośników wysokiej jakości win. Połączenie charakterystycznej odmiany grüner veltliner z unikalnym terroirem regionu Wagram sprawia, że to wino wyróżnia się niepowtarzalnym smakiem i aromatem. Dzięki starannie prowadzonemu procesowi produkcji z zachowaniem zasad ekologicznych, Siegert Gruner Veltliner Ried Leitwein Wagram Bio jest nie tylko pysznym winem, ale także przyjazny dla środowiska. Delikatne nuty owocowe, subtelna mineralność i świeżość tego wina sprawiają, że idealnie komponuje się zarówno z lekkimi potrawami jak i serami czy sałatkami. Zapraszamy do odkrycia tej wyjątkowej butelki wina Siegert Gruner Veltliner Ried Leitwein Wagram Bio i cieszenia się niezapomnianymi chwilami degustacyjnymi. Jego bogata historia i tradycja połączona z nowoczesnym podejściem do produkcji sprawiają, że to wino stanowi prawdziwą perełkę na rynku winiarskim. Odkryj jego wyjątkowy smak już dziś!;39,90 zł;https://dobrewina.pl/2185-large_default/siegert-gruener-veltliner-ried-leitwein-wagram-bio-075-l.jpg;N/A;Austria;Wagram;Gruener Veltliner;Spokojne;Wytrawne;13%;Ryby, Aperitif, Drób, Przystawki;https://dobrewina.pl/wino-biale/5496-siegert-gruener-veltliner-ried-leitwein-wagram-bio-075-l-9120059800800.html
8017868005186;Barbera Il tempo che passa d'Asti Superiore DOCG 0,75 L;Wina | Wytrawność | Delikatnie wytrawne | Szczepy | Czerwone | Barbera | Rodzaj | Wino czerwone | treściwe i beczkowe | Cena | 60,01 - 100,00 zł | Kraj | Włochy;Intensywny, czerwony kolor z refleksami fioletu, zaś w nosie dominujące dojrzałe owoce, głównie wiśnie, nuty dębowe oraz korzenne przyprawy. W ustach jest mocne, treściwe i dobrze zbudowane, poza owocami wyczuwalne są także beczkowe taniny. Finisz tego wina jest długi i trwały, a kwasowość znaczna i ożywcza.;89,90 zł;https://dobrewina.pl/2188-large_default/barbera-il-tempo-che-passa-d-asti-superiore-docg-075-l.jpg;N/A;Włochy;Piemonte;Barbera;Spokojne;Lekko wytrawne;15,5%;Dania Śródziemnomorskie, Wieprzowina, Drób, Dziczyzna;https://dobrewina.pl/wino-czerwone/5498-barbera-il-tempo-che-passa-d-asti-superiore-docg-075-l-8017868005186.html
8017868004158;Barolo Poiana Radice DOCG 0,75 L;Wina | Wytrawność | Wytrawne | Szczepy | Czerwone | Rodzaj | Wino czerwone | treściwe i beczkowe | Cena | 100,01 - 200,00 zł | Kraj | Włochy | Barolo | Promocje | Okazje miesiąca!;Złożone, bogate i cudownie wielowarstwowe. Czerwone wino z refleksami granatu. Złożony bukiet z nutami fiołka, wanilii i czekolady. W smaku pełne i elegancko zrównoważone, z cudownie długim finiszem. Wanilia, czekolada, róże, smoła, skóra, fiołki – cudowna gama smaków, które otwierają się poprzez warstwy tego złożonego wina. Dojrzewa 36 miesięcy w dębowych beczkach i kolejne 6 miesięcy w butelce.;88,00 zł;https://dobrewina.pl/2189-large_default/wino-barolo-poiana-radice-docg-wloskie-czerwone-wytrawne-075-l.jpg;N/A;Włochy;Piemonte;Nebbiolo;Spokojne;Wytrawne;14,5%;Wołowina, Wieprzowina, Drób, Dziczyzna;https://dobrewina.pl/wino-czerwone/5499-wino-barolo-poiana-radice-docg-wloskie-czerwone-wytrawne-075-l-8017868004158.html
016697000292;Deloach Chardonnay Heritage Collection California 0,75 L;Wina | Wytrawność | Wytrawne | Szczepy | Białe | Chardonnay | Rodzaj | Wino białe | dojrzałe i aksamitne | Nowości | Cena | 60,01 - 100,00 zł | Kraj;Wino De Loach Chardonnay Heritage Collection to doskonały wybór dla miłośników eleganckich i aromatycznych białych win. Pochodzące z Kalifornii wino zachwyca swoją bogatą paletą smaków i intensywnym bukietem zapachowym. De Loach Chardonnay Heritage Collection charakteryzuje się delikatnymi nutami owoców tropikalnych, takich jak ananas czy mango, które doskonale komponują się z nutami wanilii i dębu. Wino jest pełne i zbalansowane, idealne do spożywania samodzielnie lub jako doskonałe uzupełnienie do dań kuchni śródziemnomorskiej. Dzięki starannej produkcji i dbałości o każdy detal, De Loach Chardonnay Heritage Collection jest gwarancją wysokiej jakości i niezapomnianego smaku. To wino z pewnością przypadnie do gustu zarówno doświadczonym degustatorom, jak i początkującym miłośnikom wina. Zapraszamy do odkrycia magii De Loach Chardonnay Heritage Collection i delektowania się jego wyjątkowymi walorami podczas wyjątkowych okazji oraz chwil relaksu.;69,90 zł;https://dobrewina.pl/2204-large_default/wino-biale-deloach-chardonnay-heritage-collection-california-wytrawne-075-l.jpg;N/A;USA;California;Chardonnay;Spokojne;Wytrawne;13,5%;Ryby, Dania Śródziemnomorskie, Drób, Samo w sobie;https://dobrewina.pl/wino-biale/5511-wino-biale-deloach-chardonnay-heritage-collection-california-wytrawne-075-l-016697000292.html
016697000308;Deloach Cabernet Sauvignon Heritage Collection California 0,75 L;Wina | Wytrawność | Wytrawne | Szczepy | Czerwone | Cabernet Sauvignon | Rodzaj | Wino czerwone | treściwe i beczkowe | Nowości | Cena | 60,01 - 100,00 zł | Kraj;Deloach Cabernet Sauvignon z kolekcji Heritage Collection to doskonały wybór dla miłośników wyrafinowanych win. To czerwone wino pochodzi z malowniczych winnic w Kalifornii i jest doskonałym przykładem doskonałej jakości z tego regionu. Smak tego wina jest intensywny i bogaty, z wyraźnymi nutami czarnej porzeczki, czereśni i delikatnymi akcentami wanilii. Jest to wino pełne harmonii, o gładkiej strukturze i długim, przyjemnym finiszu. Wino Deloach Cabernet Sauvignon Heritage Collection doskonale sprawdzi się podczas eleganckich kolacji czy wieczorów na tarasie.;69,90 zł;https://dobrewina.pl/2205-large_default/wino-czerwone-deloach-cabernet-sauvignon-heritage-collection-california-wytrawne-075-l.jpg;N/A;USA;California;Cabernet Sauvignon;Spokojne;Wytrawne;13,5%;Wołowina, Baranina, Wieprzowina, Dziczyzna;https://dobrewina.pl/wino-czerwone/5512-wino-czerwone-deloach-cabernet-sauvignon-heritage-collection-california-wytrawne-075-l-016697000308.html
016697006669;Deloach Pinot Noir Heritage Collection California 0,75 L;Wina | Wytrawność | Wytrawne | Szczepy | Czerwone | Pinot Noir | Rodzaj | Wino czerwone | aromatyczne i dojrzałe | Nowości | Cena | 60,01 - 100,00 zł | Kraj;Deloach Pinot Noir Heritage Collection to doskonałe wino pochodzące z Kalifornii, które zachwyca swoją wyjątkową jakością i smakiem. Wyprodukowane z najwyższej jakości winogron, to wino z pewnością zadowoli nawet najbardziej wymagających koneserów. Wino Deloach Pinot Noir Heritage Collection cechuje się bogatym aromatem czerwonych owoców, delikatnymi nutami przypraw i subtelnie wyczuwalnymi taninami. Jest to idealny wybór zarówno na specjalne okazje, jak i na wieczorne relaksacyjne chwile. Dzięki starannej produkcji i dbałości o każdy detal, Deloach Pinot Noir Heritage Collection oferuje niezapomniane doznania smakowe, które rozpieszczają podniebienie i pozostawiają niezapomniane wrażenia.;69,90 zł;https://dobrewina.pl/2206-large_default/wino-czerwone-deloach-pinot-noir-heritage-collection-california-wytrawne-075-l.jpg;N/A;USA;California;Pinot Noir;Spokojne;Wytrawne;14,5%;Wołowina, Baranina, Wieprzowina, Drób, Dziczyzna;https://dobrewina.pl/wino-czerwone/5513-wino-czerwone-deloach-pinot-noir-heritage-collection-california-wytrawne-075-l-016697006669.html
3770000283105;Domaine Cogne Sauvignon Blanc Loire IGP 0,75 L;Wina | Wytrawność | Wytrawne | Szczepy | Białe | Sauvignon Blanc | Rodzaj | Wino białe | świeże i orzeźwiające | Nowości | Cena | 40,01 - 60,00 zł | Kraj | Francja;Wino Domaine Cogne Sauvignon Blanc Loire IGP 0,75 L to doskonały wybór dla miłośników win z regionu Doliny Loary. To wino charakteryzuje się delikatnymi nutami owocowymi, z nutami cytrusowymi i świeżą kwasowością. Doskonale pasuje do dań z ryb i owoców morza, a także do sałatek oraz serów kozich.;55,00 zł;https://dobrewina.pl/2207-large_default/wino-biale-domaine-cogne-sauvignon-blanc-loire-francuskie-wytrawne-igp-075-l.jpg;N/A;Francja;Dolina Loary;Sauvignon Blanc;Spokojne;Wytrawne;12%;Ryby, Dania wegetariańskie, Przystawki, Samo w sobie;https://dobrewina.pl/wino-biale/5514-wino-biale-domaine-cogne-sauvignon-blanc-loire-francuskie-wytrawne-igp-075-l-3770000283105.html
8002579981676;Langhe Nebbiolo Cantina Terre del Barolo 0,75 L;Wina | Wytrawność | Wytrawne | Szczepy | Czerwone | Nebbiolo | Rodzaj | Wino czerwone | aromatyczne i dojrzałe | Nowości | Cena | 40,01 - 60,00 zł | Kraj | Włochy;Rozważając wino Langhe Nebbiolo Cantina Terre del Barolo , warto zwrócić uwagę na jego wyjątkowe cechy i smak. To czerwone wino pochodzące z regionu Langhe w Piemoncie we Włoszech, które zostało stworzone z jednego z najbardziej szlachetnych szczepów winogron - Nebbiolo. Langhe Nebbiolo Cantina Terre del Barolo to wino o głębokim rubinowym kolorze, które charakteryzuje się intensywnym aromatem czerwonych owoców, przypraw i subtelnych nut kwiatowych. W ustach jest pełne, harmonijne i eleganckie, z dobrze zintegrowanymi taninami i długim finiszem. To doskonały wybór dla miłośników win o wyrafinowanym smaku i eleganckiej strukturze. Doskonale sprawdzi się jako towarzysz wieczornych spotkań ze znajomymi czy romantycznych kolacji. Langhe Nebbiolo Cantina Terre del Barolo to propozycja dla osób poszukujących unikatowego doświadczenia smakowego oraz chcących poznać bogactwo włoskiej enologii.;55,00 zł;https://dobrewina.pl/2208-large_default/wino-langhe-nebbiolo-cantina-terre-del-barolo-wloskie-czerwone-wytrawne-075-l.jpg;N/A;Włochy;Piemonte;Nebbiolo;Spokojne;Wytrawne;14%;Wołowina, Baranina, Wieprzowina, Dziczyzna;https://dobrewina.pl/wino-czerwone/5515-wino-langhe-nebbiolo-cantina-terre-del-barolo-wloskie-czerwone-wytrawne-075-l-8002579981676.html
8033355401323;Barolo Serio e Battista Borgogno 2019;Wina | Wytrawność | Wytrawne | Szczepy | Czerwone | Nebbiolo | Rodzaj | Wino czerwone | treściwe i beczkowe | Nowości | Cena | 100,01 - 200,00 zł | Kraj | Włochy | Barolo;Wino Barolo Serio e Battista Borgogno z rocznika 2019 to wyjątkowy trunek, który zachwyca swoją elegancją i bogatym smakiem. To wino pochodzi z regionu Piemont we Włoszech, gdzie tradycja winiarska sięga setek lat wstecz. Barolo Serio e Battista Borgogno to idealny wybór dla miłośników czerwonych win, którzy poszukują czegoś wyjątkowego i niezapomnianego. Jego intensywny aromat owoców leśnych i przypraw sprawia, że każdy łyk jest prawdziwą ucztą dla podniebienia. To wino doskonale komponuje się z potrawami kuchni włoskiej, zwłaszcza z daniami mięsnymi oraz serami o intensywnym smaku. Jest także doskonałym towarzyszem wieczornych spotkań czy romantycznych kolacji. Wino Barolo Serio e Battista Borgogno z roku 2019 to propozycja dla osób ceniących sobie wysoką jakość i niepowtarzalny charakter trunku. Dzięki swojej kompleksowości i głębokiemu smakowi stanowi doskonały wybór dla wszystkich wielbicieli dobrego wina.;139,00 zł;https://dobrewina.pl/2209-large_default/wino-barolo-serio-e-battista-borgogno-2019-wloskie-czerwone-wytrawne-075-l.jpg;N/A;Włochy;Piemonte;Nebbiolo;Spokojne;Wytrawne;14%;Wołowina, Dania Śródziemnomorskie, Baranina, Wieprzowina;https://dobrewina.pl/wino-czerwone/5516-wino-barolo-serio-e-battista-borgogno-2019-wloskie-czerwone-wytrawne-075-l-8033355401323.html
5706579431720;Barolo Ludo Luigi Einaudi 2019;Wina | Wytrawność | Wytrawne | Szczepy | Czerwone | Nebbiolo | Rodzaj | Wino czerwone | treściwe i beczkowe | Cena | 100,01 - 200,00 zł | Kraj | Włochy | Barolo;Różnorodność win na rynku jest ogromna, ale wśród nich Barolo Ludo Luigi Einaudi wyróżnia się jako prawdziwa perełka. To wyjątkowe wino pochodzi z regionu Piemont we Włoszech i jest uznawane za jedno z najbardziej prestiżowych win czerwonych na świecie. Barolo Ludo Luigi Einaudi charakteryzuje się intensywnym aromatem czerwonych owoców, przypraw i delikatnych nut mineralnych. W smaku jest pełne, złożone i eleganckie, z dobrze zintegrowanymi taninami i długim, harmonijnym finiszem. To idealny wybór dla miłośników wysokiej jakości win, którzy szukają czegoś wyjątkowego do degustacji lub podarunku. Dzięki swojej bogatej historii i tradycji produkcji Barolo Ludo Luigi Einaudi ma wiele do zaoferowania nawet najbardziej wymagającym koneserom wina. To niezwykłe wino doskonale sprawdzi się podczas eleganckich kolacji, romantycznych wieczorów czy specjalnych okazji, dodając im wyjątkowego uroku i smaku.;149,00 zł;https://dobrewina.pl/2210-large_default/wino-barolo-ludo-luigi-einaudi-wloskie-czerwone-wytrawne-2019-075-l.jpg;N/A;Włochy;Piemonte;Nebbiolo;Spokojne;Wytrawne;14%;Wołowina, Dania Śródziemnomorskie, Wieprzowina, Drób, Dziczyzna;https://dobrewina.pl/wino-czerwone/5517-wino-barolo-ludo-luigi-einaudi-wloskie-czerwone-wytrawne-2019-075-l-5706579431720.html
8032535831172;Brunello di Montalcino Tenuta di Fossacolle 2017;Wina | Wytrawność | Wytrawne | Szczepy | Czerwone | Rodzaj | Wino czerwone | treściwe i beczkowe | Nowości | Cena | 100,01 - 200,00 zł | Kraj | Włochy | Brunello;Brunello di Montalcino Tenuta di Fossacolle to wyjątkowe wino pochodzące z malowniczej Toskanii we Włoszech. Ta winnica słynie z produkcji doskonałych win, które zachwycają swoją jakością i wyjątkowym smakiem. Brunello di Montalcino Tenuta di Fossacolle to czerwone wino o intensywnym aromacie owoców leśnych, przypraw i delikatnych nut drewna. Jego bogate i złożone smaki doskonale komponują się z potrawami kuchni włoskiej, zwłaszcza z daniami mięsnymi i serami. To wino charakteryzuje się długim finiszem i elegancką strukturą, co sprawia, że jest idealnym wyborem na specjalne okazje czy romantyczne wieczory we dwoje. Dzięki starannej produkcji i dbałości o każdy detal, Brunello di Montalcino Tenuta di Fossacolle zdobywa uznanie zarówno wśród koneserów wina, jak i początkujących entuzjastów.;169,00 zł;https://dobrewina.pl/2211-large_default/wino-brunello-di-montalcino-tenuta-di-fossacolle-2017-wloskie-czerwone-wytrawne-075-l.jpg;N/A;Włochy;Toskania;Sangiovese;Spokojne;Wytrawne;14,5%;Wołowina, Baranina, Wieprzowina, Dania wegetariańskie, Dziczyzna;https://dobrewina.pl/wino-czerwone/5518-wino-brunello-di-montalcino-tenuta-di-fossacolle-2017-wloskie-czerwone-wytrawne-075-l-8032535831172.html
8437003095726;Pinoso Vergel Tinto Bio DOP Alicante 0,75 L;Wina | Wytrawność | Wytrawne | Szczepy | Czerwone | Monastrell | Rodzaj | Wino czerwone | aromatyczne i dojrzałe | Wino wegańskie | Cena | 40,01 - 60,00 zł | Kraj | Hiszpania | Promocje | Wyprzedaż;Pinoso Vergel Tinto Bio DOP Alicante to organiczne czerwone wino pochodzące z regionu Alicante w Hiszpanii. Jest to wyjątkowe wino, które powstaje z dbałością o środowisko naturalne i tradycyjnymi metodami produkcji. Wina Pinoso Vergel Tinto Bio DOP Alicante cechują się intensywnym aromatem owoców leśnych, delikatnymi nutami przypraw oraz miękkimi taninami. Są doskonałym wyborem dla miłośników ekologicznych win, którzy cenią sobie wysoką jakość i autentyczność smaku. Dzięki starannej selekcji winogron oraz precyzyjnemu procesowi produkcji, wino Pinoso Vergel Tinto Bio DOP Alicante zachwyca swoją głęboką barwą i wyrazistym charakterem. Idealnie sprawdzi się jako towarzysz wieczornych spotkań ze znajomymi czy romantycznych kolacji przy świecach.;29,90 zł;https://dobrewina.pl/2212-large_default/wino-czerwone-pinoso-vergel-tinto-bio-hiszpanskie-wytrawne-dop-alicante-075-l.jpg;N/A;Hiszpania;N/A;Monastrell, Merlot, Alicante Bouschet;Spokojne;Wytrawne;14,5%;Wołowina, Baranina, Wieprzowina, Dziczyzna;https://dobrewina.pl/wino-czerwone/5521-wino-czerwone-pinoso-vergel-tinto-bio-hiszpanskie-wytrawne-dop-alicante-075-l-8437003095726.html
8022931502196;Brunello di Montalcino Argiano 2019 0,75 L;Wina | Wytrawność | Wytrawne | Szczepy | Czerwone | Sangiovese | Rodzaj | Wino czerwone | treściwe i beczkowe | Nowości | Cena | 100,01 - 200,00 zł | Kraj | Włochy | Brunello | Promocje | Wyprzedaż;Wino Brunello di Montalcino Argiano 2019 - Wyjątkowe Czerwone Wytrawne Odkryj magię Brunello di Montalcino Wino Brunello di Montalcino Argiano 2019 to prawdziwa perła wśród włoskich win czerwonych . Jego bogaty smak oraz wyjątkowy aromat przeniosą Cię w malownicze zakątki Toskanii , gdzie powstaje to znakomite wino. Wytwarzane z najwyższej jakości winogron Sangiovese , to wytrawne wino zachwyca zarówno koneserów, jak i tych, którzy dopiero zaczynają swoją przygodę z winem. Historia i tradycja winnicy Argiano Winnica Argiano ma długą i fascynującą historię sięgającą XVI wieku. Położona na wzgórzach Montalcino , korzysta z idealnych warunków klimatycznych oraz glebowych do uprawy winorośli. Pasja do tworzenia doskonałych win przekazywana jest przez pokolenia, co sprawia, że każdy łyk tego trunku to hołd dla tradycji i rzemiosła. Cechy charakterystyczne wina Brunello di Montalcino Argiano 2019 Brunello di Montalcino Argiano 2019 charakteryzuje się głębokim rubinowym kolorem i intensywnym aromatem. Już przy pierwszym kieliszku poczujesz nuty dojrzałych owoców, takich jak wiśnie i śliwki, które harmonijnie przeplatają się z delikatnymi akcentami wanilii oraz przypraw. W ustach wino jest pełne i aksamitne, a jego taniny są dobrze zbalansowane, co sprawia, że każde łyczek to prawdziwa uczta dla podniebienia. Długi finisz wzbogacony jest subtelnymi nutami skóry oraz tytoniu, co czyni je idealnym wyborem na specjalne okazje. Z czym łączymy wino Brunello di Montalcino Argiano 2019? Brunello di Montalcino Argiano doskonale komponuje się z różnorodnymi potrawami. Idealnie pasuje do dań mięsnych, zwłaszcza wołowiny duszonej lub grillowanej jagnięciny. Możesz także serwować je z klasycznymi włoskimi daniami takimi jak risotto czy pasta z sosami na bazie pomidorów. Nie zapomnij o serach – twarde sery dojrzewające będą znakomitym uzupełnieniem dla tego wyjątkowego wina. Dlaczego warto wybrać Brunello di Montalcino Argiano? Decydując się na zakup Brunello di Montalcino Argiano 2019 , inwestujesz nie tylko w butelkę znakomitego wina, ale również w doświadczenie pełne smakowych doznań. To idealny wybór na specjalne okazje lub jako prezent dla miłośników dobrego trunku. Zamów już dziś Brunello di Montalcino Argiano 2019 i odkryj smak Toskanii w swoim domu! To doskonały wybór zarówno na romantyczną kolację, jak i spotkanie ze znajomymi.;169,00 zł;https://dobrewina.pl/2213-large_default/wino-brunello-di-montalcino-argiano-wloskie-czerwone-wytrawne-2019-075-l.jpg;N/A;Włochy;Toskania;Sangiovese;Spokojne;Wytrawne;14,5%;Wołowina, Dania Śródziemnomorskie, Baranina, Wieprzowina, Dziczyzna;https://dobrewina.pl/wino-czerwone/5519-wino-brunello-di-montalcino-argiano-wloskie-czerwone-wytrawne-2019-075-l-8022931502196.html
5600230679547;Duris Reserva Douro DOC 0,75 L;Wina | Wytrawność | Wytrawne | Szczepy | Czerwone | Rodzaj | Wino czerwone | treściwe i beczkowe | Nowości | Cena | 40,01 - 60,00 zł | Kraj | Portugalia;Doskonale zbilansowane wino z najbardziej prestiżowego regionu Portugalii, posiada głęboką rubinową barwę i aromaty dojrzałych czerwonych owoców oraz czerwonych róż, z subtelnymi nutami starzenia w beczkach z francuskiego dębu, które dodają winu złożoności i elegancji. Na podniebieniu świeży wyraz dojrzałych czarnych wiśni i prażonych ziaren kakaowca, średnio pełna treść, dojrzałe i gładkie taniny.;49,90 zł;https://dobrewina.pl/2220-large_default/wino-czerwone-duris-reserva-douro-portugalskie-wytrawne-doc-075-l.jpg;https://dobrewina.pl/2221-large_default/wino-czerwone-duris-reserva-douro-portugalskie-wytrawne-doc-075-l.jpg;Portugalia;Douro;Touriga Nacional, Tinta Roriz;Spokojne;Wytrawne;13,5%;Wołowina, Baranina, Wieprzowina, Dziczyzna;https://dobrewina.pl/wino-czerwone/5528-wino-czerwone-duris-reserva-douro-portugalskie-wytrawne-doc-075-l-5600230679547.html
5600230679523;Alumia Reserva Tinto Beira Interior DOC 0,75 L;Wina | Wytrawność | Wytrawne | Szczepy | Czerwone | Rodzaj | Wino czerwone | aromatyczne i dojrzałe | Nowości | Cena | 25,01 - 40,00 zł | Kraj | Portugalia | Wina do 30 zł;Alumia Reserva Tinto to wino o rubinowej barwie, charakteryzujące się intensywnym aromatem czerwonych owoców z pikantną, balsamiczną matrycą. W ustach miękkie, zrównoważone z bardzo eleganckim finiszem.;29,90 zł;https://dobrewina.pl/2222-large_default/wino-czerwone-alumia-reserva-tinto-beira-interior-portugalskie-wytrawne-doc-075-l.jpg;N/A;Portugalia;Beira Interior;Bastardo, Trincadeira, Touriga Nacional, Tinta Roriz, Rufete;Spokojne;Wytrawne;13%;Wołowina, Baranina, Wieprzowina, Drób;https://dobrewina.pl/wino-czerwone/5527-wino-czerwone-alumia-reserva-tinto-beira-interior-portugalskie-wytrawne-doc-075-l-5600230679523.html
5600230679516;Alumia Reserva Rose Beira Interior DOC 0,75 L;Wina | Wytrawność | Wytrawne | Rodzaj | Wino różowe | Nowości | Cena | 25,01 - 40,00 zł | Kraj | Portugalia | Promocje | Okazje miesiąca! | Wina do 30 zł;Alumia Reserva Rosé to bardzo atrakcyjne wino o intensywnym aromacie czerwonych owoców z niuansami owoców egzotycznych, co czyni je winem lekkim i przyjemnym. W ustach miękkie z trwałym finiszem.;28,00 zł;https://dobrewina.pl/2223-large_default/wino-rozowe-alumia-reserva-rose-beira-interior-portugalskie-wytrawne-doc-075-l.jpg;N/A;Portugalia;Beira Interior;Rufete, Bastardo, Touriga Nacional, Tinta Roriz;Spokojne;Wytrawne;11%;Ryby, Aperitif, Przystawki, Samo w sobie;https://dobrewina.pl/wino-rozowe/5526-wino-rozowe-alumia-reserva-rose-beira-interior-portugalskie-wytrawne-doc-075-l-5600230679516.html
5600230679509;Alumia Reserva Branco Beira Interior DOC 0,75 L;Wina | Wytrawność | Wytrawne | Szczepy | Białe | Rodzaj | Wino białe | świeże i orzeźwiające | Nowości | Cena | 25,01 - 40,00 zł | Kraj | Portugalia;Alumia Reserva White ma cytrynowożółty kolor z zielonkawymi nutami i prezentuje owocowy aromat z intensywnymi nutami kwiatowymi, nadając świeżości i młodości wszechstronnemu i przyjemnemu zestawowi. Jest winem bardzo świeżym i zrównoważonym.;29,90 zł;https://dobrewina.pl/2224-large_default/wino-biale-alumia-reserva-branco-beira-interior-portugalskie-wytrawne-doc-075-l.jpg;N/A;Portugalia;Beira Interior;Malvasia, Síria, Fonte Cal, Arinto;Spokojne;Wytrawne;10,5%;Ryby, Owoce morza, Przystawki, Samo w sobie;https://dobrewina.pl/wino-biale/5525-wino-biale-alumia-reserva-branco-beira-interior-portugalskie-wytrawne-doc-075-l-5600230679509.html
5600230679455;Vinho Verde Varzea do Marao DOC 0,75 L;Wina | Wytrawność | Delikatnie wytrawne | Szczepy | Białe | Rodzaj | Wino musujące | Frizzante | Nowości | Cena | 25,01 - 40,00 zł | Kraj | Portugalia | Wina do 30 zł;Várzea do Marão ma cytrusowo-żółty kolor z lekkim i bąbelkami , które sprzyja ją uwolnieniu aromatów tropikalnych i cytrusowych z lekkimi niuansami kwiatowymi, które odzwierciedlają zielony krajobraz regionu. W ustach wykazuje dużą świeżość i żywą kwasowość, co czyni go winem bardzo przyjemnym i wszechstronnym. Nuty białych kwiatów. Nuty białych owoców, takich jak gruszka, brzoskwinia, morela, liczi, ananas, marakuja i papaja.;29,90 zł;https://dobrewina.pl/2225-large_default/vinho-verde-varzea-do-marao-doc-075-l.jpg;N/A;Portugalia;Minho;Trajadura, Loureiro, Arinto, Azal;Musujące;Lekko wytrawne;8,5%;Aperitif, Przystawki, Samo w sobie;https://dobrewina.pl/wino-musujace/5523-vinho-verde-varzea-do-marao-doc-075-l-5600230679455.html
5600230679127;Vinho Verde Alvarinho Quinta da Calcada DOC 0,75 L;Wina | Wytrawność | Wytrawne | Szczepy | Białe | Rodzaj | Wino musujące | Frizzante | Cena | 40,01 - 60,00 zł | Kraj | Portugalia | Promocje | Wyprzedaż;Jest to wino pochodzące z regionu Minho w Portugalii, które jest w 100% wyprodukowane z odmiany Alvarinho, to biała odmiana winogron, która jest znana ze swojego intensywnego aromatu i świeżości. Wino Quinta da Calcada zachwyca delikatnymi nutami cytrusowymi, kwiatowymi oraz owocowymi. Jest doskonałym wyborem dla miłośników lekkich i orzeźwiających win. To wino idealnie sprawdzi się jako aperitif lub towarzysz posiłków z owocami morza, rybami czy sałatkami. Dzięki swojej elegancji i subtelności doskonale komponuje się z letnimi potrawami oraz wieczornymi spotkaniami ze znajomymi.;39,90 zł;https://dobrewina.pl/2226-large_default/wino-biale-vinho-verde-alvarinho-quinta-da-calcada-portugalskie-lekko-wytrawne-doc-075-l.jpg;N/A;Portugalia;Minho;Alvarinho;Musujące;Wytrawne;13%;Ryby, Owoce morza, Przystawki, Samo w sobie;https://dobrewina.pl/wino-musujace/5524-wino-biale-vinho-verde-alvarinho-quinta-da-calcada-portugalskie-lekko-wytrawne-doc-075-l-5600230679127.html
8414219300066;Cuatro Rayas Cuarenta Vendimias Ribera del Duero DOC 0,75 L;Wina | Wytrawność | Wytrawne | Szczepy | Czerwone | Rodzaj | Wino czerwone | treściwe i beczkowe | Nowości | Cena | 40,01 - 60,00 zł | Kraj | Hiszpania;Wino to pochodzi z hiszpańskiego regionu Ribera del Duero. Cuatro Rayas Cuarenta Vendimias to wyjątkowe wino, które powstaje z ręcznie zbieranych winogron starannie wyselekcjonowanych z najlepszych winnic. Dzięki 40-letniemu doświadczeniu producenta, każda butelka tego wina jest gwarancją doskonałej jakości i niezapomnianego smaku. Wino Cuatro Rayas Cuarenta Vendimias charakteryzuje się intensywnym aromatem czerwonych owoców, delikatnymi nutami drewna oraz subtelnie zaznaczoną wanilią. W ustach jest pełne i harmonijne, o miękkich taninach i długim finiszu.;55,00 zł;https://dobrewina.pl/2233-large_default/wino-czerwone-cuatro-rayas-cuarenta-vendimias-ribera-del-duero-hiszpanskie-wytrawne-doc-075-l.jpg;N/A;Hiszpania;Ribera del Duero;Tempranillo;Spokojne;Wytrawne;14,5%;Dziczyzna, Wołowina, Baranina, Wieprzowina;https://dobrewina.pl/wino-czerwone/5533-wino-czerwone-cuatro-rayas-cuarenta-vendimias-ribera-del-duero-hiszpanskie-wytrawne-doc-075-l-8414219300066.html
3770021137265;Petit Bellot Blanc Bezalkoholowe 0% 0,75 L;Wina | Wytrawność | Delikatnie wytrawne | Szczepy | Białe | Sauvignon Blanc | Rodzaj | Wina bezalkoholowe | wina bezalkoholowe białe | Cena | 25,01 - 40,00 zł | Kraj | Francja | Wina na wesele;Zobacz film Petit Bellot Blanc to wyjątkowe wino bezalkoholowe , które łączy w sobie bogactwo smaku i aromatu z zaletami braku alkoholu. To wytrawne, białe wino powstaje z najlepszych, starannie wyselekcjonowanych winogron, które są przetwarzane w taki sposób, aby zachować ich naturalne walory, jednocześnie eliminując alkohol. Jak smakuje wino bezalkoholowe Petit Bellot Blanc? Petit Bellot Blanc 0% to wyjątkowe wino bezalkoholowe , które zaskakuje swoim smakiem i aromatem. Wyobraź sobie letnie popołudnie, kiedy słońce delikatnie ogrzewa skórę, a Ty rozkoszujesz się kieliszkiem tego wyjątkowego trunku. Co sprawia, że Petit Bellot Blanc wyróżnia się na tle innych win? Już na pierwszy rzut oka przyciąga uwagę swoją jasną, słomkową barwą z zielonkawymi refleksami. Po nalaniu do kieliszka uwalniają się intensywne aromaty cytrusów – przede wszystkim limonki i grejpfruta – które natychmiast pobudzają zmysły. To zaproszenie do odkrywania dalszych nut smakowych. W smaku to wino francuskie z regionu Bordeaux jest lekko orzeźwiające, co czyni je idealnym wyborem na ciepłe dni. Owocowa świeżość harmonizuje z subtelną kwasowością, tworząc doskonałą równowagę. W ustach można wyczuć delikatne akcenty jabłka i gruszki, które dodają mu owocowego charakteru. Na finiszu pojawia się przyjemna mineralność, która sprawia, że każdy łyk zachęca do kolejnego. Z czym łączymy wino 0% Petit Bellot Blanc? To wino bezalkoholowe nie tylko doskonale smakuje, ale także świetnie komponuje się z różnorodnymi potrawami. Idealnie pasuje do lekkich sałatek, ryb czy owoców morza. Możesz również serwować je jako aperitif podczas spotkań ze znajomymi lub romantycznych kolacji. Petit Bellot Blanc to nie tylko napój – to doświadczenie! Dzięki niemu możesz cieszyć się smakiem wina bez alkoholu w każdej sytuacji. Jego unikalny profil smakowy sprawia, że jest doskonałym wyborem dla tych, którzy pragną delektować się chwilą bez rezygnacji z przyjemności. Zamów już dziś wino bezalkoholowe 0% Petit Bellot Blanc i przekonaj się sam o jego niezwykłym smaku!;33,00 zł;https://dobrewina.pl/2254-large_default/wino-bezalkoholowe-0-petit-bellot-blanc-biale-wytrawne-075l.jpg;https://dobrewina.pl/2244-large_default/wino-bezalkoholowe-0-petit-bellot-blanc-biale-wytrawne-075l.jpg;Francja;Bordeaux;Sauvignon Blanc;Bezalkoholowe;Lekko wytrawne;0%;Aperitif, Dania wegetariańskie, Owoce morza, Przystawki, Samo w sobie, Ryby;https://dobrewina.pl/wina-bezalkoholowe/5549-wino-bezalkoholowe-0-petit-bellot-blanc-biale-wytrawne-075l-3770021137265.html
8052439180381;Prosecco Marsuret Rive di Guia Extra Brut Valdobbiadene Superiore DOCG 0,75 L;Wina | Wytrawność | Wytrawne | Szczepy | Białe | Rodzaj | Wino musujące | Prosecco i Valdobbiadene | Nowości | Cena | 60,01 - 100,00 zł | Kraj | Włochy;Marsuret „Rive di Guia” Prosecco Superiore Extra Brut narodził się w otoczeniu bogatym w historię i sztukę Valdobbiadene. Wyśmienite i eleganckie, to niezwykle aromatyczne wino produkowane jest z winogron Glera uprawianych w winnicach Guia , miasta położonego na pagórkowatym grzbiecie, które stanowi kolebkę Prosecco we Włoszech. Krajobraz jest jednym z najbardziej sugestywnych, z rzędami winorośli, które biegną nieprzerwanie wzdłuż stromych zboczy. Teren w tych częściach jest płytki i ma niewielkie zasoby wody. Klimat jest łagodny, ale charakteryzują go duże wahania temperatur. Jest to idealne terroir dla Glery, winorośli o nieznanym pochodzeniu, ale znanej już w czasach rzymskich . W rzeczywistości warunki glebowo-klimatyczne powodują jedynie zwiększenie zawartości cukru w ​​ winogronach i ich ł adunku aromatycznego, podkre ś laj ą c charakterystyczn ą kwasowo ść wina. Rodzina Marsura doskonale interpretuje te cechy i aby w pełni szanować cechy odmianowe i naturalne skłonności winogron, zbiera grona wyłącznie ręcznie. Metoda Charmata, obejmująca drugą fermentację i refermentację w autoklawie, to najodpowiedniejszy sposób działania w celu zwiększenia świeżości Prosecco Superiore Extra Brut Valdobbiadene DOCG „Rive di Guia”. Po wytłoczeniu winogrona poddawane są białej winifikacji w dużych stalowych zbiornikach, zanim nabiorą blasku. Delikatna i trwała perlage otacza podniebienie. Zmysł węchu zachwyca elegancki i wyrafinowany zapach, w którym mocno ujawniają się nuty jabłka.;69,90 zł;https://dobrewina.pl/2249-large_default/wino-musujace-prosecco-marsuret-rive-di-guia-extra-brut-valdobbiadene-superiore-bardzo-wytrawne-docg-075-l.jpg;N/A;Włochy;Veneto;Glera;Musujące;Wytrawne;11,5%;Ryby, Aperitif, Owoce morza, Przystawki, Samo w sobie;https://dobrewina.pl/wino-musujace/5545-wino-musujace-prosecco-marsuret-rive-di-guia-extra-brut-valdobbiadene-superiore-bardzo-wytrawne-docg-075-l-8052439180381.html
8052439180183;Prosecco Marsuret San Boldo Brut Valdobbiadene Superiore DOCG 0,75 L;Wina | Wytrawność | Wytrawne | Szczepy | Białe | Rodzaj | Wino musujące | Prosecco i Valdobbiadene | Nowości | Cena | 60,01 - 100,00 zł | Kraj | Włochy;Na przełęczy San Boldo znajdują się winnice, w których uprawia się winogrona Glera, absolutny bohater San Boldo Prosecco Superiore Brut Valdobbiadene DOCG z winnicy Marsuret. Szczególne położenie geograficzne nadaje produktowi charakterystyczną kwaśną nutę, ponieważ chłodne prądy w sprytny sposób spowalniają dojrzewanie winogron. Glery nie trzeba specjalnie przedstawiać. Półaromatyczna, żywiołowa i krystaliczna, to winorośl, której pochodzenie pozostaje owiane tajemnicą. Wiemy, że pierwsze ślady historyczne sięgają XVI wieku. San Boldo powstaje w wyniku procesu produkcyjnego zgodnego z metodą Charmat. W piwnicy, po klasycznej białej winifikacji ze spontaniczną fermentacją w stalowych kadziach, wino bazowe długo dojrzewa w zbiornikach przed fermentacją w autoklawie. Pierwszą rzeczą, która rzuca się w oczy w tym prosecco, jest jego wygląd charakteryzujący się bladożółtym kolorem i przesiąknięty delikatną i trwałą perlistością. Bukiet jest niezwykle elegancki. Nuty złotego jabłka przeplatają się z intensywnym aromatem dzikich kwiatów, a łyk wykazuje wytrawny i intensywny charakter. Doskonałe jako aperitif, doskonale komponuje się z każdym daniem na bazie ryb.;66,00 zł;https://dobrewina.pl/2250-large_default/wino-musujace-prosecco-marsuret-san-boldo-brut-valdobbiadene-superiore-wytrawne-docg-075-l.jpg;N/A;Włochy;Veneto;Glera;Musujące;Wytrawne;11,5%;Ryby, Aperitif, Przystawki, Samo w sobie;https://dobrewina.pl/wino-musujace/5546-wino-musujace-prosecco-marsuret-san-boldo-brut-valdobbiadene-superiore-wytrawne-docg-075-l-8052439180183.html
8052439180176;Prosecco Marsuret Il Soller Extra Dry Valdobbiadene Superiore DOCG 0,75 L;Wina | Wytrawność | Delikatnie wytrawne | Szczepy | Białe | Rodzaj | Wino musujące | Prosecco i Valdobbiadene | Nowości | Cena | 60,01 - 100,00 zł | Kraj | Włochy;Soller Prosecco Superiore Extra Dry to jedna z flagowych marek winiarni Marsuret. Świeży i delikatny, narodził się w królestwie Glera, winogronie, które znalazło idealne środowisko w Valdobbiadene. Gleba jest płytka, nie zatrzymuje wilgoci, a łagodny klimat charakteryzuje się nie tylko dużymi wahaniami temperatur, ale także dość dużą ilością opadów. Winnice, w których uprawiane są winogrona przeznaczone do produkcji Soller, położone są w najbardziej chronionej części obszaru i wykorzystują szczególne nachylenie wzgórz, które pozwala im otrzymywać ciepło słońca przez cały dzień . Był rok 1936, kiedy Agostino, założyciel kupił pierwszą winnicę. Od tego momentu rodzina mogła się odnawiać, zachowując przy tym swoją tradycję. Efektem są winnice, w których praca prowadzona jest z pełnym poszanowaniem natury i wyłącznie ręcznie. Winogrona uprawiane na tych obszarach charakteryzują się silną zawartością cukru połączoną z utrzymującą się nutą kwasowości. Aby zachować te cechy w nienaruszonym stanie, stosuje się metodę Charmat, która pozwala nam szanować i jednocześnie wzmacniać świeżość i żywotność typową dla winogron Glera . W piwnicy pęczki po wyciśnięciu trafiają do białej winifikacji, która rozpoczyna się fermentacją w stali. Druga fermentacja odbywa się w autoklawie, zgodnie z wytycznymi Metody Martinottiego. Pod koniec procesu produkcyjnego Soller prezentuje słomkowożółty kolor i delikatny perlage. Zmysł węchu uśmierza zapach chrupiącego jabłka, a łyk jest aromatyczny i zachęcający.;66,00 zł;https://dobrewina.pl/2251-large_default/wino-musujace-prosecco-marsuret-il-soller-extra-dry-valdobbiadene-superiore-pol-wytrawne-docg-075-l.jpg;N/A;Włochy;Veneto;Glera;Musujące;Lekko wytrawne;11,5%;Przystawki, Samo w sobie, Ryby, Aperitif;https://dobrewina.pl/wino-musujace/5547-wino-musujace-prosecco-marsuret-il-soller-extra-dry-valdobbiadene-superiore-pol-wytrawne-docg-075-l-8052439180176.html
3770021137234;Petit Bellot Rouge Bezalkoholowe 0% 0,75 L;Wina | Wytrawność | Delikatnie wytrawne | Szczepy | Czerwone | Rodzaj | Wina bezalkoholowe | wina bezalkoholowe czerwone | Wino czerwone | owocowe i świeże | Nowości | Cena | 25,01 - 40,00 zł | Kraj | Francja | Wina na wesele;Petit Bellot Rouge to wyjątkowe wino bezalkoholowe , które łączy w sobie bogactwo smaku i aromatu z zaletami braku alkoholu. To wytrawne, czerwone wino powstaje z najlepszych, starannie wyselekcjonowanych winogron, które są przetwarzane w taki sposób, aby zachować ich naturalne walory, jednocześnie eliminując alkohol. Jak smakuje wino bezalkoholowe Petit Bellot Rouge? W kieliszku Petit Bellot Rouge 0% prezentuje głęboki, rubinowy kolor, który przyciąga wzrok i zapowiada intensywne doznania smakowe. Bukiet tego wina jest niezwykle złożony, z wyraźnymi nutami czerwonych owoców takich jak jeżyna i czarna porzeczka, wzbogaconymi delikatnymi akcentami przypraw i subtelnego drewna. Na podniebieniu to wino francuskie z regionu Bordeaux charakteryzuje się harmonijną strukturą, dobrze zbalansowaną kwasowością i długim, satysfakcjonującym finiszem. Z czym łączymy wino 0% Petit Bellot Rouge? Petit Bellot Rouge 0% jest doskonałym wyborem dla tych, którzy pragną cieszyć się wyrafinowanym smakiem czerwonego wina bez efektów ubocznych alkoholu . Świetnie komponuje się z daniami kuchni śródziemnomorskiej, grillowanymi warzywami, lekkimi potrawami mięsnymi oraz serami. To wino idealnie sprawdzi się na eleganckie kolacje, spotkania towarzyskie, a także jako prezent dla bliskich , ceniących zdrowy styl życia. Skosztuj wina bezalkoholowego Petit Bellot Rouge i pozwól sobie na chwilę prawdziwej przyjemności bez kompromisów.;33,00 zł;https://dobrewina.pl/2253-large_default/wino-bezalkoholowe-0-petit-bellot-rouge-czerwone-wytrawne-075l.jpg;N/A;Francja;Bordeaux;Merlot;Bezalkoholowe;Lekko wytrawne;0%;Wołowina, Dania Śródziemnomorskie, Baranina, Wieprzowina;https://dobrewina.pl/wina-bezalkoholowe/5551-wino-bezalkoholowe-0-petit-bellot-rouge-czerwone-wytrawne-075l-3770021137234.html
3770021137272;Petit Bellot Rose Bezalkoholowe 0% 0,75 L;Wina | Wytrawność | Delikatnie wytrawne | Rodzaj | Wina bezalkoholowe | wina bezalkoholowe różowe | Nowości | Cena | 25,01 - 40,00 zł | Kraj | Francja | Wina na wesele;Zobacz film Petit Bellot Rose to wyjątkowe wino bezalkoholowe , które łączy w sobie bogactwo smaku i aromatu z zaletami braku alkoholu. To wytrawne, różowe wino powstaje z najlepszych, starannie wyselekcjonowanych winogron, które są przetwarzane w taki sposób, aby zachować ich naturalne walory, jednocześnie eliminując alkohol. Jak smakuje wino bezalkoholowe Petit Bellot Rose? Wino bezalkoholowe 0% Petit Bellot Rose to prawdziwa uczta dla zmysłów, która zaskakuje świeżością i aromatem. Już na pierwszy rzut oka przyciąga wzrok pięknym, różowym kolorem, który przypomina letnie zachody słońca. Ale to dopiero początek tej smakowej podróży. Gdy tylko uniesiesz kieliszek do nosa, poczujesz delikatne nuty owoców leśnych – truskawek, malin oraz subtelny akcent wiśni. To aromaty, które od razu przywołują na myśl ciepłe dni spędzone na świeżym powietrzu. W smaku Petit Bellot Rose jest lekko mineralne, co dodaje mu wyjątkowego charakteru i sprawia, że każdy łyk staje się prawdziwą przyjemnością. Na podniebieniu wino rozwija się z harmonijną równowagą między słodyczą a kwasowością. Owocowe nuty przeplatają się z delikatnymi tonami kwiatowymi, tworząc niezwykle orzeźwiający bukiet smakowy. To idealna propozycja dla tych, którzy pragną delektować się winem bez alkoholu – doskonałe zarówno na romantyczną kolację, jak i spotkanie ze znajomymi. Z czym łączymy wino 0% Petit Bellot Rose? Petit Bellot Rose 0% wyróżnia się również długim finiszem, który pozostawia przyjemne wspomnienie owocowej świeżości. Dzięki temu wino to jest nie tylko smaczne, ale także uniwersalne – świetnie komponuje się z lekkimi sałatkami, daniami rybnymi czy nawet piknikowymi przekąskami. Niech to wino francuskie z regionu Bordeaux Petit Bellot Rose stanie się Twoim nowym ulubionym napojem bezalkoholowym ! Odkryj jego smak i pozwól sobie na chwilę relaksu w każdym łyku. Idealne na każdą okazję!;33,00 zł;https://dobrewina.pl/2255-large_default/wino-bezalkoholowe-0-petit-bellot-rose-rozowe-wytrawne-075l.jpg;N/A;Francja;Bordeaux;Merlot;Bezalkoholowe;Lekko wytrawne;0%;Ryby, Dania Śródziemnomorskie, Dania wegetariańskie, Owoce morza;https://dobrewina.pl/wina-bezalkoholowe/5550-wino-bezalkoholowe-0-petit-bellot-rose-rozowe-wytrawne-075l-3770021137272.html
3770021137005;Grand Bellot Rouge Bordeaux AOC 0,75 L;Wina | Wytrawność | Wytrawne | Szczepy | Czerwone | Cabernet Sauvignon | Rodzaj | Wino czerwone | aromatyczne i dojrzałe | Nowości | Cena | 25,01 - 40,00 zł | Kraj | Francja | Bordeaux/Medoc;80% Merlot, 10% Cabernet Sauvignon, 10% Cabernet Franc. Piękny głęboki fioletowo-czerwony kolor. Przyjemny aromat wyraźnie potwierdza jego pochodzenie z dużą ilością dymu, prażonego pieprzu i świeżego humusu. Podniebienie jest młode z niepokojącymi taninami, które należy zaokrąglić. Intensywne roślinne aromaty sosny, paproci i czarnej porzeczki na finiszu. Frederic Bellot jest czwartym pokoleniem winiarzy w swojej posiadłości w Bordeaux. Po zebraniu wyjątkowych doświadczeń w produkcji wina w słynnych światowych posiadłościach, postanowił powrócić w 2014 r. do rodzinnej posiadłości, aby wyprodukować jedne z najlepszych win apelacji. Grand Bellot jest kwintesencją najlepszego wina winifikowanego przez Fredrica. Chce przekazać całą swoją pasję i czyste emocje w tym inspirującym wino projekcie.;33,00 zł;https://dobrewina.pl/2257-large_default/wino-czerwone-grand-bellot-rouge-bordeaux-wytrawne-aoc-075-l.jpg;https://dobrewina.pl/2256-large_default/wino-czerwone-grand-bellot-rouge-bordeaux-wytrawne-aoc-075-l.jpg;Francja;Bordeaux;Merlot, Cabernet Sauvignon, Cabernet Franc;Spokojne;Wytrawne;13,5%;Wołowina, Baranina, Wieprzowina, Dziczyzna;https://dobrewina.pl/wino-czerwone/5552-wino-czerwone-grand-bellot-rouge-bordeaux-wytrawne-aoc-075-l-3770021137005.html
3770021137159;Cremant de Bordeaux Brut Grand Bellot AOC 0,75 L;Wina | Wytrawność | Wytrawne | Rodzaj | Wino musujące | Cremant | Nowości | Cena | 40,01 - 60,00 zł | Kraj | Francja;Grand Bellot Brut Cremant de Bordeaux to wino musujące produkowane metodą szampańską z drugą fermentacją i leżakowaniem co najmniej 12 miesięcy w butelce. Wino produkowane jest z trzech winogron Merlot, Cabernet Franc, Semillon i niewielkiej ilości Muscadelle. Winogrona zbiera się stosunkowo wcześnie i natychmiast tłoczy, aby zachować świeżość i elegancję. Kiedy sok winogronowy z każdego winogrona ostygnie i trochę odpocznie, pierwsza fermentacja odbywa się przez około 10–15 dni w zbiornikach ze stali hartowanej. Następnie winiarz miesza różne winogrona, aby uzyskać pożądany profil smakowy, tzw. mieszankę. Następnie wino jest butelkowane i poddawane drugiej fermentacji tzw. metodą tradycyjną przez 12 miesięcy, po czym na butelkę zostaje nałożony nowy korek z kantarem. Zapach ma nuty limonki, pomarańczy i zielonego mango. Smak jest świeży i owocowy z eleganckimi bąbelkami, a druga fermentacja stworzyła smaki zielonych jabłek i gruszek.;55,00 zł;https://dobrewina.pl/2258-large_default/wino-musujace-cremant-de-bordeaux-brut-grand-bellot-wytrawne-aoc-075-l.jpg;N/A;Francja;Bordeaux;Muscadelle, Merlot, Semillon, Cabernet Franc;Musujące;Wytrawne;12%;Ryby, Aperitif, Przystawki, Samo w sobie;https://dobrewina.pl/wino-musujace/5553-wino-musujace-cremant-de-bordeaux-brut-grand-bellot-wytrawne-aoc-075-l-3770021137159.html
8008900004076;Cielo Zero Sparkling Bezalkoholowy 0,75 L;Wina | Wytrawność | Półwytrawne | Rodzaj | Wina bezalkoholowe | wina bezalkoholowe musujące | Cena | 25,01 - 40,00 zł | Kraj | Włochy | Wina na wesele;Cielo wspiera projekty wodne na całym świecie za pośrednictwem Winetowater.org, ponieważ woda jest naszym kluczowym zasobem życia i wina, a oni chcą się odwdzięczyć. Ich celem jest wzmocnienie związku z projektem Wine To Water poprzez stworzenie wyjątkowej butelki. Musujące bezalkoholowe zaskoczy Cię świeżymi owocami z nutami cytrusów w aromacie i przyjemnym owocowym smakiem o zrównoważonej kwasowości. Idealnie nadaje się jako aperitif lub w połączeniu z lekkimi daniami i sałatkami. Nadaje się również do mieszania z różnymi sokami. Podawać w temperaturze 6° - 8° C.;33,00 zł;https://dobrewina.pl/2261-large_default/cielo-zero-sparkling-bezalkoholowy-075-l.jpg;N/A;Włochy;Veneto;N/A;Bezalkoholowe;Półwytrawne;0%;Ryby, Aperitif, Przystawki;https://dobrewina.pl/wina-bezalkoholowe/5559-cielo-zero-sparkling-bezalkoholowy-075-l-8008900004076.html
8410644121108;Cava Marques de Terrabona Rosado Brut DO 0,75 L;Wina | Wytrawność | Wytrawne | Rodzaj | Wino musujące | Cava | Nowości | Cena | 40,01 - 60,00 zł | Kraj | Hiszpania;Wino Cava Marques de Terrabona Rosado Brut to doskonały wybór dla miłośników wina różowego o delikatnym smaku i eleganckim aromacie. To hiszpańskie wino musujące, które zachwyca swoją subtelnością i świeżością. Cava Marques de Terrabona Rosado Brut zostało wyprodukowane z najlepszych winogron odmiany Trepat, Garnacha i Monastrell co nadaje mu charakterystyczny różowy kolor i intensywne nuty owocowe. Delikatna perełkowanie sprawia, że każdy łyk tego wina jest prawdziwym doznaniem dla podniebienia. To idealne wino na romantyczną kolację we dwoje, spotkanie ze znajomymi czy po prostu wieczór relaksu przed telewizorem. Doskonale komponuje się z lekkimi potrawami, sałatkami owocowymi czy deserami na bazie owoców leśnych.;44,00 zł;https://dobrewina.pl/2265-large_default/wino-musujace-cava-marques-de-terrabona-rosado-brut-hiszpanskie-wytrawne-do-075-l.jpg;N/A;Hiszpania;Katalonia;Garnacha, Trepat, Monastrell;Musujące;Wytrawne;11,5%;Ryby, Aperitif, Owoce morza, Przystawki, Samo w sobie;https://dobrewina.pl/wino-musujace/5561-wino-musujace-cava-marques-de-terrabona-rosado-brut-hiszpanskie-wytrawne-do-075-l-8410644121108.html
3700092711101;Wino musujące Szampan Champagne Le Mesnil Blanc de Blancs Grand Cru Brut Grey Label francuskie wytrawne 0,75 L;Wina | Wytrawność | Wytrawne | Szczepy | Białe | Chardonnay | Rodzaj | Wino musujące | Szampan / Champagne | Cena | powyżej 200 zł | Kraj | Francja;Champagne Le Mesnil Blanc de Blancs Grand Cru Brut Grey Label 0,75 L Francja • Szampan Blanc de Blancs • Brut • Grand Cru Le Mesnil to jeden z najbardziej prestiżowych adresów w Szampanii – miejscowość i kooperatywa, które od pokoleń słyną z wybitnych win na bazie 100% Chardonnay . Edycja Grey Label Brut to kwintesencja stylu Blanc de Blancs Grand Cru – eleganckiego, mineralnego i długowiecznego. W kieliszku olśniewa bladozłotą barwą i drobnym, trwałym musowaniem. Aromat otwiera się nutami białych kwiatów, cytrusów i zielonego jabłka, stopniowo ustępując miejsca akcentom tostów i świeżo wypieczonego pieczywa. W ustach jest wytrawny, rześki, o idealnej równowadze między owocowością a kredową mineralnością, z długim, eleganckim finiszem. Charakterystyka: Szczep: 100% Chardonnay Styl: Blanc de Blancs, Brut Pochodzenie: Le Mesnil-sur-Oger, Côte des Blancs, Grand Cru Smak: cytrusowo-jabłkowy, mineralny, z nutą brioche i orzechów Dlaczego warto? To szampan o wyjątkowej finezji, doskonały jako aperitif, ale też świetnie komponujący się z owocami morza, ostrygami czy sushi. Wybór idealny na eleganckie okazje oraz dla koneserów poszukujących autentycznego Grand Cru z Côte des Blancs. Le Mesnil Grey Label – klasyka Blanc de Blancs w najlepszym wydaniu. Szampana Champagne Le Mesnil Blanc de Blancs Grand Cru Brut Grey Label 0,75 L możesz kupić również w naszych sklepach stacjonarnych: Dobre Wina, Warszawa, ul. Wyczółki 46 Dobre Wina, Warszawa, ul. Mickiewicza 30 Dobre Wina, Kraków, ul. Królowej Jadwigi 146 W celu potwierdzenia dostępności - prosimy o kontakt telefoniczny lub mailowy.;219,00 zł;https://dobrewina.pl/2494-large_default/champagne-le-mesnil-blanc-de-blancs-grand-cru-brut-grey-label-075-l.jpg;N/A;Francja;Szampania;Chardonnay;Musujące;Wytrawne;12,5%;Ryby, Aperitif, Owoce morza, Przystawki;https://dobrewina.pl/wino-musujace/5571-champagne-le-mesnil-blanc-de-blancs-grand-cru-brut-grey-label-075-l-3700092711101.html
3037900003678;Champagne Charles Heidsieck Brut Reserve 0,75 L;Wina | Wytrawność | Wytrawne | Rodzaj | Wino musujące | Szampan / Champagne | Nowości | Cena | 100,01 - 200,00 zł | Kraj | Francja;Champagne Charles Heidsieck Brut Reserve to wyjątkowy trunek, który zachwyci nawet najbardziej wymagających koneserów. Ta doskonała kompozycja pochodzi z renomowanego domu winiarskiego Charles Heidsieck, znanej ze swojej tradycji i doskonałej jakości. To szlachetne wino charakteryzuje się delikatnymi bąbelkami oraz intensywnym aromatem owoców cytrusowych i migdałów. W smaku jest pełne, z nutami gruszek i jabłek, idealnie zbalansowane między świeżością a subtelnym słodyczą. Champagne Charles Heidsieck Brut Reserve to doskonały wybór na specjalne okazje oraz eleganckie przyjęcia. Dzięki swojej wyjątkowej jakości i prestiżowemu charakterowi, z pewnością zachwyci każdego miłośnika wyszukanych trunków.;219,00 zł;https://dobrewina.pl/2308-large_default/wino-musujace-szampan-champagne-charles-heidsieck-brut-reserve-wytrawne-075-l.jpg;N/A;Francja;Szampania;N/A;Musujące;Wytrawne;12%;Ryby, Aperitif, Przystawki, Samo w sobie;https://dobrewina.pl/wino-musujace/5603-wino-musujace-szampan-champagne-charles-heidsieck-brut-reserve-wytrawne-075-l-3037900003678.html
3506707069014;L'Oratoire AOC Côtes du Rhône Plan de Dieu 0,75 L;Wina | Wytrawność | Wytrawne | Szczepy | Czerwone | Shiraz/Syrah | Rodzaj | Wino czerwone | treściwe i beczkowe | Nowości | Cena | 40,01 - 60,00 zł | Kraj | Francja | Promocje | Okazje miesiąca!;L'Oratoire AOC Côtes du Rhône Plan de Dieu to wyjątkowe wino pochodzące z regionu Rhône we Francji . To wino charakteryzuje się głębokim czerwonym kolorem i intensywnymi aromatami owoców leśnych, przypraw i delikatnych nut drewna. W smaku jest pełne, zrównoważone i eleganckie, idealne do podkreślenia wyjątkowych chwil. L'Oratoire AOC Côtes du Rhône Plan de Dieu to doskonały wybór na specjalne okazje oraz wieczorne spotkania ze znajomymi. Dzięki swojej wysokiej jakości i niepowtarzalnemu smakowi z pewnością zachwyci nawet najbardziej wymagających koneserów wina. Z czym łączymy wino L'Oratoire AOC Côtes du Rhône Plan de Dieu? Wino L'Oratoire AOC Côtes du Rhône Plan de Dieu to doskonały wybór dla miłośników win z regionu Rodanu. To eleganckie i pełne charakteru wino, które doskonale komponuje się z różnorodnymi potrawami. Z czym więc łączymy to wyjątkowe wino? Wino L'Oratoire AOC Côtes du Rhône Plan de Dieu doskonale sprawdzi się w towarzystwie dań mięsnych, takich jak pieczone dziczyzna czy wołowina. Jego bogaty smak i intensywny bukiet będą doskonałym uzupełnieniem intensywnych i aromatycznych potraw. Jeśli preferujesz dania z owocami morza, nie martw się - wino L'Oratoire AOC Côtes du Rhône Plan de Dieu również świetnie pasuje do ryb i owoców morza. Jego delikatność i subtelność sprawią, że każdy kęs będzie prawdziwą ucztą dla podniebienia. Nie zapominajmy także o serach - wino L'Oratoire AOC Côtes du Rhône Plan de Dieu świetnie komponuje się z różnorodnymi rodzajami sera, od delikatnych kozich serów po intensywne pleśniaki. Podsumowując , to wyjątkowe wino będzie idealnym dodatkiem do wielu potraw, dzięki czemu każda chwila spędzona przy stole stanie się niezapomniana. Odkryj nowe smaki i doznania kulinarne, łącząc wino L'Oratoire AOC Côtes du Rhône Plan de Dieu z ulubionymi potrawami! Dlaczego warto wybrać L'Oratoire AOC Côtes du Rhône Plan de Dieu? Po pierwsze, L'Oratoire AOC Côtes du Rhône Plan de Dieu pochodzi z renomowanego regionu winiarskiego Côtes du Rhône, co gwarantuje jego doskonałą jakość i autentyczność. To wino jest prawdziwym klejnotem tego obszaru i stanowi doskonałe odzwierciedlenie lokalnego terroir. Po drugie, L'Oratoire AOC Côtes du Rhône Plan de Dieu wyróżnia się niezwykłym charakterem i bogatym bukietem aromatycznym. Znajdziesz w nim nuty czerwonych owoców, przypraw oraz delikatną nutę mineralności, która nadaje mu wyjątkowego smaku. Warto również podkreślić, że L'Oratoire AOC Côtes du Rhône Plan de Dieu doskonale komponuje się z różnorodnymi potrawami, dzięki czemu może być idealnym towarzyszem zarówno eleganckiej kolacji, jak i spotkania ze znajomymi. Podsumowując , jeśli szukasz wyjątkowego wina o niepowtarzalnym charakterze i doskonałej jakości, L'Oratoire AOC Côtes du Rhône Plan de Dieu jest właśnie tym, czego potrzebujesz. Nie wahaj się więc ani chwili dłużej - sięgnij po to wino i rozkoszuj się jego wyjątkowymi walorami już dziś!;55,00 zł;https://dobrewina.pl/2313-large_default/wino-l-oratoire-aoc-cotes-du-rhone-plan-de-dieu-francuskie-czerwone-wytrawne-075-l.jpg;N/A;Francja;Doliny Rodanu;Grenache, Carignan, Syrah;Spokojne;Wytrawne;14,5%;Wołowina, Sery, Baranina, Wieprzowina, Dziczyzna;https://dobrewina.pl/wino-czerwone/5610-wino-l-oratoire-aoc-cotes-du-rhone-plan-de-dieu-francuskie-czerwone-wytrawne-075-l-3506707069014.html
3506707012911;Castellas AOC Vacqueyras 0,75 L;Wina | Wytrawność | Wytrawne | Szczepy | Czerwone | Shiraz/Syrah | Rodzaj | Wino czerwone | treściwe i beczkowe | Nowości | Cena | 60,01 - 100,00 zł | Kraj | Francja;Klasyka Rodanu, Wyjątkowy Terroir Od 1925 roku nasi rzemieślnicy-winiarze dbają o to, aby dostarczyć Ci najlepsze wina z naszych winnic i pozwolić Ci doświadczyć nie tylko samego trunku, ale także jakości i autentyczności naszego terroir. To wyjątkowe cuvée, złożone z trzech klasycznych odmian południa Francji: Syrah, Grenache Noir i Mourvedre, pochodzi z prestiżowego regionu Vacqueyras. Wino charakteryzuje się intensywną rubinową barwą z błyszczącymi refleksami. Aromatyczny bukiet początkowo ujawnia delikatne nuty fiołków, a następnie przechodzi w subtelne akcenty truskawek. Na podniebieniu wino jest pełne i bogate, jednocześnie zachowując doskonałą równowagę. Eleganckie i jedwabiste taniny nadają mu harmonijny charakter. Oceny Ekspertów To wino zostało docenione przez Roberta Parkera, który przyznał mu 90 punktów. Winiarstwo Winogrona są ręcznie zbierane, a następnie każdy szczep jest winifikowany osobno, aby zachować jego unikalne cechy.;99,90 zł;https://dobrewina.pl/2327-large_default/wino-czerwone-castellas-aoc-vacqueyras-francuskie-wytrawne-075-l.jpg;N/A;Francja;Doliny Rodanu;Syrah, Mourvedre, Grenache;Spokojne;N/A;14%;N/A;https://dobrewina.pl/wino-czerwone/5612-wino-czerwone-castellas-aoc-vacqueyras-francuskie-wytrawne-075-l-3506707012911.html
8008900003420;Amarone Amaregi Riserva DOCG 0,75 L;Wina | Wytrawność | Półwytrawne | Szczepy | Czerwone | Rodzaj | Wino czerwone | treściwe i beczkowe | Nowości | Appassimento | Cena | 100,01 - 200,00 zł | Kraj | Włochy | Amarone;Wino Amarone Amaregi Riserva DOCG to wyjątkowy trunek o niezrównanej jakości i smaku. To wino pochodzi z regionu Veneto we Włoszech, gdzie jest produkowane z najwyższą starannością i tradycją. Amarone Amaregi Riserva DOCG charakteryzuje się intensywnym aromatem czerwonych owoców, delikatnymi nutami przypraw i subtelnie wyczuwalnymi taninami. Wino Amarone Amaregi Riserva DOCG 0,75 L to wyjątkowy trunek, który doskonale komponuje się z różnorodnymi potrawami. Jego intensywny smak i bogate aromaty sprawiają, że idealnie pasuje do wykwintnych dań kuchni włoskiej. Dzięki swojej pełnej strukturze i głębokiemu charakterowi, wino Amarone doskonale współgra z potrawami mięsnymi, takimi jak pieczone dziczyzna czy wołowina. Jego delikatne nuty owocowe świetnie komponują się z serami pleśniowymi i dojrzewającymi. Nie ma wątpliwości, że wino Amarone Amaregi Riserva DOCG 0,75 L będzie doskonałym towarzyszem dla eleganckiego wieczoru przy stole. Jego wyjątkowa jakość sprawi, że każdy kęs potrawy nabierze nowego wymiaru smaku, a każdy łyk wina będzie niezapomnianym doznaniem dla podniebienia. Dlatego jeśli szukasz idealnego towarzysza dla swoich ulubionych dań kuchni włoskiej, nie wahaj się sięgnąć po wino Amarone Amaregi Riserva DOCG 0,75 L. Jego wyjątkowy charakter sprawi, że każda chwila spędzona przy stole stanie się niezapomniana. Buon appetito!;129,00 zł;https://dobrewina.pl/2320-large_default/wino-amarone-amaregi-riserva-docg-wloskie-075-l.jpg;N/A;Włochy;Veneto;Corvina, Rondinella;Spokojne;Półwytrawne;16%;Sery, Baranina, Wieprzowina, Dziczyzna, Wołowina;https://dobrewina.pl/wino-czerwone/5623-wino-amarone-amaregi-riserva-docg-wloskie-075-l-8008900003420.html
3506701419112;Le Pas de Montmirail AOC Gigondas 0,75 L;Wina | Wytrawność | Wytrawne | Szczepy | Czerwone | Shiraz/Syrah | Rodzaj | Wino czerwone | treściwe i beczkowe | Nowości | Cena | 60,01 - 100,00 zł | Kraj | Francja;Autentyczny Smak Prowansji Od 1925 roku nasi rzemieślnicy-winiarze dbają o to, aby dostarczyć Ci najlepsze wina z naszych winnic i pozwolić Ci doświadczyć nie tylko samego trunku, ale także jakości i autentyczności naszego terroir. To wyjątkowe cuvée, złożone z trzech klasycznych odmian południa Francji: Syrah, Grenache Noir i Mourvedre, zachwyca swoją intensywnością i złożonością. Aromaty dojrzałych czerwonych owoców, takich jak jeżyny i śliwki, przeplatają się z nutami przypraw korzennych i delikatnego dębu. W ustach wino jest pełne i gładkie, z dobrze zintegrowanymi taninami. Długi finisz pozostawia przyjemne, lekko pikantne wrażenie. To wino doskonale komponuje się z potrawami kuchni prowansalskiej, a także z grillowanym mięsem, dziczyzną i dojrzałymi serami. Oceny Ekspertów To wino zostało docenione przez Roberta Parkera, który przyznał mu 91 punktów. Winiarstwo Winogrona są odrylowane, a fermentacja odbywa się w kontrolowanej temperaturze. Maceracja trwa około 15 dni.;99,90 zł;https://dobrewina.pl/2321-large_default/le-pas-de-montmirail-aoc-gigondas-075-l.jpg;N/A;Francja;Doliny Rodanu;Grenache Noir, Shiraz, Mourvedre;Spokojne;Wytrawne;14%;Wołowina, Sery, Baranina, Wieprzowina, Dziczyzna;https://dobrewina.pl/wino-czerwone/5611-le-pas-de-montmirail-aoc-gigondas-075-l-3506701419112.html
8056894570282;La Pruina Mirintino Negroamaro 0,75 L;Wina | Wytrawność | Wytrawne | Szczepy | Czerwone | Rodzaj | Wino czerwone | aromatyczne i dojrzałe | Nowości | Cena | 40,01 - 60,00 zł | Kraj | Włochy;La Pruina Mirintino Negroamaro to wyjątkowe wino o południowowłoskim charakterze, które zachwyci nawet najbardziej wymagających koneserów. Ten czerwony trunek o intensywnym smaku i bogatym aromacie doskonale komponuje się z potrawami kuchni śródziemnomorskiej. Wino La Pruina Mirintino Negroamaro 0,75 L zachwyca swoim głębokim rubinowym kolorem oraz delikatnymi nutami czarnych owoców i przypraw. Jego harmonijny smak idealnie uzupełnia wieczorne spotkania ze znajomymi czy romantyczne kolacje we dwoje. Dzięki starannej produkcji i tradycyjnym metodach fermentacji, La Pruina Mirintino Negroamaro to wino o niepowtarzalnym charakterze i wyjątkowej jakości. Każdy łyk tego trunku przenosi do słonecznych włoskich winnic, gdzie sztuka wytwarzania wina jest przekazywana z pokolenia na pokolenie. Wino La Pruina Mirintino Negroamaro 0,75 L to doskonały wybór do wielu potraw kuchni włoskiej. Jego intensywny smak i bogate aromaty doskonale komponują się z różnorodnością dań, od makaronów po mięsa i sery. Dzięki swojej pełnej struktury i wyrazistemu charakterowi, wino La Pruina Mirintino Negroamaro 0,75 L doskonale pasuje do potraw mięsnych, takich jak duszone wołowina czy pieczony kurczak. Jego delikatne nuty owocowe świetnie współgrają z daniami z ryb oraz owocami morza, dodając im dodatkowej głębi smaku. Nie zapominajmy także o serach - wino La Pruina Mirintino Negroamaro 0,75 L sprawdzi się doskonale jako towarzysz serów pleśniowych czy twarogowych. Jego zrównoważony smak idealnie uzupełni intensywność tych produktów. Wniosek jest prosty - jeśli szukasz wina, które będzie idealnym uzupełnieniem dla Twoich ulubionych potraw włoskich, La Pruina Mirintino Negroamaro 0,75 L jest odpowiedzią na Twoje potrzeby. Ciesz się wyjątkowym smakiem i aromatem tego wina przy każdym posiłku!;66,00 zł;https://dobrewina.pl/2324-large_default/wino-czerwone-la-pruina-mirintino-negroamaro-wloskie-wytrawne-075-l.jpg;N/A;Włochy;Puglia;Negroamaro;Spokojne;Wytrawne;13%;Wołowina, Sery, Baranina, Wieprzowina, Dziczyzna;https://dobrewina.pl/wino-czerwone/5630-wino-czerwone-la-pruina-mirintino-negroamaro-wloskie-wytrawne-075-l-8056894570282.html
3506707052115;Les Templiers AOC Côtes du Rhône Villages Roaix 0,75 L;Wina | Wytrawność | Wytrawne | Szczepy | Czerwone | Shiraz/Syrah | Rodzaj | Wino czerwone | aromatyczne i dojrzałe | Nowości | Cena | 40,01 - 60,00 zł | Kraj | Francja;Les Templiers AOC Côtes du Rhône Villages Roaix 0,75 L to wino o wyjątkowym charakterze i doskonałej jakości, które z pewnością zachwyci nawet najbardziej wymagających miłośników wina. To produkt, który powstał z pasją i tradycją, odzwierciedlając autentyczność regionu Côtes du Rhône. Wino Les Templiers AOC Côtes du Rhône Villages Roaix 0,75 L jest doskonałym wyborem dla osób poszukujących wyrafinowanego smaku i niepowtarzalnego aromatu. Dzięki starannej selekcji winogron oraz precyzyjnemu procesowi produkcji, każdy łyk tego wina przenosi do malowniczego krajobrazu francuskiej prowincji. Zapraszamy do odkrycia bogactwa smaków Les Templiers AOC Côtes du Rhône Villages Roaix 0,75 L i poddania się magii tego wyjątkowego trunku. Jego delikatna nuta owocowa oraz subtelne taniny sprawią, że każde spotkanie ze znajomymi czy romantyczna kolacja nabierze niezapomnianego charakteru. Wino Les Templiers AOC Côtes du Rhône Villages Roaix 0,75 L to doskonały wybór dla miłośników kuchni francuskiej. Pasuje ono doskonale do potraw o intensywnym smaku i aromacie, takich jak pieczone mięsa, dziczyzna czy sery pleśniowe. Dzięki swojej bogatej strukturze i głębokiemu smakowi, to czerwone wino doskonale komponuje się z potrawami o wyrazistym charakterze. W połączeniu z aromatycznymi ziołami i przyprawami, tworzy niezapomniane doznania kulinarne. Niech Les Templiers AOC Côtes du Rhône Villages Roaix 0,75 L będzie idealnym uzupełnieniem Twojego menu i podkreśli walory każdego dania. Jego elegancki bukiet zapewni niezapomniane doznania smakowe, które zachwycą Twoich gości i sprawią, że każdy posiłek stanie się wyjątkowym przeżyciem. Niech Les Templiers AOC Côtes du Rhône Villages Roaix 0,75 L stanie się gwiazdą Twoich wieczorów i towarzyszem niezapomnianych chwil. Odkryj sekret tego wyjątkowego wina i pozwól sobie na chwilę relaksu w otoczeniu elegancji i smaku.;49,90 zł;https://dobrewina.pl/2326-large_default/wino-czerwone-les-templiers-aoc-cotes-du-rhone-villages-roaix-francuskie-wytrawne-075-l.jpg;N/A;Francja;Doliny Rodanu;Mourvedre, Grenache, Syrah;Spokojne;Wytrawne;13,5%;Wołowina, Sery, Baranina, Wieprzowina, Dziczyzna;https://dobrewina.pl/wino-czerwone/5609-wino-czerwone-les-templiers-aoc-cotes-du-rhone-villages-roaix-francuskie-wytrawne-075-l-3506707052115.html
8017868000327;Nero d'Avola 77 Botticelle DOP 0,75 L;Wina | Wytrawność | Wytrawne | Szczepy | Czerwone | Rodzaj | Wino czerwone | treściwe i beczkowe | Nowości | Cena | 40,01 - 60,00 zł | Kraj | Włochy;Odkryj Nero d'Avola 77 Botticelle , pełne czerwone wino z Sycylii, wyprodukowane w 100% z typowej odmiany winogron Nero d'Avola. Vintage zachwyca intensywną rubinową barwą i fioletowymi refleksami, natomiast bukiet łączy w sobie dojrzałe owoce leśne z pikantnymi nutami wanilii i eukaliptusa. Dzięki mocnemu, a jednocześnie miękkiemu i owocowemu smakowi, to czerwone wino jest idealnym dodatkiem do grillowanych mięs, dań z dziczyzny i dojrzałych serów. Kolor : Intensywna czerwona barwa z fioletowymi refleksami Bukiet : Intensywny zapach owoców leśnych z pikantnymi nutami wanilii i eukaliptusa Smak : Pełny, głęboki smak, ale jednocześnie miękki i owocowy Dojrzewając w dębowych beczkach przez sześć miesięcy, Nero d'Avola 77 Botticelle nabiera niezwykłej głębi i struktury, co czyni go prawdziwą atrakcją dla koneserów. Przyjemna kwasowość i zawartość cukru resztkowego wynosząca 5 g/l doskonale dopełniają doznania smakowe. Sugestia podania: Doskonałe do mocnych dań, takich jak mięso z grilla, mięso pieczone, dziczyzna i dojrzałe sery. Podawaj Nero d'Avola w temperaturze 16-18°C, aby optymalnie rozwinąć aromat. Czy to na specjalne okazje, czy na przytulne wieczory – to wino wnosi smak Sycylii bezpośrednio do Twojego kieliszka.;44,00 zł;https://dobrewina.pl/2328-large_default/wino-czerwone-nero-d-avola-77-botticelle-dop-wloskie-wytrawne-075-l.jpg;N/A;Włochy;Sycilia;Nero d'Avola;Spokojne;Wytrawne;14,5%;Dziczyzna, Wołowina, Sery, Baranina, Wieprzowina;https://dobrewina.pl/wino-czerwone/5613-wino-czerwone-nero-d-avola-77-botticelle-dop-wloskie-wytrawne-075-l-8017868000327.html
8052190260865;Brunello di Montalcino Notte di Note La Togata 0,75 L;Wina | Wytrawność | Wytrawne | Szczepy | Czerwone | Sangiovese | Rodzaj | Wino czerwone | treściwe i beczkowe | Nowości | Cena | 100,01 - 200,00 zł | Kraj | Włochy | Brunello;Wino Brunello di Montalcino Notte di Note La Togata to prawdziwa perełka w świecie win. To eleganckie i wyrafinowane wino, które zachwyca swoją głębią smaku i intensywnością aromatu. Jest to doskonały wybór dla miłośników wysokiej jakości win, którzy cenią sobie unikalne doznania smakowe. To wino pochodzi z renomowanej winnicy La Togata, która słynie z produkcji doskonałych win Brunello di Montalcino. Notte di Note to jedno z ich najbardziej ekskluzywnych win, które zaskakuje swoją harmonią i elegancją. W każdym łyku można poczuć nuty dojrzałych owoców, delikatne taniny i subtelne nuty drewna. To wino pochodzące z regionu Toskanii we Włoszech jest doskonałym towarzyszem do potraw kuchni włoskiej, zwłaszcza tych opartych na mięsie, takich jak steki, dziczyzna czy dania z grilla. Jego intensywny aromat czerwonych owoców i przyjemna nuta korzenna sprawiają, że doskonale komponuje się z potrawami z dodatkiem pomidorów, oliwek czy świeżych ziół. Wino Brunello di Montalcino Notte di Note La Togata doskonale podkreśli smak dań takich jak tagliatelle alla bolognese, risotto z grzybami czy pieczony kurczak. Dzięki swojej pełnej struktury i długiemu finiszowi, to wino doskonale sprawdzi się również jako aperitif lub jako towarzysz wieczornego spotkania ze znajomymi przy serach pleśniowych czy deserach czekoladowych. Jego harmonijne połączenie owocowych nut z delikatnymi taninami sprawi, że każdy kęs potrawy będzie jeszcze bardziej wyjątkowy. Jeśli szukasz wyjątkowego wina, które zachwyci Cię swoim charakterem i niezapomnianym smakiem, to Brunello di Montalcino Notte di Note La Togata jest właśnie dla Ciebie. Przekonaj się sam o jego wyjątkowości i podaruj sobie chwilę luksusu przy każdym kieliszku tego wyjątkowego trunku.;149,00 zł;https://dobrewina.pl/2333-large_default/wino-brunello-di-montalcino-notte-di-note-la-togata-wloskie-czerwone-wytrawne-075-l.jpg;N/A;Włochy;Toskania;Sangiovese;Spokojne;Wytrawne;14,5%;Wołowina, Baranina, Wieprzowina, Dziczyzna;https://dobrewina.pl/wino-czerwone/5625-wino-brunello-di-montalcino-notte-di-note-la-togata-wloskie-czerwone-wytrawne-075-l-8052190260865.html
8009307015160;Chianti Governo All'uso Toscana Barbanera DOCG 0,75 L;Wina | Wytrawność | Delikatnie wytrawne | Szczepy | Czerwone | Sangiovese | Rodzaj | Wino czerwone | aromatyczne i dojrzałe | Cena | 25,01 - 40,00 zł | Kraj | Włochy | Promocje | Okazje miesiąca!;Chianti Governo All'uso Toscana Barbanera DOCG 0,75 L to wyjątkowe wino pochodzące z regionu Toskanii we Włoszech. Jest to doskonały wybór dla miłośników wina, którzy poszukują czegoś wyjątkowego i autentycznego. To wino charakteryzuje się intensywnym aromatem czerwonych owoców, delikatnymi nutami przypraw oraz subtelnym posmakiem dębu. Jego bogaty smak i eleganckie wykończenie sprawiają, że jest idealne do spożywania zarówno na co dzień, jak i od specjalnych okazji. Wino Chianti Governo All'uso Toscana Barbanera DOCG 0,75 L zostało starannie wyprodukowane zgodnie z tradycyjnymi metodami winiarskimi, co gwarantuje jego wysoką jakość i niepowtarzalny charakter. Dzięki swojemu prestiżowemu oznaczeniu DOCG możesz mieć pewność, że sięgasz po produkt najwyższej jakości. Wino Chianti Governo All'uso Toscana Barbanera DOCG 0,75 L to wyjątkowy trunek, który doskonale komponuje się z różnorodnymi potrawami kuchni włoskiej. Jego intensywny smak i aromat sprawiają, że idealnie pasuje do dań mięsnych, takich jak steki, pieczone dziczyzna czy grillowane kiełbaski. Wino to doskonale uzupełnia także potrawy z pomidorami, takie jak spaghetti alla puttanesca czy pizza Margherita. Dzięki swojej wyrazistej strukturze i bogatemu bukietowi smakowemu, Chianti Governo All'uso Toscana Barbanera DOCG 0,75 L podkreśli walory każdego dania i sprawi, że posiłek stanie się niezapomnianym doznaniem dla podniebienia. Nie wahaj się więc sięgnąć po to wino przy kolejnej kolacji - gwarantujemy, że nie będziesz rozczarowany! Warto więc dobierać potrawy do tego konkretnego wina z uwagą, aby cieszyć się pełnią jego smaku i aromatu. Zamów teraz to wyjątkowe wino Chianti Governo All'uso Toscana Barbanera DOCG 0,75 L i ciesz się niezapomnianymi chwilami degustacji w najlepszym stylu włoskiej tradycji winiarskiej.;38,00 zł;https://dobrewina.pl/2334-large_default/chianti-governo-all-uso-toscana-barbanera-docg-075-l.jpg;N/A;Włochy;Toskania;Sangiovese;Spokojne;Lekko wytrawne;13,5%;Wołowina, Baranina, Wieprzowina, Dziczyzna;https://dobrewina.pl/wino-czerwone/5626-chianti-governo-all-uso-toscana-barbanera-docg-075-l-8009307015160.html
3394210000026;Jaffelin Macon-Villages Blanc 0,75 L;Wina | Wytrawność | Wytrawne | Szczepy | Białe | Chardonnay | Rodzaj | Wino białe | dojrzałe i aksamitne | Nowości | Cena | 60,01 - 100,00 zł | Kraj | Francja | Bourgogne;Jaffelin Macon-Villages Blanc 0,75 L to wyjątkowe wino pochodzące z regionu Burgundii we Francji. Jest to białe wino o delikatnym i eleganckim smaku, które zachwyci nawet najbardziej wymagających koneserów. Wino Jaffelin Macon-Villages Blanc charakteryzuje się subtelnie zbalansowanym bukietem aromatów owocowych, takich jak brzoskwinie, gruszki i cytrusy. Delikatna nuta miodu nadaje mu wyjątkowego charakteru, a świeżość i lekkość sprawiają, że doskonale sprawdzi się jako aperitif lub do lekkich dań kuchni francuskiej. Opisując do jakich potraw podawać wino Jaffelin Macon-Villages Blanc 0,75 L , warto zwrócić uwagę na jego charakterystykę i smakowe walory. To francuskie wino białe pochodzące z regionu Burgundii, które cechuje się delikatnymi nutami owocowymi i kwiatowymi. Jaffelin Macon-Villages Blanc doskonale sprawdzi się jako towarzysz dań kuchni francuskiej, takich jak klasyczne sery, delikatne ryby czy sałatki z owocami morza. Jego subtelny smak świetnie komponuje się z lekkimi potrawami, podkreślając ich smak i aromat. Podając to wino do potraw, warto zadbać o odpowiednią temperaturę serwowania – najlepiej jest podawać je schłodzone do około 10-12 stopni Celsjusza. Dzięki temu uwydatnią się wszystkie jego walory smakowe. Wino Jaffelin Macon-Villages Blanc 0,75 L to doskonały wybór dla miłośników eleganckich i delikatnych win białych. Jego subtelny charakter sprawi, że stanie się idealnym dodatkiem do wielu potraw, podkreślając ich smak i aromat. Zamów teraz Jaffelin Macon-Villages Blanc 0,75 L i poczuj niepowtarzalny smak francuskiej tradycji winiarskiej w każdym kieliszku!;77,00 zł;https://dobrewina.pl/2335-large_default/wino-jaffelin-macon-villages-blanc-francuskie-biale-wytrawne-075-l.jpg;N/A;Francja;Burgundia;Chardonnay;Spokojne;Wytrawne;12,5%;Samo w sobie, Ryby, Aperitif, Drób, Owoce morza;https://dobrewina.pl/wino-biale/5645-wino-jaffelin-macon-villages-blanc-francuskie-biale-wytrawne-075-l-3394210000026.html
3394210000736;Jaffelin Fleurie 0,75 L;Wina | Wytrawność | Wytrawne | Szczepy | Czerwone | Rodzaj | Wino czerwone | aromatyczne i dojrzałe | Nowości | Cena | 60,01 - 100,00 zł | Kraj | Francja | Promocje | Wyprzedaż;Wino Jaffelin Fleurie 0,75 L to doskonały wybór dla miłośników win z regionu Beaujolais . To eleganckie czerwone wino o intensywnym aromacie czerwonych owoców i subtelnych nutach kwiatowych. W smaku jest delikatne, pełne harmonii i świeżości. To wino doskonale komponuje się z potrawami kuchni francuskiej, zwłaszcza z drobiem, pieczonymi warzywami czy delikatnymi serami. Jego lekkość i owocowa nuta sprawiają, że jest idealnym towarzyszem wieczornych spotkań czy romantycznych kolacji. Opisując do jakich potraw podawać wino Jaffelin Fleurie 0,75 L , warto zwrócić uwagę na jego charakterystykę. Ten czerwony trunek pochodzący z regionu Beaujolais we Francji jest delikatny, owocowy i pełen elegancji. Doskonale sprawdzi się jako towarzysz dań kuchni francuskiej, zwłaszcza tych opartych na drobiu, pieczonym mięsie czy delikatnych serach. Wino Jaffelin Fleurie 0,75 L doskonale komponuje się z potrawami takimi jak kaczka w sosie borowikowym, pieczony kurczak z ziołami lub filet z indyka. Jego subtelne nuty owocowe uzupełnią smak mięsa, podkreślając jego aromat i delikatność. Można także spróbować go z lekkimi serami typu brie lub camembert, które będą doskonałym uzupełnieniem dla tego wykwintnego trunku. Wino Jaffelin Fleurie 0,75 L zachwyca nie tylko swoim smakiem, ale także elegancką etykietą i wyjątkowym designem butelki. To doskonały prezent dla miłośników wysokiej jakości win oraz osób ceniących francuską tradycję i kulturę winiarską. Dzięki swojej unikalnej kompozycji smakowej i aromatycznej, wino Jaffelin Fleurie 0,75 L z pewnością spełni oczekiwania nawet najbardziej wymagających koneserów wina. Odkryj jego wyjątkowy charakter i pozwól sobie na chwilę relaksu przy lampce tego wyjątkowego trunku.;59,90 zł;https://dobrewina.pl/2336-large_default/jaffelin-fleurie-075-l.jpg;N/A;Francja;Beaujolais;Gamay;Spokojne;Wytrawne;13%;Wołowina, Baranina, Wieprzowina, Dziczyzna;https://dobrewina.pl/wino-czerwone/5644-jaffelin-fleurie-075-l-3394210000736.html
3760043500031;Yvan & Co Sparkling Zero Blanc 0,75 L;Wina | Wytrawność | Słodkie | Rodzaj | Wina bezalkoholowe | wina bezalkoholowe musujące | Wino musujące | Cena | 5,00 - 25,00 zł | Kraj | Francja | Promocje | Wyprzedaż;Musujące bezalkoholowe Yvan & Co Sparkling Zero Blanc francuskie 0,75 L to doskonały wybór dla osób poszukujących alternatywy dla tradycyjnego wina, zachowując przy tym elegancję i wyrafinowanie. Yvan & Co Sparkling Zero Blanc to delikatny napój o zerowej zawartości alkoholu, które zachwyca subtelnością bąbelków i intensywnym aromatem. Doskonale sprawdzi się jako aperitif lub towarzysz kolacji, dodając uroku każdej okazji. Dzięki starannie dobranym składnikom i tradycyjnej recepturze francuskiej, Yvan & Co Sparkling Zero Blanc gwarantuje niezapomniane doznania smakowe. Napój ten doskonale komponuje się z lekkimi potrawami oraz deserami, tworząc harmonijną całość na stole. Zachęcamy do sięgnięcia po musujący bezalkoholowy napój Yvan & Co Sparkling Zero Blanc francuskie 0,75 L i odkrycia jego wyjątkowego charakteru. Niech ta francuska delikatesa stanie się nieodłącznym elementem Twoich wyjątkowych chwil! Opis produktu Bezalkoholowy napój gazowany z soku winogronowego Muscat Lista składników: Sok winogronowy Muscat (51%), woda, gaz węglowy, kwas cytrynowy, substancje konserwujące: benzoesan sodu, dwutlenek siarki Wartości odżywcze na 100 ml: Wartość energetyczna : 37,4 kcal (156 kJ) Tłuszcz : 0 g (w tym: kwasy tłuszczowe nasycone 0 g) Węglowodany : 8,8 g (w tym: cukry 8,8 g) Białko : 0,02g Sól : 0,05g Kwasowość / cukier / poziomy ciśnienia: Kwasowość : 7g/l pH : 3,4 Cukier : 90g/L Ciśnienie : 3,5 bar;19,90 zł;https://dobrewina.pl/2338-large_default/musujace-bezalkoholowe-yvan-co-sparkling-zero-blanc-francuskie-075-l.jpg;N/A;Francja;N/A;Muscat;Bezalkoholowe;Słodkie;0%;Aperitif, Desery, Samo w sobie;https://dobrewina.pl/wina-bezalkoholowe/5629-musujace-bezalkoholowe-yvan-co-sparkling-zero-blanc-francuskie-075-l-3760043500031.html
8017868000440;Chianti Terra Scuro Cibreo DOCG 0,75 L;Wina | Wytrawność | Wytrawne | Szczepy | Czerwone | Rodzaj | Wino czerwone | aromatyczne i dojrzałe | Nowości | Cena | 25,01 - 40,00 zł | Kraj | Włochy;Chianti Terra Scuro Cibreo DOCG to wyjątkowe wino pochodzące z regionu Toskanii we Włoszech. Jest to doskonały przykład klasycznego wina Chianti, które zachwyca swoim bogatym smakiem i aromatem. To wino charakteryzuje się intensywnym czerwonym kolorem oraz delikatnymi nutami owoców leśnych i przypraw. Jego wyjątkowy smak jest pełen harmonii i elegancji, idealnie komponując się z potrawami kuchni włoskiej. Chianti Terra Scuro Cibreo DOCG zostało starannie wyprodukowane z dbałością o każdy detal, co sprawia, że jest ono doskonałym wyborem dla miłośników wysokiej jakości win. Butelka o pojemności 0,75 L sprawia, że można delektować się tym wyjątkowym trunkiem w towarzystwie bliskich i przyjaciół. Zapraszamy do spróbowania tego wyjątkowego wina Chianti Terra Scuro Cibreo DOCG i doświadczenia niezapomnianych chwil smakowych prosto z serca Toskanii. Buon appetito!;39,90 zł;https://dobrewina.pl/2342-large_default/chianti-terra-scuro-cibreo-docg-075-l.jpg;N/A;Włochy;Toskania;Sangiovese;Spokojne;Wytrawne;12,5%;Wołowina, Baranina, Wieprzowina, Dziczyzna;https://dobrewina.pl/wino-czerwone/5653-chianti-terra-scuro-cibreo-docg-075-l-8017868000440.html
5601247061424;Gravuras do Coa Porto Tawny 0,75 L 19%;Wina | Wytrawność | Słodkie | Szczepy | Czerwone | Rodzaj | Wino wzmacniane/deserowe | Nowości | Cena | 40,01 - 60,00 zł | Kraj | Portugalia | Promocje | Wyprzedaż | Wina na wesele;Gravuras do Coa Porto Tawny to wyjątkowe wino wzmacniane o pojemności 0,75 litra i zawartości alkoholu wynoszącej 19%. To delikatne i aromatyczne wino, które zachwyci nawet najbardziej wymagających koneserów. Wino Gravuras do Coa Porto Tawny charakteryzuje się intensywnym smakiem owoców suszonych, orzechów oraz subtelnych nut karmelu. Jego złocista barwa oraz gładka tekstura sprawiają, że każdy łyk tego wina to prawdziwa uczta dla podniebienia. Dzięki starannej produkcji i tradycyjnym metodach fermentacji, wino Porto Tawny zachowuje swoje wyjątkowe walory smakowe i aromatyczne. To idealny wybór na wieczorne spotkania ze znajomymi czy romantyczne kolacje przy świecach. Do czego podawać wino wzmacniane: Gravuras do Coa Porto Tawny 0,75 L 19% Wino wzmacniane, takie jak doskonałe Porto Tawny o zawartości alkoholu 19%, jest idealnym wyborem na wiele okazji. Niezależnie od tego, czy celebrujesz specjalną chwilę czy po prostu chcesz delektować się wyjątkowym smakiem, to wino z pewnością spełni Twoje oczekiwania. Gravuras do Coa Porto Tawny to doskonała propozycja dla miłośników wina, którzy cenią sobie bogaty bukiet aromatów i intensywny smak. Wino to doskonale komponuje się z deserami, takimi jak czekoladowe torty czy tarty owocowe. Może być również świetnym dodatkiem do serów pleśniowych lub orzechów. Nie zapominaj także o odpowiedniej temperaturze podawania tego wina. W przypadku Gravuras do Coa Porto Tawny zaleca się serwowanie go lekko schłodzonego, aby najlepiej podkreślić jego walory smakowe. Zamów już dziś butelkę wina Porto Tawny i poczuj niezapomniane doznania smakowe tego wyjątkowego wina wzmacnianego. Odkryj magię portugalskiej tradycji winiarskiej w każdym kieliszku!;38,00 zł;https://dobrewina.pl/2344-large_default/wino-czerwone-gravuras-do-coa-porto-tawny-075-l-slodkie-portugalskie-19.jpg;N/A;Portugalia;Douro;N/A;Wzmacniane/deserowe;Słodkie;19%;Aperitif, Desery, Samo w sobie;https://dobrewina.pl/wino-wzmacnianedeserowe/5631-wino-czerwone-gravuras-do-coa-porto-tawny-075-l-slodkie-portugalskie-19-5601247061424.html
9120059800077;Siegert Grüner Veltliner Ried Vom Löss 0,75 L;Wina | Wytrawność | Wytrawne | Szczepy | Białe | Gruner Veltliner | Rodzaj | Wino białe | świeże i orzeźwiające | Wino wegańskie | Wina ekologiczne i organiczne | Cena | 40,01 - 60,00 zł | Kraj;Siegert Grüner Veltliner Ried Vom Löss 0,75 L – austriacka świeżość i mineralność Siegert Grüner Veltliner Ried Vom Löss to wyjątkowe białe wino z Austrii, produkowane z najważniejszego dla tego regionu szczepu Grüner Veltliner . Pochodzi z winnic rosnących na lessowych glebach, co nadaje mu charakterystyczną mineralność i subtelne nuty owocowe. Jego rześkość i doskonała struktura czynią je idealnym wyborem zarówno na co dzień, jak i na wyjątkowe okazje. Charakterystyka wina: Kolor : Jasnozłoty z zielonkawymi refleksami Aromat : Świeże nuty zielonego jabłka, cytrusów, białego pieprzu i subtelnej mineralności Smak : Rześkie, dobrze zbalansowane, z delikatną pikantnością i długim, czystym finiszem Idealne do: Doskonale komponuje się z owocami morza, białym mięsem, sałatkami, kuchnią azjatycką oraz lekkimi daniami warzywnymi. Temperatura serwowania: Najlepiej podawać schłodzone do 8-10°C . Siegert Grüner Veltliner Ried Vom Löss to klasyczny przykład doskonałego austriackiego Grüner Veltlinera – świeży, elegancki i niezwykle uniwersalny.;49,90 zł;https://dobrewina.pl/2391-large_default/wino-biale-siegert-gruener-veltliner-ried-vom-loess-austriackie-wytrawne-075-l.jpg;N/A;Austria;Wagram;Gruener Veltliner;Spokojne;N/A;12,5%;N/A;https://dobrewina.pl/wino-biale/5632-wino-biale-siegert-gruener-veltliner-ried-vom-loess-austriackie-wytrawne-075-l-9120059800077.html
8017868004912;Barbera d'Asti Caporala Radice DOP 0,75 L;Wina | Wytrawność | Wytrawne | Szczepy | Czerwone | Barbera | Rodzaj | Wino czerwone | aromatyczne i dojrzałe | Nowości | Cena | 40,01 - 60,00 zł | Kraj | Włochy;Barbera d'Asti Caporala Radice DOP 0,75 L – klasyczne włoskie wino pełne charakteru Barbera d'Asti Caporala Radice DOP to eleganckie czerwone wino pochodzące z prestiżowego regionu Piemont , słynącego z produkcji wyjątkowych win na bazie szczepu Barbera . Dzięki starannej selekcji winogron i tradycyjnym metodom winifikacji, oferuje intensywny aromat i doskonałą harmonię smaku. Charakterystyka wina: Kolor : Głęboka rubinowa czerwień z fioletowymi refleksami Aromat : Soczyste czerwone owoce, wiśnie, śliwki, z subtelnymi nutami wanilii i przypraw Smak : Pełne, dobrze zbalansowane, o żywej kwasowości i aksamitnych taninach Idealne do: Doskonale komponuje się z makaronami, grillowanym mięsem, serami oraz tradycyjnymi daniami kuchni włoskiej. Temperatura serwowania: Najlepiej smakuje podawane w temperaturze 16-18°C . Barbera d'Asti Caporala Radice DOP to wino o wyjątkowym charakterze, idealne dla miłośników włoskich tradycji winiarskich. Spróbuj i poczuj smak Piemontu!;39,90 zł;https://dobrewina.pl/2356-large_default/wino-czerwone-barbera-d-asti-caporala-radice-dop-wloskie-wytrawne-075-l.jpg;N/A;Włochy;Piemonte;Barbera;Spokojne;Wytrawne;14%;Wołowina, Sery, Dania Śródziemnomorskie, Baranina, Wieprzowina;https://dobrewina.pl/wino-czerwone/5652-wino-czerwone-barbera-d-asti-caporala-radice-dop-wloskie-wytrawne-075-l-8017868004912.html
5601247062124;Gravuras do Coa Branco 0,75 L;Wina | Wytrawność | Wytrawne | Szczepy | Białe | Rodzaj | Wino białe | świeże i orzeźwiające | Nowości | Cena | 25,01 - 40,00 zł | Kraj | Portugalia | Promocje | Wyprzedaż;Wino Gravuras do Coa Branco 0,75 L to doskonały wybór dla miłośników delikatnych i świeżych białych win. To portugalskie wino o subtelnym bukiecie owoców cytrusowych i delikatnych nutach kwiatowych, które zachwycą nawet najbardziej wymagających koneserów. Gravuras do Coa Branco 0,75 L to wyjątkowe wino, które doskonale komponuje się z różnorodnymi potrawami. Jego delikatny smak i aromat sprawiają, że jest idealnym wyborem do podawania przy lekkich i świeżych daniach. Wino to doskonale pasuje do dań z ryb, owoców morza oraz sałatek. Jego subtelna kwasowość i owocowe nuty świetnie współgrają z delikatnymi smakami ryb oraz dodatkami takimi jak cytryna czy zioła. Można również spróbować go z grillowanymi warzywami lub sałatką grecką, gdzie jego świeży charakter podkreśli smaki składników. Dzięki swojej lekkości i orzeźwiającemu charakterowi, Gravuras do Coa Branco 0,75 L będzie doskonałym uzupełnieniem letnich pikników czy spotkań ze znajomymi. Warto eksperymentować i odkrywać nowe połączenia smakowe, które podkreślą unikalne cechy tego wina. Podsumowując, to wino doskonale sprawdzi się przy potrawach lekkich i świeżych, takich jak ryby, owoce morza czy sałatki. Jego delikatny smak i aromat będą doskonałym uzupełnieniem dla wielu dań, tworząc niezapomniane doznania kulinarne dla wszystkich miłośników dobrego jedzenia i wina. Niech każdy łyk tego wyjątkowego wina przeniesie Cię do słonecznych portugalskich winnic, gdzie tradycja spotyka się z nowoczesnością, tworząc niezapomniane doznania smakowe. Odkryj magię Gravuras do Coa Branco 0,75 L i pozwól sobie na chwilę relaksu w otoczeniu aromatycznych nut i subtelnych akcentów.;27,90 zł;https://dobrewina.pl/2350-large_default/wino-biale-gravuras-do-coa-branco-wytrawne-portugalskie-075-l.jpg;N/A;Portugalia;Douro;Gouveio, Viosinho e Rabigato;Spokojne;Wytrawne;12,5%;Drób, Owoce morza, Samo w sobie, Ryby;https://dobrewina.pl/wino-biale/5638-wino-biale-gravuras-do-coa-branco-wytrawne-portugalskie-075-l-5601247062124.html
5601247061127;Gravuras do Coa Tinto 0,75 L;Wina | Wytrawność | Wytrawne | Szczepy | Czerwone | Rodzaj | Wino czerwone | aromatyczne i dojrzałe | Nowości | Cena | 25,01 - 40,00 zł | Kraj | Portugalia | Promocje | Wyprzedaż;Gravuras do Coa Tinto 0,75 L to wyjątkowe wino, które z pewnością zadowoli nawet najbardziej wymagających smakoszy. To czerwone wino o głębokim i intensywnym kolorze, które zachwyca zarówno swoim aromatem, jak i bogactwem smakowym. Wino Gravuras do Coa Tinto zostało stworzone z pasją i dbałością o każdy detal. Jego produkcja opiera się na starannie wyselekcjonowanych winogronach, pochodzących z malowniczych wzgórz regionu Douro w Portugalii . To właśnie tam, w idealnych warunkach klimatycznych i glebowych, dojrzewają winorośla tworzące tę wyjątkową kompozycję smaków. Już po pierwszym kontakcie z kieliszkiem tego wina można poczuć jego bogactwo aromatyczne. W nosie unosi się intensywny bukiet owoców leśnych, takich jak czarne jagody czy śliwki. Delikatne nuty przypraw korzennych dodają mu jeszcze większej głębi i elegancji. Gravuras do Coa Tinto 0,75 L to nie tylko zapierający dech w piersiach aromat, ale także niezwykle harmonijny smak. Na podniebieniu można wyczuć soczyste owoce leśne, które doskonale balansują z delikatnymi taninami i przyjemną kwasowością. To wino jest pełne życia i energii, jednocześnie zachowując swoją elegancję i finezję. Nie można zapomnieć o długim finiszu tego wina - pozostawia on niezapomniane wrażenie na podniebieniu i sprawia, że chce się degustować kolejny łyk. Gravuras do Coa Tinto 0,75 L to wyjątkowe wino, które doskonale komponuje się z różnorodnymi potrawami. Jego bogaty smak i intensywny aromat sprawiają, że idealnie pasuje do dań mięsnych, takich jak pieczone steki, grillowane karkówki czy duszone dziczyzna. Wino to doskonale podkreśli także smak potraw z drobiu, jak pieczone kurczaki czy duszone kacze udka. Jeśli lubisz dania z ryb i owoców morza, Gravuras do Coa Tinto 0,75 L również będzie doskonałym wyborem. Jego delikatne nuty owocowe świetnie współgrają z delikatnym smakiem ryb oraz skorupiaków. Możesz śmiało podawać je do grillowanej dorady, duszonych krewetek czy pieczonego łososia. Wino to świetnie sprawdzi się także jako towarzysz potraw wegetariańskich . Jego głęboki smak i przyjemna kwasowość będą doskonałym uzupełnieniem dań z warzywami, makaronem czy risotto. Wino Gravuras do Coa Tinto 0,75 L doskonale sprawdzi się jako towarzysz wieczornych spotkań ze znajomymi czy romantycznych kolacji we dwoje. Jego wyjątkowy charakter oraz wysoka jakość są gwarancją niezapomnianych chwil i pięknych wspomnień. Zapraszamy do zakupu tego wyjątkowego wina Gravuras do Coa Tinto 0,75 L i odkrycia jego niepowtarzalnego smaku oraz aromatu. Pozwól sobie na chwilę relaksu i delektuj się tym czerwonym rarytasem prosto z serca Portugalii!;27,90 zł;https://dobrewina.pl/2351-large_default/wino-czerwone-gravuras-do-coa-tinto-wytrawne-portugalskie-075-l.jpg;N/A;Portugalia;Douro;Touriga Franca, Tinta Amarela, Tinta Francisca, Touriga Nacional, Tinta Roriz;Spokojne;Wytrawne;13,5%;Wołowina, Baranina, Wieprzowina, Drób;https://dobrewina.pl/wino-czerwone/5639-wino-czerwone-gravuras-do-coa-tinto-wytrawne-portugalskie-075-l-5601247061127.html
5601247062322;Gravuras do Coa Reserva Branco 0,75 L;Wina | Wytrawność | Wytrawne | Szczepy | Białe | Rodzaj | Wino białe | dojrzałe i aksamitne | Nowości | Cena | 40,01 - 60,00 zł | Kraj | Portugalia | Promocje | Wyprzedaż;Wino Gravuras do Coa Reserva Branco 0,75 L to wyjątkowy trunek, który z pewnością zachwyci miłośników win. To doskonały wybór dla tych, którzy poszukują czegoś wyjątkowego i niepowtarzalnego. Gravuras do Coa Reserva Branco to wspaniała kompozycja białych winogron, które zostały starannie zebrane i poddane procesowi fermentacji. Dzięki temu powstało wino o niezwykle delikatnym smaku i aromacie. To wyjątkowe wino pochodzi z regionu Douro w Portugalii i jest produkowane z dbałością o każdy detal. Gravuras do Coa Reserva Branco 0,75 L to mieszanka kilku szczepów winogron, które razem tworzą niepowtarzalny smak i aromat tego wina. To wino cechuje się jasnym, słomkowym kolorem oraz subtelnie złożonym bukietem zapachowym. Na pierwszy plan wysuwają się nuty owocowe, takie jak cytrusy i jabłka, które nadają mu świeżości i lekkości. Dodatkowo można wyczuć delikatne nuty kwiatowe, które nadają mu elegancji. W smaku Gravuras do Coa Reserva Branco jest pełne harmonii i równowagi. Wyraźna kwasowość doskonale współgra z owocowymi nutami, tworząc niezapomniane doznania na podniebieniu. Jest to wino średnio pełne o dobrze zintegrowanych taninach i długim finiszu. Gravuras do Coa Reserva Branco 0,75 L to wyjątkowe wino, które doskonale komponuje się z różnorodnymi potrawami. Jego delikatny smak i subtelne aromaty sprawiają, że jest idealnym dodatkiem do wielu dań. Zacznijmy od lekkich przystawek – wino to doskonale pasuje do sałatek z owocami morza, świeżych warzyw czy delikatnych serów. Jego orzeźwiający charakter świetnie uzupełnia smaki tych potraw. Jeśli preferujesz dania główne, Gravuras do Coa Reserva Branco 0,75 L będzie doskonałym wyborem do ryb i owoców morza. Jego subtelna kwasowość świetnie równoważy bogate smaki tych dań. Nie zapominajmy także o daniach mięsnych – to wino świetnie sprawdzi się również jako towarzysz dań z drobiu czy wieprzowiny. Jego delikatność nie przytłoczy smaku mięsa, a jednocześnie stworzy harmonijną całość. Podsumowując, Gravuras do Coa Reserva Branco 0,75 L to uniwersalne wino, które doskonale komponuje się z różnorodnymi potrawami. Niezależnie od tego, czy preferujesz dania lekkie czy bardziej treściwe – to wino z pewnością zachwyci Twoje kubki smakowe i sprawi, że każdy posiłek będzie wyjątkowy. Jeśli szukasz wyjątkowego wina o subtelnym smaku i aromacie, Gravuras do Coa Reserva Branco 0,75 L spełni Twoje oczekiwania. Pozwól sobie na chwilę relaksu i delektuj się tym wyjątkowym trunkiem już dziś!;39,90 zł;https://dobrewina.pl/2352-large_default/wino-biale-gravuras-do-coa-reserva-branco-wytrawne-portugalskie-075-l.jpg;N/A;Portugalia;Douro;Viosinho, Rabigato, Gouveio, Códega do Larinho;Spokojne;Wytrawne;12,5%;Ryby, Owoce morza, Przystawki, Samo w sobie;https://dobrewina.pl/wino-biale/5640-wino-biale-gravuras-do-coa-reserva-branco-wytrawne-portugalskie-075-l-5601247062322.html
8017868001935;Grillo Bio Madreterra Andrero Sicilia DOP 0,75 L;Wina | Wytrawność | Wytrawne | Szczepy | Białe | Rodzaj | Wino białe | dojrzałe i aksamitne | Nowości | Wina ekologiczne i organiczne | Cena | 25,01 - 40,00 zł | Kraj | Włochy;Opisując wino Grillo Bio Madreterra Andrero Sicilia DOP 0,75 L , nie sposób nie zauważyć jego wyjątkowej jakości i charakteru. To organiczne wino pochodzące z Sycylii zachwyca swoim intensywnym aromatem cytrusów, brzoskwiń i delikatnych nut ziół. W smaku jest świeże, owocowe i harmonijne, doskonale pasuje do dań kuchni śródziemnomorskiej. Grillo Bio Madreterra Andrero Sicilia DOP 0,75L to wyjątkowe wino, które doskonale sprawdzi się jako towarzysz potraw kuchni śródziemnomorskiej. Jego delikatne nuty owocowe i świeżość idealnie komponują się z lekkimi daniami, takimi jak sałatki z owocami morza czy grillowane warzywa. Dzięki swojej subtelnej kwasowości i lekkiej strukturze, Grillo Bio Madreterra Andrero Sicilia DOP 0,75 L świetnie będzie pasować do dań z ryb i owoców morza. Możesz podać je do krewetek na grilu, pieczonej dorady czy makaronu z owocami morza. Wino to doskonale podkreśli smak delikatnych składników i stworzy harmonijną całość z posiłkiem. Jeśli preferujesz dania mięsne, nie martw się - Grillo Bio Madreterra Andrero Sicilia DOP 0,75 L również świetnie sprawdzi się jako towarzysz potraw mięsnych. Możesz podać je do drobiu w sosie pomidorowym, pieczonego kurczaka czy jagnięciny z ziołami. Jego delikatność nie przytłoczy smaku mięsa, a jedynie go uzupełni i podkreśli. Wniosek jest prosty - Grillo Bio Madreterra Andrero Sicilia DOP 0,75 L jest wszechstronnym winem, które doskonale sprawdzi się jako towarzysz wielu potraw. Niezależnie od tego, czy lubisz dania rybne czy mięsne, to wino z Sycylii będzie doskonałym wyborem dla Ciebie i Twoich gości. Podaj je do ulubionych dań i ciesz się wyjątkowym połączeniem smaków! Zapraszamy do odkrycia tajemnic Sycylii poprzez kieliszek Grillo Bio Madreterra Andrero Sicilia DOP 0,75 L. To niezapomniane doświadczenie dla miłośników wysokiej jakości win oraz osób ceniących naturalność i ekologiczne podejście do produkcji alkoholu. Odkryj bogactwo smaków Sycylii w każdym łyku tego wyjątkowego wina!;39,90 zł;https://dobrewina.pl/2366-large_default/grillo-bio-madreterra-andrero-sicilia-dop-075-l.jpg;N/A;Włochy;Sycilia;Grillo;Spokojne;Wytrawne;13%;Dania Śródziemnomorskie, Drób, Owoce morza, Samo w sobie, Ryby;https://dobrewina.pl/wino-biale/5651-grillo-bio-madreterra-andrero-sicilia-dop-075-l-8017868001935.html
3392120000341;Pierres Blanches Merlot IGP 0,75 L;Wina | Wytrawność | Wytrawne | Szczepy | Czerwone | Merlot | Rodzaj | Wino czerwone | aromatyczne i dojrzałe | Nowości | Cena | 25,01 - 40,00 zł | Kraj | Francja | Wina do 30 zł;Pierres Blanches Merlot IGP to wyjątkowe wino o pojemności 0,75 litra, które zachwyci nawet najbardziej wymagających koneserów. To doskonała propozycja dla miłośników czerwonych win, którzy poszukują wyjątkowego smaku i aromatu. To wino zostało stworzone z myślą o najwyższej jakości i dbałości o detale. Jego intensywny bukiet zapachowy składa się z nut owocowych, delikatnych przypraw oraz subtelnych nut dębowych. W ustach prezentuje się elegancko i harmonijnie, z aksamitnymi taninami i długim finiszem. Wino Pierres Blanches Merlot IGP 0,75 L to doskonały wybór do podawania z różnorodnymi potrawami. Jego bogaty smak i aromat sprawią, że będzie idealnym uzupełnieniem wielu dań. Dzięki swojej intensywnej owocowości i delikatnym taninom, wino to doskonale komponuje się z mięsami czerwonymi, takimi jak wołowina czy dziczyzna. Może być również świetnym dodatkiem do dań z drobiu, jak pieczony kurczak czy kaczka. Jeśli preferujesz dania wegetariańskie, Wino Pierres Blanches Merlot IGP 0,75 L będzie doskonałym towarzyszem dla potraw z grzybami lub warzywami pieczonymi w aromatycznych ziołach. Nie zapominajmy także o serach - wino to świetnie komponuje się zarówno z delikatnymi serami białymi, jak i bardziej intensywnymi serami pleśniowymi. Wniosek jest jasny - Wino Pierres Blanches Merlot IGP 0,75 L to uniwersalny trunek, który doskonale sprawdzi się przy wielu różnych potrawach. Nie wahaj się więc go podawać przy kolejnym eleganckim obiedzie czy kolacji! Pierres Blanches Merlot IGP doskonale sprawdzi się podczas romantycznej kolacji we dwoje czy wieczoru ze znajomymi. To idealny wybór na specjalne okazje oraz chwile relaksu po ciężkim dniu. Zapraszamy do spróbowania tego wyjątkowego wina i doznania niezapomnianych emocji smakowych. Pozwól sobie na chwilę luksusu i delektuj się aromatem Pierres Blanches Merlot IGP 0,75 L.;29,90 zł;https://dobrewina.pl/2346-large_default/wino-czerwone-pierres-blanches-merlot-igp-francuskie-wytrawne-075-l.jpg;N/A;Francja;Roussillon;Merlot;Spokojne;Wytrawne;13,5%;Wołowina, Wieprzowina, Drób, Dziczyzna;https://dobrewina.pl/wino-czerwone/5646-wino-czerwone-pierres-blanches-merlot-igp-francuskie-wytrawne-075-l-3392120000341.html
3394210008596;Jaffelin Savigny les Beaune 1er Cru Les Vergelesses Blanc 0,75 L;Wina | Wytrawność | Wytrawne | Szczepy | Białe | Chardonnay | Rodzaj | Wino białe | dojrzałe i aksamitne | Cena | powyżej 200 zł | Kraj | Francja | Bourgogne;Jaffelin Savigny lès Beaune 1er Cru Les Vergelesses Blanc to wyjątkowe wino pochodzące z regionu Burgundii we Francji. Jest to eleganckie białe wino o pojemności 0,75 litra, rocznik 2020. Wino to charakteryzuje się delikatnymi nutami owocowymi, głównie cytrusami i brzoskwinią, które harmonijnie komponują się z nutami mineralnymi i subtelnie dębowymi. W smaku jest pełne, zrównoważone i eleganckie, idealne do degustacji na specjalne okazje. Dzięki swojej kompleksowości i bogactwu smaków, wino Jaffelin Savigny lès Beaune 1er Cru Les Vergelesses Blanc doskonale komponuje się z wykwintnymi daniami kuchni francuskiej. Idealnie sprawdzi się jako towarzysz dań z drobiu, ryb oraz delikatnych serów. Można go również podać do sałatek z owocami morza, potraw z grilla lub lekkich makaronów. Jego subtelne aromaty owocowe doskonale uzupełnią delikatne smaki dań, podkreślając ich walory i nadając im wyjątkowego charakteru. Wino Jaffelin Savigny lès Beaune 1er Cru Les Vergelesses Blanc będzie doskonałym wyborem dla miłośników wysmakowanej kuchni i eleganckiego stylu podawania potraw. Jaffelin Savigny lès Beaune 1er Cru Les Vergelesses Blanc to doskonały wybór dla miłośników wysokiej jakości win z Burgundii. Dzięki swojej kompleksowości i finezji zachwyci nawet najbardziej wymagających koneserów. Ciesz się tym wyjątkowym trunkiem w towarzystwie bliskich i spraw, by każda chwila była niezapomniana.;179,00 zł;https://dobrewina.pl/2368-large_default/jaffelin-savigny-les-beaune-1er-cru-les-vergelesses-blanc-075-l-2020.jpg;N/A;Francja;Burgundia;Chardonnay;Spokojne;Wytrawne;13%;Sery, Ryby, Drób, Owoce morza, Samo w sobie;https://dobrewina.pl/wino-biale/5642-jaffelin-savigny-les-beaune-1er-cru-les-vergelesses-blanc-075-l-2020-3394210008596.html
3394210007216;Jaffelin Ladoix Blanc 0,75 L;Wina | Wytrawność | Wytrawne | Szczepy | Białe | Chardonnay | Rodzaj | Wino białe | wyraziste i skoncentrowane | Cena | 100,01 - 200,00 zł | Kraj | Francja | Bourgogne;Jaffelin Ladoix Blanc to wyjątkowe wino pochodzące z regionu Burgundii we Francji. Jest to białe wino o delikatnym i eleganckim smaku, które zachwyca swoją subtelnością i harmonią. Wino to zostało starannie wyprodukowane z najlepszych winogron odmiany Chardonnay , co nadaje mu wyjątkowy charakter i aromat. Jego złocisty kolor oraz intensywne nuty owocowe sprawiają, że jest doskonałym wyborem dla miłośników wysokiej jakości win. Jaffelin Ladoix Blanc świetnie komponuje się z delikatnymi rybami, takimi jak sandacz czy dorsz, podawanymi w sosach na bazie masła i świeżych ziół. Może być również idealnym towarzyszem dla sałatek z kozim serem i orzechami, które podkreślą jego subtelne aromaty. Wino to doskonale sprawdzi się także jako aperitif, podawane w towarzystwie kremowego sera brie lub camembert oraz chrupiących bagietek. Jego łagodna kwasowość i owocowa słodycz będą doskonałym uzupełnieniem tych lekkich przekąsek. Podsumowując, Jaffelin Ladoix Blanc 0,75 L to wino o subtelnym charakterze, które doskonale współgra z delikatnymi potrawami kuchni francuskiej oraz jako aperitif. Jego owocowe nuty i łagodna kwasowość sprawią, że każdy posiłek stanie się wyjątkowym doznaniem dla podniebienia. Dzięki swojej wyjątkowej jakości i niepowtarzalnemu smakowi, Jaffelin Ladoix Blanc z pewnością zachwyci nawet najbardziej wymagających koneserów wina. To doskonały wybór dla osób poszukujących niezapomnianych doznań smakowych i chwili relaksu przy kieliszku wyśmienitego wina.;189,00 zł;https://dobrewina.pl/2354-large_default/jaffelin-ladoix-blanc-075-l-2021.jpg;N/A;Francja;Burgundia;Chardonnay;Spokojne;Wytrawne;13%;Drób, Owoce morza, Samo w sobie, Ryby;https://dobrewina.pl/wino-biale/5658-jaffelin-ladoix-blanc-075-l-2021-3394210007216.html
3394210003966;Jaffelin Saint Aubin 1er Cru Sur Gamay Blanc 0,75 L;Wina | Wytrawność | Wytrawne | Szczepy | Białe | Chardonnay | Rodzaj | Wino białe | dojrzałe i aksamitne | Cena | 100,01 - 200,00 zł | Kraj | Francja | Bourgogne | Promocje;Wino Jaffelin Saint Aubin 1er Cru Sur Gamay Blanc 0,75 L 2022 to wyjątkowy trunek, który zachwyca swoją elegancją i subtelnością. To wino pochodzi z prestiżowego regionu w Burgundii, co gwarantuje jego wysoką jakość i niepowtarzalny charakter. Jego delikatny aromat owoców tropikalnych, cytrusów oraz nut mineralnych sprawia, że każdy łyk jest prawdziwą przyjemnością dla podniebienia. Wino to doskonale komponuje się z lekkimi potrawami, rybami oraz owocami morza. Jego delikatny bukiet owoców tropikalnych i subtelne nuty mineralne sprawiają, że doskonale komponuje się z delikatnymi rybami, owocami morza oraz sałatkami z dodatkiem świeżych ziół. Wino to doskonale sprawdzi się również jako aperitif lub towarzysz deserów na bazie owoców. Dzięki swojej wyjątkowej strukturze i harmonijnemu smakowi, Jaffelin Saint Aubin 1er Cru Sur Gamay Blanc będzie idealnym uzupełnieniem eleganckich kolacji oraz spotkań ze znajomymi. Jego subtelność i finezja sprawią, że każdy posiłek nabierze nowego wymiaru, a degustacja tego wina stanie się niezapomnianym doświadczeniem dla podniebienia. Podsumowując, wino Jaffelin Saint Aubin 1er Cru Sur Gamay Blanc 0,75 L 2022 doskonale pasuje do lekkich dań kuchni śródziemnomorskiej, sałatek oraz potraw z dodatkiem świeżych ziół. Jest to idealny wybór dla miłośników elegancji i wyrafinowanego smaku. Butelka o pojemności 0,75 L zawiera w sobie esencję francuskiego savoir-vivre'u i tradycji winiarskiej. Wino Jaffelin Saint Aubin 1er Cru Sur Gamay Blanc 2022 to doskonały wybór na specjalne okazje oraz wieczorne spotkania ze znajomymi. Zapraszamy do odkrycia tej wyjątkowej kompozycji smakowej i aromatycznej, która przeniesie Cię w magiczny świat francuskich winnic. Odkryj sekret elegancji i harmonii w każdym kieliszku tego wyjątkowego wina.;229,00 zł;https://dobrewina.pl/2367-large_default/jaffelin-saint-aubin-1er-cru-sur-gamay-blanc-075-l-2022.jpg;N/A;Francja;Burgundia;Chardonnay;Spokojne;Wytrawne;13%;Owoce morza, Samo w sobie, Ryby, Drób;https://dobrewina.pl/wino-biale/5657-jaffelin-saint-aubin-1er-cru-sur-gamay-blanc-075-l-2022-3394210003966.html
5907522605902;Polowaca Herbaciana Góralska 0,5 L 36%;Wina | Kraj | Alkohole | Likiery;Polowaca Herbaciana Góralska to likier o bursztynowej barwie na bazie Śliwowicy Podbeskidzkiej®, wyciągu z czarnej herbaty Asantinel® Earl Grey, miodu wielokwiatowego oraz przypraw korzennych, który idealnie rozgrzewa i smakuje z herbatą lub po rozcieńczeniu jako napój herbaciany na ciepło albo na zimno z kostkami lodu. Stanowiący bazę produktu destylat śliwowicy, a także charakterystyczny aromat bergamotki zawarty w herbacie Earl Grey, dopełnione są bogatą kompozycją rumu, miodu wielokwiatowego oraz starannie dobraną kompozycją ziół i przypraw korzennych. Może wytrącić się naturalny osad.;59,90 zł;https://dobrewina.pl/2040-large_default/polowaca-herbaciana-goralska-05-l-36.jpg;N/A;Polska;N/A;N/A;Alkohol mocny;N/A;36%;N/A;https://dobrewina.pl/likiery/5373-polowaca-herbaciana-goralska-05-l-36-5907522605902.html
8033976810108;Brunello di Montalcino La Gudiola Cordella 0,75 L;Wina | Wytrawność | Wytrawne | Szczepy | Czerwone | Sangiovese | Rodzaj | Wino czerwone | treściwe i beczkowe | Wina ekologiczne i organiczne | Cena | 60,01 - 100,00 zł | Kraj | Włochy | Brunello;Brunello di Montalcino La Gudiola Cordella 2019 to wykwintne włoskie wino czerwone, produkowane w regionie Montalcino w Toskanii przez winnicę Cordella. Wino to jest wytwarzane w 100% z winogron szczepu Sangiovese , co nadaje mu charakterystyczny smak i aromat. Charakterystyka wina: Aromat: Harmonijny bukiet z nutami dojrzałych wiśni, czekolady, marcepanu oraz delikatnym akcentem wilgotnej skóry. Smak: Bogaty i owocowy z wyraźną kwasowością, zrównoważonymi taninami oraz średnio pełnym ciałem. Posiada długie, ciepłe wykończenie. Alkohol: 14,5% Pojemność: 0,75 L Proces produkcji: Winogrona są zbierane na początku października z winnic położonych na wysokości 250-300 metrów n.p.m. Fermentacja trwa 18 dni, po czym wino dojrzewa przez 28 miesięcy w dębowych beczkach o pojemności 25 hl. Następnie leżakuje w butelkach przez kolejne 6 miesięcy przed wprowadzeniem na rynek. Winnica Cordella: Rodzina Cordella uprawia winorośl w Montalcino od 1972 roku. W 1998 roku Maddalena Cordella założyła Azienda Agricola Cordella, a w 2010 roku ich 9-hektarowa winnica uzyskała certyfikat ekologiczny. Sugestie kulinarne: To eleganckie i wyraziste wino doskonale komponuje się z tradycyjną kuchnią włoską, taką jak dania mięsne, dojrzewające sery oraz potrawy z dziczyzny. Brunello di Montalcino La Gudiola Cordella 2019 to doskonały wybór dla miłośników włoskich win, ceniących sobie głębię smaku i aromatu charakterystyczną dla regionu Montalcino.;99,90 zł;https://dobrewina.pl/2383-large_default/wino-czerwone-brunello-di-montalcino-la-gudiola-cordella-wloskie-wytrawne-075-l.jpg;N/A;Włochy;Toskania;Sangiovese;Spokojne;Wytrawne;14,5%;Wołowina, Sery, Baranina, Wieprzowina, Dziczyzna;https://dobrewina.pl/wino-czerwone/5680-wino-czerwone-brunello-di-montalcino-la-gudiola-cordella-wloskie-wytrawne-075-l-8033976810108.html
8022931549238;Non Confunditur Toscana Argiano 0,75 L;Wina | Wytrawność | Wytrawne | Szczepy | Czerwone | Cabernet Sauvignon | Sangiovese | Merlot | Rodzaj | Wino czerwone | aromatyczne i dojrzałe | Nowości | Cena | 60,01 - 100,00 zł | Kraj | Włochy;Non Confunditur Toscana Argiano 0,75 L – wyjątkowe włoskie wino. Non Confunditur Toscana od renomowanej winnicy Argiano to eleganckie i pełne charakteru czerwone wino z regionu Toskania. Powstało z harmonijnej kompozycji szczepów Cabernet Sauvignon, Merlot, i Sangiovese, co nadaje mu bogaty aromat i wyjątkowy smak. Charakterystyka wina: Kolor: Głęboka, rubinowa czerwień Aromat: Intensywny bukiet czerwonych owoców, przypraw, nut dębowych i czekolady Smak: Pełne, dobrze zbalansowane z miękkimi taninami i długim, eleganckim finiszem Idealne do: Non Confunditur świetnie komponuje się z czerwonym mięsem, dojrzewającymi serami oraz daniami kuchni włoskiej, takimi jak makaron z sosem pomidorowym czy pizza. Temperatura serwowania: Najlepiej smakuje w temperaturze 16-18°C. Odkryj wyjątkową jakość toskańskiego wina z Argiano i ciesz się jego niepowtarzalnym charakterem!;69,90 zł;https://dobrewina.pl/2384-large_default/wino-czerwone-non-confunditur-toscana-argiano-wloskie-wytrawne-075-l.jpg;N/A;Włochy;Toskania;Merlot, Cabernet Sauvignon, Sangiovese;Spokojne;Wytrawne;14%;Wołowina, Sery, Dania Śródziemnomorskie, Baranina, Wieprzowina;https://dobrewina.pl/wino-czerwone/5679-wino-czerwone-non-confunditur-toscana-argiano-wloskie-wytrawne-075-l-8022931549238.html
8029358002155;Barolo Marcenasco Ratti 2019 0,75 L;Wina | Wytrawność | Wytrawne | Szczepy | Czerwone | Nebbiolo | Rodzaj | Wino czerwone | treściwe i beczkowe | Nowości | Cena | 100,01 - 200,00 zł | Kraj | Włochy | Barolo;Barolo Marcenasco Ratti 2019 0,75 L – klasyka włoskiego winiarstwa. Barolo Marcenasco Ratti 2019 to wyjątkowe czerwone wino z prestiżowego regionu Piemont, uznawane za jedno z najlepszych wyrażeń szczepu Nebbiolo. Winnica Renato Ratti, znana z produkcji eleganckich i harmonijnych win, stworzyła rocznik 2019 z niezwykłą dbałością o jakość, oferując wino o intensywnym bukiecie i głębokim smaku. Charakterystyka wina: Kolor: Głęboka, granatowa czerwień z ceglastymi refleksami Aromat: Złożony bukiet czerwonych owoców, fiołków, przypraw, skóry i tytoniu Smak: Bogate i wyrafinowane, z elegancką strukturą, aksamitnymi taninami i długim, harmonijnym finiszem Idealne do: To wino doskonale komponuje się z dziczyzną, wołowiną, dojrzałymi serami oraz truflami, podkreślając smak wykwintnych potraw. Temperatura serwowania: Najlepiej podawać w temperaturze 16-18°C, zaleca się wcześniejsze napowietrzenie w karafce. Barolo Marcenasco Ratti 2019 to kwintesencja włoskiej elegancji i tradycji – idealne dla miłośników wina na wyjątkowe okazje!;179,00 zł;https://dobrewina.pl/2385-large_default/wino-czerwone-barolo-marcenasco-ratti-2019-wloskie-wytrawne-075-l.jpg;N/A;Włochy;Piemonte;Nebbiolo;Spokojne;Wytrawne;14,5%;Wołowina, Sery, Baranina, Wieprzowina, Dziczyzna;https://dobrewina.pl/wino-czerwone/5678-wino-czerwone-barolo-marcenasco-ratti-2019-wloskie-wytrawne-075-l-8029358002155.html
5706579277441;Barolo Bussia Luigi Einaudi 2015 0,75 L;Wina | Wytrawność | Wytrawne | Szczepy | Czerwone | Nebbiolo | Rodzaj | Wino czerwone | treściwe i beczkowe | Nowości | Cena | powyżej 200 zł | Kraj | Włochy | Barolo;Barolo Bussia Luigi Einaudi 2015 0,75 L – doskonałość z serca Piemontu. Barolo Bussia Luigi Einaudi 2015 to wybitne włoskie wino, pochodzące z jednej z najbardziej prestiżowych winnic w regionie Piemont. Produkowane wyłącznie z najwyższej jakości winogron szczepu Nebbiolo, dojrzewa przez wiele lat, osiągając niezwykłą harmonię smaku i aromatu. Rocznik 2015 zachwyca elegancją, strukturą i długowiecznością. Charakterystyka wina: Kolor: Głęboka rubinowa czerwień z delikatnymi ceglastymi refleksami Aromat: Bogaty i wielowarstwowy, z nutami dojrzałych wiśni, śliwek, fiołków, lukrecji, przypraw i tytoniu Smak: Złożony i pełny, z aksamitnymi taninami, wyraźną mineralnością i długim, eleganckim finiszem Idealne do: Doskonale komponuje się z wykwintnymi daniami, takimi jak dziczyzna, steki, gulasze, trufle oraz długo dojrzewające sery. Temperatura serwowania: Najlepiej smakuje po dekantacji, serwowane w temperaturze 16-18°C. Barolo Bussia Luigi Einaudi 2015 to wino dla prawdziwych koneserów – eleganckie, intensywne i wyjątkowe. Idealne na specjalne okazje i do długiego leżakowania.;219,00 zł;https://dobrewina.pl/2386-large_default/wino-czerwone-barolo-bussia-luigi-einaudi-2015-wloskie-wytrawne-075-l.jpg;N/A;Włochy;Piemonte;Nebbiolo;Spokojne;Wytrawne;14,5%;Baranina, Wieprzowina, Dziczyzna, Wołowina, Sery;https://dobrewina.pl/wino-czerwone/5677-wino-czerwone-barolo-bussia-luigi-einaudi-2015-wloskie-wytrawne-075-l-5706579277441.html
8002579979406;Barolo Arnaldo Rivera Undicicomuni 2019 0,75 L;Wina | Wytrawność | Wytrawne | Szczepy | Czerwone | Nebbiolo | Rodzaj | Wino czerwone | treściwe i beczkowe | Nowości | Cena | 100,01 - 200,00 zł | Kraj | Włochy | Barolo;Barolo Arnaldo Rivera Undicicomuni 2019 0,75 L – elegancja i tradycja Piemontu. Barolo Arnaldo Rivera Undicicomuni 2019 to wyjątkowe wino, które oddaje charakter i różnorodność terroir jedenastu gmin regionu Barolo. Produkowane z wyselekcjonowanych winogron Nebbiolo, dojrzewa w dębowych beczkach, uzyskując głębię smaku i aromatu. Rocznik 2019 to doskonałe połączenie elegancji, struktury i potencjału do starzenia. Charakterystyka wina: Kolor: Głęboka rubinowa czerwień z ceglastymi refleksami Aromat: Intensywny bukiet czerwonych owoców, fiołków, przypraw, lukrecji i nut balsamicznych Smak: Bogate i złożone, z aksamitnymi taninami, wyrazistą kwasowością i długim, eleganckim finiszem Idealne do: Doskonałe do pieczeni, dziczyzny, wołowiny, makaronów z grzybami oraz długo dojrzewających serów. Temperatura serwowania: Najlepiej podawać w temperaturze 16-18°C, warto wcześniej napowietrzyć w karafce. Barolo Arnaldo Rivera Undicicomuni 2019 to wino pełne klasy, odzwierciedlające bogactwo historycznego regionu Barolo. Idealne dla miłośników wielkich win!;139,00 zł;https://dobrewina.pl/2387-large_default/wino-czerwone-barolo-arnaldo-rivera-undicicomuni-2019-wloskie-wytrawne-075-l.jpg;N/A;Włochy;Piemonte;Nebbiolo;Spokojne;Wytrawne;14%;Wołowina, Sery, Baranina, Wieprzowina, Dziczyzna;https://dobrewina.pl/wino-czerwone/5676-wino-czerwone-barolo-arnaldo-rivera-undicicomuni-2019-wloskie-wytrawne-075-l-8002579979406.html
8002793015164;Wino czerwone Origines Italicae Appassimento Puglia Piccini IGT włoskie półwytrawne 0,75 L;Wina | Wytrawność | Delikatnie wytrawne | Szczepy | Czerwone | Primitivo | Rodzaj | Wino czerwone | aromatyczne i dojrzałe | Appassimento | Cena | 40,01 - 60,00 zł | Kraj | Włochy;Origines Italicae Appassimento Puglia Piccini IGT 0,75 L Włochy • czerwone • wytrawne • Appassimento Origines Italicae Appassimento Puglia Piccini IGT to włoskie czerwone wino z Apulii, powstające tradycyjną metodą appassimento , czyli z podsuszanych winogron. Dzięki temu zyskuje ono intensywność aromatów i bogactwo smaku, które od lat cieszą się popularnością wśród miłośników włoskich win. W kieliszku prezentuje głęboką, rubinową barwę. W aromacie dominują dojrzałe owoce leśne, wiśnie, suszone śliwki i delikatne nuty korzenne . Na podniebieniu pełne, gładkie i aksamitne, z miękkimi taninami i długim, owocowo-przyprawowym finiszem. Charakterystyka: Kolor: intensywnie rubinowy Aromat: wiśnie, jagody, suszone śliwki, nuty korzenne Smak: pełny, gładki, bogaty, z długim finiszem Dlaczego warto? powstaje metodą appassimento – koncentracja smaku i aromatów, idealny balans między owocowością a przyprawową głębią, produkowane przez uznaną włoską rodzinę Piccini , doskonałe jako wino na wyjątkowe okazje i do codziennej kuchni włoskiej. Idealne do: dań kuchni włoskiej – pizzy i makaronów z sosem pomidorowym, czerwonych mięs i grillowanych potraw, serów długo dojrzewających, np. pecorino i parmigiano. Origines Italicae Appassimento Puglia Piccini to wino, które łączy w sobie włoską tradycję i nowoczesność. Pełne, soczyste i przyjemnie aksamitne – idealne na spotkania z bliskimi lub romantyczną kolację. Wino Origines Italicae Appassimento Puglia Piccini możesz kupić również w naszych sklepach stacjonarnych: Dobre Wina, Warszawa, ul. Wyczółki 46 Dobre Wina, Warszawa, ul. Mickiewicza 30 Dobre Wina, Kraków, ul. Królowej Jadwigi 146 W celu potwierdzenia dostępności - prosimy o kontakt telefoniczny lub mailowy.;39,90 zł;https://dobrewina.pl/2483-large_default/wino-czerwone-origines-italicae-appassimento-puglia-piccini-igt-wloskie-polwytrawne-075-l.jpg;https://dobrewina.pl/2369-large_default/wino-czerwone-origines-italicae-appassimento-puglia-piccini-igt-wloskie-polwytrawne-075-l.jpg;Włochy;Puglia;Negroamaro, Primitivo;Spokojne;Lekko wytrawne;15%;Wołowina, Sery, Baranina, Wieprzowina, Dziczyzna;https://dobrewina.pl/wino-czerwone/5665-wino-czerwone-origines-italicae-appassimento-puglia-piccini-igt-wloskie-polwytrawne-075-l-8002793015164.html
8017868001140;Wino czerwone Barbera Vole Appassimento Radice DOC Piemonte włoskie półwytrawne 0,75 L;Wina | Wytrawność | Półwytrawne | Szczepy | Czerwone | Barbera | Rodzaj | Wino czerwone | aromatyczne i dojrzałe | Nowości | Appassimento | Cena | 40,01 - 60,00 zł | Kraj | Włochy;Barbera Vole Appassimento Radice DOC Piemonte 0,75 L – Intensywność i aksamitna struktura Zobacz film Opis produktu: Barbera Vole Appassimento Radice DOC to wyjątkowe wino z włoskiego regionu Piemonte , produkowane metodą Appassimento , polegającą na podsuszaniu winogron przed fermentacją. Dzięki temu procesowi wino zyskuje większą koncentrację smaku, głębię i aksamitną strukturę . W kieliszku zachwyca głęboką rubinową barwą , a w aromacie dominują dojrzałe wiśnie, śliwki, suszone owoce i nuty przypraw korzennych . Smak jest pełny i harmonijny, z przyjemnymi taninami oraz długim, owocowym finiszem. Charakterystyka: Szczep: Barbera Smak: Bogaty, owocowy, z nutami suszonych śliwek, wiśni, czekolady i przypraw Aromat: Intensywny, dojrzałe owoce, nuty wanilii i kakao Sposób podania: Najlepiej smakuje w temperaturze 16–18°C , doskonale komponując się z dojrzałymi serami, pieczonym mięsem, makaronami z aromatycznymi sosami oraz grillowanymi warzywami . Idealny wybór dla miłośników bogatych, eleganckich win z włoską duszą!;49,90 zł;https://dobrewina.pl/2405-large_default/wino-czerwone-barbera-vole-appassimento-radice-doc-piemonte-wloskie-polwytrawne-075-l.jpg;N/A;Włochy;Piemonte;Barbera;Spokojne;Półwytrawne;14,5%;Wołowina, Sery, Dania Śródziemnomorskie, Baranina, Wieprzowina;https://dobrewina.pl/wino-czerwone/5702-wino-czerwone-barbera-vole-appassimento-radice-doc-piemonte-wloskie-polwytrawne-075-l-8017868001140.html
5907222117217;Wino białe Winnica Jadwiga Chardonnay polskie wytrawne 0,75 L;Wina | Wytrawność | Wytrawne | Szczepy | Białe | Chardonnay | Rodzaj | Wino białe | dojrzałe i aksamitne | Nowości | Cena | 60,01 - 100,00 zł | Kraj | Polska;Winnica Jadwiga Chardonnay 0,75 L – elegancja polskiego wina Winnica Jadwiga Chardonnay to wyśmienite polskie wino białe, które zachwyca świeżością i subtelnym aromatem. Produkowane z cenionego szczepu Chardonnay, oferuje nuty soczystych owoców, takich jak gruszka, jabłko i cytrusy, z delikatnym akcentem wanilii oraz subtelną mineralnością. Doskonałe do lekkich dań, ryb, owoców morza oraz drobiu. Idealnie sprawdzi się zarówno na wyjątkowe okazje, jak i do codziennej degustacji. Temperatura serwowania: 8-10°C Alkohol -13%, Kwasowość -7,4 g/l, Cukier resztkowy 5,5 g/l Spróbuj polskiego Chardonnay i odkryj jego wyjątkowy charakter!;79,90 zł;https://dobrewina.pl/2407-large_default/wino-biale-winnica-jadwiga-chardonnay-polskie-wytrawne-075-l.jpg;N/A;Polska;N/A;Chardonnay;Spokojne;Wytrawne;13%;Aperitif, Drób, Owoce morza, Ryby;https://dobrewina.pl/wino-biale/5703-wino-biale-winnica-jadwiga-chardonnay-polskie-wytrawne-075-l-5907222117217.html
5907222117200;Wino białe Winnica Jadwiga Cabernet Cortis polskie wytrawne 0,75 L;Wina | Wytrawność | Wytrawne | Szczepy | Czerwone | Rodzaj | Wino białe | dojrzałe i aksamitne | Nowości | Cena | 60,01 - 100,00 zł | Kraj | Polska;Winnica Jadwiga Białe Wino Cabernet Cortis 0,75 L – nietypowa odsłona znanego szczepu Winnica Jadwiga prezentuje wyjątkowe białe wino stworzone z czerwonej odmiany winorośli – Cabernet Cortis . Dzięki delikatnemu tłoczeniu na biało, powstaje wino o jasnej barwie i złożonym aromacie. W bukiecie wyczuwalne są nuty dojrzałych owoców, cytrusów oraz subtelne akcenty ziół i mineralności. W smaku lekkie, ale wyraziste, z dobrze zbalansowaną kwasowością i przyjemnym, długim finiszem. Doskonale komponuje się z drobiem, rybami, owocami morza oraz serami. Temperatura serwowania: 8-10°C Alkohol -13,0%, Kwasowość -8,2 g/l, Cukier resztkowy -7,4 g/l Spróbuj nieoczywistego białego wina z polskiej winnicy i odkryj jego unikalny charakter!;79,90 zł;https://dobrewina.pl/2408-large_default/wino-biale-winnica-jadwiga-cabernet-cortis-polskie-wytrawne-075-l.jpg;N/A;Polska;N/A;Cabernet Cortis;Spokojne;Wytrawne;13%;Drób, Owoce morza, Sery, Ryby;https://dobrewina.pl/wino-biale/5704-wino-biale-winnica-jadwiga-cabernet-cortis-polskie-wytrawne-075-l-5907222117200.html
5907222117071;Wino białe Winnica Jadwiga Cuvee polskie półwytrawne 0,75 L;Wina | Wytrawność | Półwytrawne | Szczepy | Białe | Chardonnay | Rodzaj | Wino białe | dojrzałe i aksamitne | Nowości | Cena | 60,01 - 100,00 zł | Kraj | Polska;Winnica Jadwiga Cuvee 0,75 L – harmonia polskich szczepów Winnica Jadwiga Cuvee to starannie skomponowane wino, które łączy w sobie najlepsze cechy kilku odmian winorośli, tworząc zbalansowaną i harmonijną całość. Jego aromatyczny bukiet zachwyca nutami dojrzałych owoców, kwiatów oraz subtelnymi akcentami przypraw i mineralności. W smaku pełne, o przyjemnej strukturze i dobrze wyważonej kwasowości. Idealne do podania zarówno solo, jak i w towarzystwie lekkich dań kuchni śródziemnomorskiej, drobiu, ryb oraz serów. Wino powstało z odmian: Souvignier Gris, Chardonnay, Johanniter i Jutrzenka . Temperatura serwowania: 8-12°C Alkohol -12,5%, Kwasowość – 7,6 g/l, Cukier resztkowy -11 g/l Poznaj wyjątkowy smak polskiego wina i ciesz się jego niezwykłą kompozycją!;75,00 zł;https://dobrewina.pl/2409-large_default/wino-biale-winnica-jadwiga-cuvee-polskie-polwytrawne-075-l.jpg;N/A;Polska;N/A;Chardonnay, Souvignier Gris, Johanniter, Jutrzenka;Spokojne;Półwytrawne;12,5%;Owoce morza, Sery, Ryby, Dania Śródziemnomorskie, Aperitif, Drób;https://dobrewina.pl/wino-biale/5705-wino-biale-winnica-jadwiga-cuvee-polskie-polwytrawne-075-l-5907222117071.html
5907222117002;Wino białe Winnica Jadwiga Johanniter polskie wytrawne 0,75 L;Wina | Wytrawność | Wytrawne | Szczepy | Białe | Rodzaj | Wino białe | dojrzałe i aksamitne | Nowości | Cena | 60,01 - 100,00 zł | Kraj | Polska;Winnica Jadwiga Johanniter 0,75 L – polskie białe wino pełne świeżości Winnica Jadwiga Johanniter to eleganckie, białe wino wytrawne, które zachwyca świeżością i delikatnym aromatem. Wykonane ze szczepu Johanniter , będącego krzyżówką odmian odpornej winorośli (pochodzi od Riesling Weiss), wyróżnia się subtelnymi nutami cytrusów, zielonego jabłka i białych kwiatów, z lekkim mineralnym akcentem. W smaku lekkie, ale dobrze zbudowane, z wyraźnie zaznaczoną kwasowością, która nadaje mu rześki i harmonijny charakter. Doskonałe jako aperitif, a także do owoców morza, sałatek, drobiu i lekkich serów. Temperatura serwowania: 8-10°C Alkohol -13,0%, Kwasowość – 7,1 g/l, Cukier resztkowy – 5,5 g/l Odkryj wyjątkowy smak polskiego wina i poczuj klimat rodzimej winnicy!;79,90 zł;https://dobrewina.pl/2410-large_default/wino-biale-winnica-jadwiga-johanniter-polskie-wytrawne-075-l.jpg;N/A;Polska;N/A;Johanniter;Spokojne;Wytrawne;13%;Sery, Ryby, Dania Śródziemnomorskie, Aperitif, Owoce morza;https://dobrewina.pl/wino-biale/5706-wino-biale-winnica-jadwiga-johanniter-polskie-wytrawne-075-l-5907222117002.html
5907222117125;Wino różowe Winnica Jadwiga Rondo Rose polskie wytrawne 0,75 L;Wina | Wytrawność | Wytrawne | Szczepy | Czerwone | Rodzaj | Wino różowe | Nowości | Cena | 60,01 - 100,00 zł | Kraj | Polska;Winnica Jadwiga Rondo Rosé 0,75 L – polskie różowe wino o owocowym charakterze Winnica Jadwiga Rondo Rosé to eleganckie, wytrawne różowe wino stworzone z odpornej na chłodniejszy klimat odmiany Rondo . Jego aromatyczny bukiet zachwyca nutami truskawek, malin i czerwonych porzeczek, uzupełnionymi delikatnym kwiatowym akcentem. W smaku lekkie, świeże i harmonijne, z delikatnie wyczuwalną słodyczą i przyjemną kwasowością. Doskonałe jako aperitif oraz w duecie z lekkimi sałatkami, owocami morza, daniami kuchni azjatyckiej i deserami owocowymi. Temperatura serwowania: 8-12°C Alkohol -11,0%, Kwasowość – 7,0 g/l, Cukier resztkowy – 8,5 g/l Poznaj smak polskiego różowego wina i delektuj się jego owocowym charakterem!;69,90 zł;https://dobrewina.pl/2411-large_default/wino-rozowe-winnica-jadwiga-rondo-rose-polskie-wytrawne-075-l.jpg;N/A;Polska;N/A;Rondo;Spokojne;Wytrawne;11%;Dania wegetariańskie, Orientalne, Przystawki, Samo w sobie, Dania Śródziemnomorskie, Aperitif;https://dobrewina.pl/wino-rozowe/5707-wino-rozowe-winnica-jadwiga-rondo-rose-polskie-wytrawne-075-l-5907222117125.html
5907222117262;Wino czerwone Winnica Jadwiga Pinot Noir polskie wytrawne 0,75 L;Wina | Wytrawność | Wytrawne | Szczepy | Czerwone | Pinot Noir | Rodzaj | Wino czerwone | aromatyczne i dojrzałe | Nowości | Cena | 60,01 - 100,00 zł | Kraj | Polska;Winnica Jadwiga Pinot Noir 0,75 L – polska interpretacja klasycznego szczepu Winnica Jadwiga Pinot Noir to eleganckie, wytrawne czerwone wino, które doskonale oddaje charakter tego szlachetnego szczepu w polskich warunkach klimatycznych. Charakteryzuje się subtelnym aromatem czerwonych owoców, takich jak wiśnie, maliny i leśne jagody, z delikatnymi nutami przypraw i lekką ziemistością w tle. W smaku dobrze zbalansowane, o aksamitnej strukturze i łagodnych taninach, z wyczuwalną owocową świeżością. Idealnie komponuje się z drobiem, delikatną wołowiną, serami pleśniowymi oraz daniami z grzybami. Temperatura serwowania: 14-16°C Alkohol -12,5%, Kwasowość – 5,2 g/l, Cukier resztkowy – 0,2 g/l Odkryj wyrazisty smak Pinot Noir z polskiej winnicy i przekonaj się, jak wyjątkowe mogą być lokalne wina!;99,90 zł;https://dobrewina.pl/2412-large_default/wino-czerwone-winnica-jadwiga-pinot-noir-polskie-wytrawne-075-l.jpg;N/A;Polska;N/A;Pinot Noir;Spokojne;Wytrawne;12,5%;Wołowina, Sery, Baranina, Drób;https://dobrewina.pl/wino-czerwone/5708-wino-czerwone-winnica-jadwiga-pinot-noir-polskie-wytrawne-075-l-5907222117262.html
3392120000532;Wino czerwone Pierres Blanches Classique Cabernet Sauvignon rouge francuskie wytrawne 0,75 L;Wina | Wytrawność | Wytrawne | Szczepy | Czerwone | Cabernet Sauvignon | Rodzaj | Wino czerwone | aromatyczne i dojrzałe | Nowości | Cena | 25,01 - 40,00 zł | Kraj | Francja;Pierres Blanches Classique Cabernet Sauvignon Rouge 0,75 L – Klasyczne francuskie czerwone wino Pierres Blanches Classique Cabernet Sauvignon Rouge to eleganckie francuskie czerwone wino wytrawne , które zachwyca głębią smaku i aromatu. Produkowane ze szczepu Cabernet Sauvignon , oferuje doskonały balans między owocową świeżością a subtelną strukturą tanin. To idealny wybór zarówno na codzienną degustację, jak i na wyjątkowe okazje. Smak i aromat: Aromaty: Dojrzałe czerwone owoce (czarna porzeczka, wiśnia, śliwka) Nutka przypraw: Pieprz, wanilia, delikatne nuty dębowe Smak: Pełne, aksamitne, z dobrze zbalansowanymi taninami i długim finiszem Idealne do: Mięs: Wołowina, jagnięcina, pieczony drób Serów: Dojrzewające sery, np. cheddar czy gouda Makaronów: Potrawy z sosem pomidorowym i ziołami Pierres Blanches Classique Cabernet Sauvignon Rouge to doskonały wybór dla miłośników klasycznych francuskich win. Sprawdzi się zarówno podczas eleganckiej kolacji, jak i w towarzystwie prostych, domowych potraw. Dodaj do koszyka i rozkoszuj się smakiem francuskiej klasyki!;33,00 zł;https://dobrewina.pl/2413-large_default/wino-czerwone-pierres-blanches-classique-cabernet-sauvignon-rouge-francuskie-wytrawne-075-l.jpg;N/A;Francja;Roussillon;Cabernet Sauvignon;Spokojne;Wytrawne;13%;Wołowina, Sery, Baranina, Drób;https://dobrewina.pl/wino-czerwone/5688-wino-czerwone-pierres-blanches-classique-cabernet-sauvignon-rouge-francuskie-wytrawne-075-l-3392120000532.html
3524369331119;Wino białe Pierres Blanches Oc Chardonnay Boise francuskie wytrawne 0,75 L;Wina | Wytrawność | Wytrawne | Szczepy | Białe | Chardonnay | Rodzaj | Wino białe | wyraziste i skoncentrowane | Nowości | Cena | 40,01 - 60,00 zł | Kraj | Francja;Pierres Blanches Oc Chardonnay Boisé 0,75 L – Aromatyczne francuskie Chardonnay Pierres Blanches Oc Chardonnay Boisé to wyjątkowe francuskie białe wino wytrawne , z apelacji Pays d’Oc w południowej Francji. Wykonane ze szczepu Chardonnay , zachwyca eleganckim połączeniem owocowych aromatów z subtelną nutą dębu („Boisé” oznacza w języku francuskim „dębowy”). To idealna propozycja dla miłośników win o bogatej strukturze i delikatnej maślaności. Smak i aromat: Aromaty: Cytrusy, brzoskwinie, ananas, nuty wanilii i tostów Smak: Pełne, lekko kremowe, dobrze zbalansowane między owocową świeżością a subtelną dębową nutą Finisz: Długi, elegancki, z delikatnym akcentem orzechowym Idealne do: Owoców morza i ryb – grillowany łosoś, krewetki, przegrzebki Serów – camembert, brie, dojrzewające sery Białych mięs – pieczony kurczak, indyk w sosie śmietanowym Sałatek i lekkich przystawek Pierres Blanches Oc Chardonnay Boisé to doskonały wybór na elegancką kolację, letni wieczór z przyjaciółmi czy wyjątkową okazję. Dzięki starzeniu w dębie, wino nabiera głębi i charakteru, łącząc świeżość z delikatną maślanością. Zamów już dziś i rozkoszuj się smakiem francuskiego Chardonnay!;39,90 zł;https://dobrewina.pl/2414-large_default/wino-biale-pierres-blanches-oc-chardonnay-boise-francuskie-wytrawne-075-l.jpg;N/A;Francja;Roussillon;Chardonnay;Spokojne;Wytrawne;13,5%;Ryby, Dania wegetariańskie, Drób, Owoce morza, Przystawki;https://dobrewina.pl/wino-biale/5684-wino-biale-pierres-blanches-oc-chardonnay-boise-francuskie-wytrawne-075-l-3524369331119.html
3392120000860;Wino różowe Pierres Blanches Classique Cinsault rosé francuskie wytrawne 0,75 L;Wina | Wytrawność | Wytrawne | Szczepy | Czerwone | Rodzaj | Wino różowe | Cena | 25,01 - 40,00 zł | Kraj | Francja | Promocje | Wyprzedaż;Pierres Blanches Classique Cinsault Rosé 0,75 L – Delikatne francuskie różowe wino Pierres Blanches Classique Cinsault Rosé to świeże i lekkie francuskie wino różowe , produkowane ze szczepu Cinsault , który jest ceniony za swoją subtelność i owocowy charakter. Dzięki delikatnemu procesowi winifikacji wino zachowuje piękny, jasnoróżowy kolor oraz soczysty smak pełen letnich owoców. To doskonały wybór na ciepłe dni i lekkie, eleganckie spotkania. Smak i aromat: Aromaty: Truskawki, maliny, czerwona porzeczka, kwiatowe nuty Smak: Świeży, lekki, z delikatną kwasowością i owocowym finiszem Struktura: Harmonijna, subtelnie mineralna Idealne do: Lekkich sałatek – np. z kozim serem i orzechami Owoców morza i sushi Delikatnych serów – mozzarella, feta Letnich spotkań i pikników Pierres Blanches Classique Cinsault Rosé to idealne wino na ciepłe dni , które łączy lekkość z aromatyczną owocowością. Doskonale sprawdzi się jako aperitif lub dodatek do lekkich potraw. Dodaj do koszyka i ciesz się smakiem francuskiego różu!;29,90 zł;https://dobrewina.pl/2415-large_default/wino-rozowe-pierres-blanches-classique-cinsault-rose-francuskie-wytrawne-075-l.jpg;N/A;Francja;Roussillon;Cinsault;Spokojne;Wytrawne;12%;Sery, Dania wegetariańskie, Owoce morza, Przystawki, Samo w sobie;https://dobrewina.pl/wino-rozowe/5685-wino-rozowe-pierres-blanches-classique-cinsault-rose-francuskie-wytrawne-075-l-3392120000860.html
9300752371078;Wino białe Willowglen Gewurztraminer Riesling australijskie półsłodkie 0,75 L;Wina | Wytrawność | Półsłodkie | Szczepy | Białe | Riesling | Rodzaj | Wino białe | Cena | 40,01 - 60,00 zł | Kraj;Willowglen Gewürztraminer Riesling 0,75 L – Aromatyczna harmonia egzotyki i świeżości Willowglen Gewürztraminer Riesling to wyjątkowe białe wino półsłodkie , które łączy intensywne aromaty egzotycznych owoców z rześką kwasowością . Stworzone w słonecznej Australii, łączy najlepsze cechy dwóch klasycznych szczepów: Gewürztraminera i Rieslinga . Dzięki temu zachwyca bogatym bukietem kwiatowo-owocowym i świetnym balansem między słodyczą a świeżością . Smak i aromat: Aromaty: Litchi, marakuja, brzoskwinia, róże, delikatne nuty miodowe Smak: Pełne, aromatyczne, subtelnie słodkie z rześką kwasowością Finisz: Długi, owocowy, lekko pikantny Idealne do: Kuchni azjatyckiej i orientalnej – idealne do tajskich i wietnamskich potraw Serów pleśniowych i kozich – świetnie komponuje się z delikatnymi i kremowymi serami Deserów owocowych – pasuje do tarty cytrynowej, panna cotty i mango sticky rice Willowglen Gewürztraminer Riesling to doskonałe wino na wyjątkowe chwile , łączące aromatyczność z odświeżającym charakterem. Idealne dla miłośników białych win z nutą egzotyki! Dodaj do koszyka i ciesz się wyjątkowym smakiem Australii!;44,00 zł;https://dobrewina.pl/2417-large_default/wino-biale-willowglen-gewurztraminer-riesling-australijskie-polslodkie-075-l.jpg;N/A;Australia;N/A;Gewurztraminer, Riesling;Spokojne;Półsłodkie;11,5%;Orientalne, Samo w sobie, Aperitif, Desery;https://dobrewina.pl/wino-biale/5709-wino-biale-willowglen-gewurztraminer-riesling-australijskie-polslodkie-075-l-9300752371078.html
3392120003335;Wino różowe Gris des Launes rosé francuskie wytrawne 0,75 L;Wina | Wytrawność | Wytrawne | Rodzaj | Wino różowe | Nowości | Cena | 25,01 - 40,00 zł | Kraj | Francja;Gris des Launes Rosé – francuski urok zamknięty w butelce Wino różowe, wytrawne 0,75 L Zobacz film Pozwól się przenieść do słonecznej Prowansji – miejsca, gdzie czas płynie wolniej, a życie smakuje lepiej. Gris des Launes Rosé to esencja francuskiego stylu i lekkości. Jasnoróżowa barwa i delikatny aromat świeżych owoców sprawiają, że każde spotkanie z tym winem to mała podróż do serca południowej Francji. Aromat i smak: W bukiecie dominują nuty świeżych truskawek, malin i czerwonych porzeczek, przeplatające się z delikatnymi akcentami kwiatowymi. Na podniebieniu wino jest lekkie, orzeźwiające i dobrze zbalansowane, z wytrawnym, czystym finiszem i subtelną kwasowością, która nadaje mu świeżości i lekkości. Idealne do: To idealny wybór jako aperitif lub do lekkich potraw. Świetnie komponuje się z: sałatkami na bazie świeżych warzyw i owoców, owocami morza i grillowanymi krewetkami, lekkimi daniami rybnymi, delikatnymi serami (np. kozim lub feta), grillowanymi warzywami i kuchnią śródziemnomorską. Dlaczego je pokochasz? Stylowe, lekkie i orzeźwiające Idealne na lato i nie tylko Subtelne połączenie owoców i kwiatów Prawdziwie francuski klimat w każdej kropli Temperatura podania: 10-12°C Gris des Launes Rosé to nie tylko wino – to zaproszenie do celebrowania codziennych chwil w wyjątkowym stylu. Otwórz butelkę i poczuj smak południa Francji, gdziekolwiek jesteś.;33,00 zł;https://dobrewina.pl/2419-large_default/wino-rozowe-gris-des-launes-rose-francuskie-wytrawne-075-l.jpg;N/A;Francja;Roussillon;Cinsault, Grenache;Spokojne;Wytrawne;12%;Ryby, Aperitif, Dania wegetariańskie, Owoce morza, Przystawki;https://dobrewina.pl/wino-rozowe/5689-wino-rozowe-gris-des-launes-rose-francuskie-wytrawne-075-l-3392120003335.html
3524363531102;Wino białe Pierres Blanches Gard blanc francuskie wytrawne 0,75 L;Wina | Wytrawność | Wytrawne | Szczepy | Białe | Rodzaj | Wino białe | świeże i orzeźwiające | Nowości | Cena | 25,01 - 40,00 zł | Kraj | Francja | Promocje | Wyprzedaż | Wina do 30 zł;Poznaj białe oblicze francuskiej elegancji – Pierres Blanches Gard Blanc to wytrawne wino, które zachwyca świeżością i lekkością. Powstałe w słonecznym regionie Langwedocji, łączy w sobie harmonię aromatów i delikatny charakter typowy dla południowej Francji. Smak : świeży, rześki, zbalansowany – z nutami cytrusów, białych kwiatów i subtelną mineralnością Aromat : jabłko, gruszka, delikatne nuty grejpfruta i polnych kwiatów Szczep : mieszanka lokalnych szczepów białych winogron Styl : lekkie, wytrawne, orzeźwiające Idealne do : ryb, owoców morza, letnich sałatek, koziego sera – oraz jako elegancki aperitif Zamów teraz i wprowadź do swojego stołu nutę francuskiego lata – lekką, aromatyczną i pełną smaku!;26,90 zł;https://dobrewina.pl/2421-large_default/wino-biale-pierres-blanches-gard-blanc-francuskie-wytrawne-075-l.jpg;N/A;Francja;Roussillon;Viognier, Grenache;Spokojne;Wytrawne;12%;Aperitif, Owoce morza, Przystawki, Ryby;https://dobrewina.pl/wino-biale/5687-wino-biale-pierres-blanches-gard-blanc-francuskie-wytrawne-075-l-3524363531102.html
5601174204109;Wino czerwone Periquita Red Blend VR Setúbal portugalskie wytrawne 0,75 L;Wina | Wytrawność | Wytrawne | Szczepy | Czerwone | Rodzaj | Wino czerwone | aromatyczne i dojrzałe | Nowości | Cena | 25,01 - 40,00 zł | Kraj | Portugalia;Periquita Red Blend to wytrawne wino pochodzące z regionu Setúbal w Portugalii. Charakteryzuje się wyjątkową równowagą smaków i aromatów, które zadowolą każdego miłośnika czerwonych win. Smak i aromat : Wino ma intensywny, owocowy bukiet, w którym dominują nuty ciemnych owoców, takich jak czarna porzeczka, jeżyna i wiśnia. Delikatne przyprawy dodają głębi, a subtelna dębina wzmacnia strukturę wina. Na podniebieniu jest pełne, dobrze zbalansowane, z wyrazistymi taninami i świeżą kwasowością, która nadaje mu elegancji i długo utrzymującym się posmakiem. Idealne do : Periquita Red Blend doskonale komponuje się z daniami mięsnymi, takimi jak pieczona wołowina, jagnięcina czy dziczyzna. Świetnie pasuje także do grillowanych potraw, wędlin, a także serów dojrzewających. Idealne na każdą okazję, zarówno na codzienny posiłek, jak i na wyjątkowe chwile. Zachęcamy do zakupu : Jeśli szukasz wina, które doda charakteru każdemu posiłkowi i zaspokoi gusta nawet najbardziej wymagających koneserów, Periquita Red Blend jest doskonałym wyborem. Zamów już teraz i ciesz się portugalskim smakiem wprost z regionu Setúbal!;39,90 zł;https://dobrewina.pl/2424-large_default/wino-czerwone-periquita-red-blend-vr-setubal-portugalskie-wytrawne-075-l.jpg;N/A;Portugalia;Península de Setúbal;Trincadeira, Castelao, Alicante Bouschet;Spokojne;Wytrawne;13%;Wołowina, Sery, Baranina, Wieprzowina;https://dobrewina.pl/wino-czerwone/5714-wino-czerwone-periquita-red-blend-vr-setubal-portugalskie-wytrawne-075-l-5601174204109.html
5601174900414;Wino białe Duque de Palmella Branco Reserva VR Setúbal portugalskie wytrawne 0,75 L;Wina | Wytrawność | Wytrawne | Szczepy | Białe | Sauvignon Blanc | Rodzaj | Wino białe | dojrzałe i aksamitne | Nowości | Cena | 25,01 - 40,00 zł | Kraj | Portugalia;Wino białe Duque de Palmella Branco Reserva VR Setúbal 0,75 L – Portugalskie wytrawne wino o eleganckim charakterze Wino białe Duque de Palmella Branco Reserva pochodzi z renomowanego regionu Setúbal w Portugalii. To wytrawne wino o subtelnym, ale pełnym smaku, które zachwyci każdego miłośnika białych win o eleganckim charakterze. Duque de Palmella Branco Reserva jest wynikiem starannej produkcji i wyboru najlepszych winogron, które tworzą niepowtarzalny bukiet aromatyczny i smakowy. Smak i aromat: - Aromaty: Delikatne nuty cytrusowe, zielonych jabłek, a także subtelne akcenty kwiatowe i mineralne, które nadają winu świeżość. - Smak: Zbalansowany, o dobrej kwasowości, z lekkimi owocowymi nutami, które przeplatają się z wyczuwalnym smakiem owoców tropikalnych. - Finisz: Długi i przyjemny, z wyczuwalnymi delikatnymi nutami dębu, które dodają winu głębi. Idealne do: - Dań rybnych i owoców morza – szczególnie grillowane ryby, krewetki i ośmiornice. - Białego mięsa – kurczak, indyk. - Lekkich sałatek i past z owocami morza. Duque de Palmella Branco Reserva to wino, które będzie doskonałym wyborem na specjalne okazje lub do codziennych posiłków. Jego elegancja i wyważony smak sprawiają, że to doskonały wybór zarówno na letnie wieczory, jak i na uroczyste kolacje. Dodaj do koszyka i poczuj wyjątkowy charakter portugalskiego wina!;39,90 zł;https://dobrewina.pl/2426-large_default/wino-biale-duque-de-palmella-branco-reserva-vr-setubal-portugalskie-wytrawne-075-l.jpg;N/A;Portugalia;Setúbal;Sauvignon Blanc, Viosinho;Spokojne;Wytrawne;12%;Ryby, Drób, Owoce morza, Przystawki;https://dobrewina.pl/wino-biale/5717-wino-biale-duque-de-palmella-branco-reserva-vr-setubal-portugalskie-wytrawne-075-l-5601174900414.html
5601174900407;Wino czerwone Duque de Palmella Tinto Reserva VR Setúbal portugalskie wytrawne 0,75 L;Wina | Wytrawność | Wytrawne | Szczepy | Czerwone | Shiraz/Syrah | Cabernet Sauvignon | Rodzaj | Wino czerwone | aromatyczne i dojrzałe | Nowości | Cena | 25,01 - 40,00 zł | Kraj | Portugalia;Duque de Palmella Tinto Reserva VR Setúbal 0,75 L – Portugalskie wino wytrawne o głębokim charakterze Duque de Palmella Tinto Reserva to eleganckie, czerwone wino wytrawne pochodzące z regionu Setúbal na południu Portugalii. Jest to trunek o pełnym ciele i intensywnych aromatach, który zadowoli miłośników win o wyrazistym charakterze. Smak i aromat: - Aromaty: Intensywne nuty ciemnych owoców, takich jak czarna porzeczka i jagody, z subtelnym akcentem papryki, charakterystycznym dla szczepu Cabernet Sauvignon. - Smak: Wino o pełnym ciele, z dobrze zbalansowaną kwasowością i jedwabistymi taninami, które nadają mu elegancji i głębi. - Finisz: Długi i przyjemny, z wyczuwalnymi nutami dębu, które dodają winu dodatkowej złożoności. Idealne do: - Grillowana i pieczona wołowina, jagnięcina oraz dziczyzna. - Dania kuchni portugalskiej, takie jak bacalhau (solony dorsz) czy cozido (tradycyjny gulasz mięsny). - Dojrzałe sery, w tym ser pecorino i parmezan. Duque de Palmella Tinto Reserva to doskonały wybór na specjalne okazje, kolacje w gronie przyjaciół czy romantyczne wieczory. Jego złożoność i elegancja sprawiają, że jest to wino, które z pewnością zostanie docenione przez każdego konesera. Dodaj do koszyka i ciesz się wyjątkowym smakiem portugalskiego wina!;39,90 zł;https://dobrewina.pl/2427-large_default/wino-czerwone-duque-de-palmella-tinto-reserva-vr-setubal-portugalskie-wytrawne-075-l.jpg;N/A;Portugalia;Setúbal;Cabernet Sauvignon, Shiraz, Castelao;Spokojne;Wytrawne;13%;Baranina, Wieprzowina, Dziczyzna, Wołowina, Sery;https://dobrewina.pl/wino-czerwone/5716-wino-czerwone-duque-de-palmella-tinto-reserva-vr-setubal-portugalskie-wytrawne-075-l-5601174900407.html
5601174900100;Wino czerwone Julieta Reserva VR Alentejo portugalskie wytrawne  0,75 L;Wina | Wytrawność | Wytrawne | Szczepy | Czerwone | Shiraz/Syrah | Rodzaj | Wino czerwone | aromatyczne i dojrzałe | Nowości | Cena | 25,01 - 40,00 zł | Kraj | Portugalia;Julieta Reserva VR Alentejo 0,75 L – Wyjątkowe portugalskie wino z regionu Alentejo Julieta Reserva to czerwone wino wytrawne pochodzące z regionu Alentejo w Portugalii. Wytwarzane przez renomowaną winnicę José Maria da Fonseca, jest to trunek o głębokim smaku i eleganckim charakterze. Profil smakowy: - Aromat: Intensywne nuty dojrzałych owoców, takich jak śliwki i czarne wiśnie, z subtelnymi akcentami przypraw i dębu. - Smak: Pełne, dobrze zbalansowane, z aksamitnymi taninami i przyjemną kwasowością. - Finisz: Długi i harmonijny, z delikatnym posmakiem owoców i przypraw. Idealne do: - Grillowanych i pieczonych mięs – szczególnie wołowina, jagnięcina oraz dziczyzna. - Dojrzewających serów – takich jak pecorino, parmezan czy gorgonzola. - Dania kuchni portugalskiej – w tym tradycyjne gulasze i potrawy z ryżem. Julieta Reserva to doskonały wybór na specjalne okazje oraz na wieczory w gronie przyjaciół. Jego elegancki charakter i bogaty smak sprawiają, że jest to wino, które zadowoli nawet najbardziej wymagających koneserów. Dodaj do koszyka i ciesz się smakiem Alentejo w swoim kieliszku!;39,90 zł;https://dobrewina.pl/2428-large_default/wino-czerwone-julieta-reserva-vr-alentejo-portugalskie-wytrawne-075-l.jpg;N/A;Portugalia;Alentejo;Alicante Bouschet, Syrah, Aragonez, Trincadeira;Spokojne;Wytrawne;13%;Wołowina, Sery, Baranina, Wieprzowina, Dziczyzna;https://dobrewina.pl/wino-czerwone/5715-wino-czerwone-julieta-reserva-vr-alentejo-portugalskie-wytrawne-075-l-5601174900100.html
4260092129898;Wino białe Riesling Feinherb Generations Axel Pauly Mosel niemieckie półwytrawne 0,75 L;Wina | Wytrawność | Półwytrawne | Szczepy | Białe | Riesling | Rodzaj | Wino białe | dojrzałe i aksamitne | Nowości | Cena | 40,01 - 60,00 zł | Kraj;Riesling Feinherb „Generations“ Axel Pauly Mosel 0,75 L Riesling Feinherb „Generations“ to wyjątkowe wino białe pochodzące z renomowanego niemieckiego winnicy Axel Pauly, usytuowanej w malowniczym regionie Mozeli. Jest to trunek o subtelnym charakterze, doskonale odzwierciedlający tradycję i pasję winiarską tego regionu. Smak i aromat: Aromat: Delikatne nuty dojrzałych owoców, takich jak jabłka, brzoskwinie i gruszki, z subtelnymi akcentami kwiatowymi i mineralnymi. Smak: Harmonijnie zbalansowana słodycz i kwasowość, tworzące przyjemne wrażenie świeżości i lekkości. Finisz: Długi i elegancki, z wyczuwalną mineralnością charakterystyczną dla win z regionu Mozeli. Idealne do: Dania rybne i owoce morza. Delikatne potrawy kuchni azjatyckiej. Sałatki i lekkie przystawki. Serów o łagodnym smaku. Riesling Feinherb „Generations” to doskonały wybór dla miłośników win o subtelnym charakterze i eleganckiej strukturze. Idealnie komponuje się z lekkimi potrawami, stanowiąc doskonałe uzupełnienie wielu dań. Dodaj do koszyka i ciesz się smakiem niemieckiej tradycji w swoim kieliszku!;59,90 zł;https://dobrewina.pl/2429-large_default/wino-biale-riesling-feinherb-generations-axel-pauly-mosel-niemieckie-polwytrawne-075-l.jpg;N/A;Niemcy;Mozela;Riesling;Spokojne;Półwytrawne;10,5%;Orientalne, Owoce morza, Przystawki, Ryby;https://dobrewina.pl/wino-biale/5720-wino-biale-riesling-feinherb-generations-axel-pauly-mosel-niemieckie-polwytrawne-075-l-4260092129898.html
4260092129881;Wino białe Riesling Trocken Tres Naris Axel Pauly Mosel niemieckie wytrawne 0,75 L;Wina | Wytrawność | Wytrawne | Szczepy | Białe | Riesling | Rodzaj | Wino białe | dojrzałe i aksamitne | Nowości | Cena | 40,01 - 60,00 zł | Kraj;Riesling Trocken „Tres Naris“ Axel Pauly Mosel 0,75 L – Niemiecka precyzja i elegancja w butelce Riesling Trocken „Tres Naris“ to wytrawne wino białe pochodzące z renomowanej winnicy Axel Pauly, usytuowanej w regionie Mozeli w Niemczech. Jest to trunek o subtelnym charakterze, doskonale odzwierciedlający tradycję i pasję winiarską tego regionu. Smak i aromat: Aromat: Delikatne nuty dojrzałych owoców, takich jak jabłka, brzoskwinie i gruszki, z subtelnymi akcentami kwiatowymi i mineralnymi. Smak: Harmonijnie zbalansowana słodycz i kwasowość, tworzące przyjemne wrażenie świeżości i lekkości. Finisz: Długi i elegancki, z wyczuwalną mineralnością charakterystyczną dla win z regionu Mozeli. Idealne do: Dania rybne i owoce morza. Delikatne potrawy kuchni azjatyckiej. Sałatki i lekkie przystawki. Serów o łagodnym smaku. Riesling Trocken „Tres Naris” to doskonały wybór dla miłośników win o subtelnym charakterze i eleganckiej strukturze. Idealnie komponuje się z lekkimi potrawami, stanowiąc doskonałe uzupełnienie wielu dań. Dodaj do koszyka i ciesz się smakiem niemieckiej tradycji w swoim kieliszku!;59,90 zł;https://dobrewina.pl/2430-large_default/riesling-trocken-tres-naris-axel-pauly-mosel-075-l.jpg;N/A;Niemcy;Mozela;Riesling;Spokojne;Wytrawne;11%;Owoce morza, Przystawki, Ryby, Orientalne;https://dobrewina.pl/wino-biale/5719-riesling-trocken-tres-naris-axel-pauly-mosel-075-l-4260092129881.html
4260092129997;Wino białe Riesling Trocken Axel Pauly Mosel niemieckie wytrawne 0,75 L;Wina | Wytrawność | Wytrawne | Szczepy | Białe | Riesling | Rodzaj | Wino białe | dojrzałe i aksamitne | Cena | 40,01 - 60,00 zł | Kraj;Riesling Trocken – Axel Pauly Mosel 0,75 L Riesling Trocken od Axel Pauly to wytrawne wino białe z regionu Mozeli w Niemczech, wytwarzane przez renomowane winnice Axel Pauly. Charakteryzuje się świeżością, mineralnością i elegancką strukturą, typową dla win z tego regionu. Profil smakowy: Aromat: Delikatne nuty cytrusowe, zielonego jabłka i subtelne akcenty kwiatowe. Smak: Świeży, z wyraźną kwasowością i mineralnym finiszem. Finisz: Długi, czysty i elegancki. Idealne do: Owoców morza i ryb. Sałatek i lekkich przystawek. Delikatnych serów. To doskonały wybór dla miłośników win o subtelnym charakterze i eleganckiej strukturze. Dodaj do koszyka i ciesz się smakiem niemieckiej tradycji w swoim kieliszku!;49,90 zł;https://dobrewina.pl/2431-large_default/riesling-trocken-axel-pauly-mosel-075-l.jpg;N/A;Niemcy;Mozela;Riesling;Spokojne;Wytrawne;11%;Ryby, Orientalne, Owoce morza, Przystawki;https://dobrewina.pl/wino-biale/5718-riesling-trocken-axel-pauly-mosel-075-l-4260092129997.html
8027603004657;Wino białe Message in a Bottle Il Palagio Bianco IGT Toscana włoskie wytrawne 0,75 L;Wina | Wytrawność | Wytrawne | Szczepy | Białe | Sauvignon Blanc | Rodzaj | Wino białe | dojrzałe i aksamitne | Nowości | Wina ekologiczne i organiczne | Cena | 60,01 - 100,00 zł | Kraj | Włochy;Wino białe Message in a Bottle Il Palagio Bianco IGT Toscana 0,75 L – Toskańska elegancja w butelce Wino białe Message in a Bottle Il Palagio Bianco to wytrawne, ekologiczne wino z prestiżowej winnicy Tenuta Il Palagio, położonej w sercu Toskanii, niedaleko Figline Valdarno. Właścicielami posiadłości są Sting i Trudie Styler, którzy z pasją podchodzą do produkcji win najwyższej jakości. Skład i produkcja Szczepy winogron: 84% Vermentino, 14% Sauvignon Blanc, 2% Trebbiano Uprawa: Ekologiczna, z ręcznym zbiorem winogron między 15 sierpnia a 10 września Fermentacja: W stalowych zbiornikach w temperaturze 10–13°C Profil smakowy Aromat: Delikatny, kwiatowy z nutami cytrusów, ananasa i banan. Smak: Świeży, przyjemnie kwaskowaty z długim, harmonijnym finisze. Idealne do - Aperitif - Dania rybne i owoce mora. - Sałatki i lekkie potrawy wegetariańske. - Serów kozich i świeżych. Message in a Bottle Il Palagio Bianco to wino, które łączy toskańską tradycję z nowoczesnym podejściem do produkcji win ekologicznych. Jego elegancki charakter sprawia, że jest doskonałym wyborem na specjalne okazje oraz codzienne przyjemności. Dodaj do koszyka i ciesz się smakiem Toskanii w swoim kieliszku!;79,90 zł;https://dobrewina.pl/2422-large_default/wino-biale-message-in-a-bottle-il-palagio-bianco-igt-toscana-wloskie-wytrawne-075-l.jpg;N/A;Włochy;Toskania;Sauvignon Blanc, Trebbiano d'Abruzzo, Vermentino;Spokojne;Wytrawne;13,5%;Aperitif, Dania wegetariańskie, Owoce morza, Przystawki, Ryby;https://dobrewina.pl/wino-biale/5723-wino-biale-message-in-a-bottle-il-palagio-bianco-igt-toscana-wloskie-wytrawne-075-l-8027603004657.html
4011954000271;Wino białe Bacchus Floral Rheingrafenberg QbA Nahe niemieckie słodkie 0,75 L;Wina | Wytrawność | Słodkie | Szczepy | Białe | Rodzaj | Wino białe | dojrzałe i aksamitne | Nowości | Cena | 40,01 - 60,00 zł | Kraj | Promocje | Wyprzedaż;Bacchus Floral Rheingrafenberg QbA to wyraziste, słodkie wino białe pochodzące z niemieckiego regionu Nahe. Powstało ze szczepu Bacchus – odmiany cenionej za intensywne aromaty i delikatną strukturę. Wino zachwyca bukietem soczystych owoców: dojrzałych jabłek, gruszek, agrestu oraz białych kwiatów, takich jak jaśmin i bez. Na podniebieniu jest harmonijne, z przyjemną słodyczą doskonale zrównoważoną świeżą kwasowością, co czyni je lekkim, ale pełnym charakteru. To idealny wybór na spotkania w gronie przyjaciół, do deserów, lekkich tart owocowych, sałatek owocowych, a także jako orzeźwiający aperitif. Bacchus Floral doskonale sprawdzi się również w cieplejsze dni – schłodzony zapewni prawdziwą przyjemność degustacji. Kraj: Niemcy Region: Nahe Apelacja: QbA (Qualitätswein bestimmter Anbaugebiete) Szczep: Bacchus Styl: Słodkie, białe Idealne do: - deserów (np. serników, tart owocowych) - świeżych owoców - lekkich serów - jako aperitif Sugestia podania: Podawać dobrze schłodzone, aby w pełni wydobyć świeże, owocowe aromaty i delikatną słodycz. Daj się oczarować słodkiej harmonii Bacchus Floral – zamów już dziś i odkryj smak prawdziwej przyjemności!;39,90 zł;https://dobrewina.pl/2433-large_default/bacchus-floral-rheingrafenberg-qba-nahe-075-l.jpg;N/A;Niemcy;Nahe;Bacchus;Spokojne;Słodkie;8,5%;Aperitif, Desery, Samo w sobie;https://dobrewina.pl/wino-biale/5732-bacchus-floral-rheingrafenberg-qba-nahe-075-l-4011954000271.html
4011954000738;Wino białe Riesling Trocken Rheingrafenberg QbA Nahe niemieckie wytrawne 1,0 L;Wina | Wytrawność | Wytrawne | Szczepy | Białe | Riesling | Rodzaj | Wino białe | świeże i orzeźwiające | Nowości | Cena | 40,01 - 60,00 zł | Kraj | Promocje | Okazje miesiąca!;Riesling Trocken Rheingrafenberg QbA Nahe 1,0 L to znakomite niemieckie wino białe, wytrawne, pochodzące z renomowanego regionu winiarskiego Nahe. To idealny wybór dla miłośników rieslingów o świeżym, mineralnym charakterze i soczystych nutach owocowych. Aromaty zielonego jabłka, cytrusów, białych kwiatów i brzoskwiń tworzą harmonijną kompozycję, która zachwyca od pierwszego łyku. Wyraźna, ale doskonale zrównoważona kwasowość nadaje winu lekkość i elegancję. Riesling Rheingrafenberg jest świetnym towarzyszem lekkich potraw – sprawdzi się przy rybach, owocach morza, kuchni azjatyckiej czy sałatkach. Dzięki dużej pojemności 1 litra to wino będzie doskonałym wyborem na spotkania w gronie przyjaciół, pikniki czy rodzinne kolacje. To klasyczny niemiecki riesling, idealny na każdą okazję – zarówno jako codzienne wino do obiadu, jak i na specjalne wydarzenia. Wysoka jakość i atrakcyjna cena sprawiają, że to propozycja, obok której trudno przejść obojętnie. Kraj: Niemcy Region: Nahe Apelacja: Qualitätswein bestimmter Anbaugebiete (QbA) Szczep: Riesling Styl: Wytrawne wino białe Pasuje do: - ryb i owoców morza - sałatek z lekkimi dressingami - dań kuchni azjatyckiej (sushi, pad thai) - lekkich przystawek i serów - jako aperitif na letnie przyjęcia Idealne na: - codzienne posiłki - grill i piknik - rodzinne spotkania - imprezy w plenerze Dlaczego warto wybrać Riesling Trocken Rheingrafenberg Nahe 1L? - doskonała jakość w przystępnej cenie - duża butelka – więcej przyjemności - świeży, rześki charakter - uniwersalne wino na różne okazje - klasyczny smak niemieckiego rieslinga Zamów już dziś! Riesling Trocken Rheingrafenberg Nahe 1L to idealny wybór dla wszystkich, którzy kochają świeże, wytrawne białe wina z charakterem. Świetnie sprawdzi się na wiosnę, lato i każdą radosną okazję. Ciesz się niemiecką jakością w świetnej cenie!;38,00 zł;https://dobrewina.pl/2434-large_default/riesling-trocken-rheingrafenberg-qba-nahe-10-l.jpg;N/A;Niemcy;Nahe;Riesling;Spokojne;Wytrawne;11,5%;Ryby, Orientalne, Owoce morza, Przystawki, Samo w sobie;https://dobrewina.pl/wino-biale/5728-riesling-trocken-rheingrafenberg-qba-nahe-10-l-4011954000738.html
4011954000806;Wino białe Riesling Halbtrocken Rheingrafenberg QbA Nahe niemieckie półwytrawne 1,0 L;Wina | Wytrawność | Półwytrawne | Szczepy | Białe | Riesling | Rodzaj | Wino białe | świeże i orzeźwiające | Nowości | Cena | 40,01 - 60,00 zł | Kraj;Riesling Halbtrocken Rheingrafenberg QbA Nahe 1,0 L to półwytrawne białe wino z renomowanego regionu Nahe w Niemczech. Wyprodukowane ze szczepu Riesling, zachwyca świeżością, delikatną słodyczą i owocowym bukietem. W aromacie wyczuwalne są nuty dojrzałych jabłek, gruszek, brzoskwiń oraz subtelne akcenty cytrusowe i mineralne, które doskonale oddają charakter terroir regionu. W ustach wino jest eleganckie i harmonijne – z wyraźną, ale łagodniejszą niż w winach wytrawnych, kwasowością. Delikatna słodycz czyni je niezwykle uniwersalnym — doskonałym zarówno do lekkich dań, jak i do samodzielnego delektowania się. Dzięki pojemności 1 litra Riesling Halbtrocken Rheingrafenberg to idealny wybór na spotkania towarzyskie, rodzinne obiady czy grill w ogrodzie. Świetnie sprawdzi się jako aperitif, a także w towarzystwie ryb, białych mięs, sałatek czy lekkich deserów. Kraj: Niemcy Region: Nahe Apelacja: Qualitätswein bestimmter Anbaugebiete (QbA) Szczep: Riesling Styl: Białe wino półwytrawne Pasuje do: - ryb i owoców morza - drobiu i lekkich dań mięsnych - sałatek i lekkich przystawek - deserów na bazie owoców - kuchni azjatyckiej i fusion Idealne na: - rodzinne spotkania - pikniki i grille - lekkie kolacje na tarasie - wiosenne i letnie przyjęcia Dlaczego warto wybrać Riesling Halbtrocken Rheingrafenberg Nahe 1L? - świeżość i lekka słodycz w idealnym balansie - duża butelka idealna na większe okazje - uniwersalne połączenie do potraw i samodzielnego picia - wyrazisty charakter rieslinga z nutką słodyczy - doskonała relacja jakości do ceny Zamów już dziś! Riesling Halbtrocken Rheingrafenberg Nahe 1,0 L to propozycja pełna radości i świeżości — idealna na każdą okazję. Przekonaj się, jak doskonale smakuje niemiecki riesling w wersji półwytrawnej!;44,00 zł;https://dobrewina.pl/2435-large_default/riesling-halbtrocken-rheingrafenberg-qba-nahe-10-l.jpg;N/A;Niemcy;Nahe;Riesling;Spokojne;Półwytrawne;12%;Desery, Owoce morza, Przystawki, Samo w sobie, Ryby, Aperitif;https://dobrewina.pl/wino-biale/5729-riesling-halbtrocken-rheingrafenberg-qba-nahe-10-l-4011954000806.html
4011954000080;Wino białe Ritterstiefel Mild Rheingrafenberg Deutsche Wein niemieckie półsłodkie 1,0 L;Wina | Wytrawność | Półsłodkie | Rodzaj | Wino białe | dojrzałe i aksamitne | Nowości | Cena | 40,01 - 60,00 zł | Kraj;Ritterstiefel Mild Rheingrafenberg Deutsche Wein 1,0 L to łagodne, półsłodkie białe wino, stworzone z myślą o miłośnikach delikatnych, owocowych smaków. Pochodzące z Niemiec, z winnicy Rheingrafenberg, zachwyca świeżością, subtelną słodyczą i przyjemnym aromatem dojrzałych owoców — przede wszystkim jabłek, gruszek i brzoskwiń, z lekkim akcentem kwiatowym. W ustach wino jest miękkie, aksamitne, z delikatną kwasowością, która pięknie równoważy naturalną słodycz. Jego łagodny charakter sprawia, że jest doskonałym wyborem na codzienne okazje — idealnie pasuje zarówno do deserów, jak i do lekkich dań kuchni europejskiej czy azjatyckiej. Dzięki dużej, litrowej butelce Ritterstiefel Mild to wspaniała opcja na rodzinne spotkania, grille i wiosenno-letnie przyjęcia w ogrodzie. Kraj: Niemcy Region: Rheingrafenberg Klasyfikacja: Deutsche Wein Szczep: Cuvée różnych odmian Styl: Białe wino półsłodkie Pasuje do: - deserów na bazie owoców - lekkich ciast i wypieków - sałatek owocowych - dań kuchni azjatyckiej (np. curry) - lekkich dań drobiowych Idealne na: - spotkania rodzinne i towarzyskie - letnie przyjęcia na świeżym powietrzu - podwieczorki i uroczyste kolacje - jako aperitif Dlaczego warto wybrać Ritterstiefel Mild Rheingrafenberg 1L? - łagodny, przyjemny smak dla każdego - idealne wino do deserów i lekkich dań - duża butelka w świetnej cenie - idealne na każdą okazję, od codziennych chwil po większe uroczystości Zamów już dziś! Ritterstiefel Mild Rheingrafenberg 1,0 L to wino, które oczaruje Cię swoją delikatnością i owocowym urokiem. Ciesz się smakiem prawdziwej niemieckiej jakości w najlepszym wydaniu!;39,90 zł;https://dobrewina.pl/2436-large_default/ritterstiefel-mild-rheingrafenberg-deutsche-wein-10-l.jpg;N/A;Niemcy;Nahe;N/A;Spokojne;Półsłodkie;8,5%;Ryby, Aperitif, Desery, Orientalne, Owoce morza, Samo w sobie;https://dobrewina.pl/wino-biale/5730-ritterstiefel-mild-rheingrafenberg-deutsche-wein-10-l-4011954000080.html
8017868000556;Wino białe Gavi DOCG Immenso Radice włoskie wytrawne 0,75 L;Wina | Wytrawność | Wytrawne | Szczepy | Białe | Rodzaj | Wino białe | wyraziste i skoncentrowane | Nowości | Cena | 40,01 - 60,00 zł | Kraj | Włochy;Włoskie, wytrawne wino białe z regionu Piemont Gavi Immenso Radice to lekkie, eleganckie białe wino pochodzące z północnych Włoch. Produkowane ze szczepu Cortese, znanego z rześkich i subtelnych win, charakteryzuje się świeżym aromatem cytrusów, zielonych jabłek i białych kwiatów. W ustach przyjemnie mineralne, z wyrazistą, ale dobrze zbalansowaną kwasowością. To idealny wybór na ciepłe dni – sprawdzi się jako aperitif, ale świetnie pasuje też do lekkich dań, ryb, sałatek i owoców morza. Jego odświeżający charakter i delikatność czynią je uniwersalnym winem na wiele okazji. Z czym podawać: lekkie przystawki, dania rybne, owoce morza, sałatki Temperatura serwowania: 8–10°C Styl: świeże, wytrawne, mineralne Świetny wybór na wiosnę i lato – lekkie, przyjemne, typowo włoskie.;49,90 zł;https://dobrewina.pl/2438-large_default/gavi-docg-immenso-radice-075-l.jpg;N/A;Włochy;Piemonte;Cortese;Spokojne;Wytrawne;12%;Samo w sobie, Ryby, Aperitif, Owoce morza, Przystawki;https://dobrewina.pl/wino-biale/5733-gavi-docg-immenso-radice-075-l-8017868000556.html
4011954000882;Wino białe Riesling Kabinett Feinherb Rheingrafenberg QbA Nahe niemieckie półwytrawne 0,75 L;Wina | Wytrawność | Wytrawne | Szczepy | Białe | Riesling | Rodzaj | Wino białe | świeże i orzeźwiające | Nowości | Cena | 40,01 - 60,00 zł | Kraj;Niemieckie, białe wino półwytrawne z regionu Nahe Riesling Kabinett Feinherb Rheingrafenberg to klasyczne, delikatnie półwytrawne wino z niemieckiego regionu Nahe. Produkowane ze szczepu riesling, słynie z idealnej równowagi między świeżą kwasowością a lekką, naturalną słodyczą. Aromaty cytrusów, zielonych jabłek i dojrzałych brzoskwiń przenikają się z subtelnymi nutami kwiatowymi i mineralnością charakterystyczną dla terroir Nahe. W ustach eleganckie, lekkie i harmonijne, z żywą, lecz nieprzytłaczającą strukturą. Klasyczna formuła kabinett sprawia, że to wino idealnie sprawdzi się zarówno solo, jak i w towarzystwie dań kuchni azjatyckiej, sałatek, ryb czy drobiu w lekkich sosach. Z czym podawać: kuchnia azjatycka (tajska, wietnamska), lekkie sałatki, ryby, dania z drobiu Temperatura serwowania: 8–10°C Styl: świeże, aromatyczne, półwytrawne Wino dla miłośników subtelności i doskonałej równowagi – spróbuj i przekonaj się, jak dobrze riesling potrafi komponować się z codziennym posiłkiem.;49,90 zł;https://dobrewina.pl/2437-large_default/riesling-kabinett-feinherb-rheingrafenberg-qba-nahe-075-l.jpg;N/A;Niemcy;Nahe;Riesling;Spokojne;Półwytrawne;9,5%;Orientalne, Przystawki, Samo w sobie, Ryby, Drób;https://dobrewina.pl/wino-biale/5731-riesling-kabinett-feinherb-rheingrafenberg-qba-nahe-075-l-4011954000882.html
4037854477463;Wino białe Riesling & Gewürztraminer Floral Trautwein QbA Rheinhessen niemieckie półwytrawne 0,75 L;Wina | Wytrawność | Półwytrawne | Szczepy | Białe | Riesling | Rodzaj | Wino białe | dojrzałe i aksamitne | Nowości | Cena | 40,01 - 60,00 zł | Kraj;Niemieckie, białe wino półwytrawne z regionu Rheinhessen Riesling & Gewürztraminer Floral Trautwein to harmonijne połączenie dwóch znakomitych szczepów, które razem tworzą wyjątkowo aromatyczne, półwytrawne białe wino. Produkowane w regionie Rheinhessen, wyróżnia się intensywnym bukietem kwiatowym i owocowym, z dominacją jaśminu, róży, brzoskwini i dojrzałej gruszki. Riesling wnosi świeżą kwasowość i lekkość, natomiast Gewürztraminer dodaje wspaniałej, egzotycznej ekspresji. Wino jest aksamitne, przyjemnie owocowe i dobrze zbalansowane – idealne dla osób ceniących wina pełne zapachu i delikatnej słodyczy. Z czym podawać: kuchnia orientalna, łagodnie przyprawione dania, deski serów, dania z drobiu Temperatura serwowania: 8–10°C Styl: aromatyczne, półwytrawne, kwiatowe Wyjątkowe połączenie szczepów, które zachwyca zarówno solo, jak i przy stole – idealne na wiosenne i letnie wieczory.;59,90 zł;https://dobrewina.pl/2439-large_default/riesling-gewuerztraminer-floral-trautwein-qba-rheinhessen-075-l.jpg;N/A;Niemcy;Rheinhessen;Gewurztraminer, Riesling;Spokojne;Półwytrawne;12%;Sery, Orientalne, Owoce morza, Samo w sobie;https://dobrewina.pl/wino-biale/5727-riesling-gewuerztraminer-floral-trautwein-qba-rheinhessen-075-l-4037854477463.html
4037854476091;Riesling Bezalkoholowy Trautwien 0% 0,75 L;Wina | Wytrawność | Wytrawne | Szczepy | Białe | Riesling | Rodzaj | Wina bezalkoholowe | wina bezalkoholowe białe | Nowości | Cena | 40,01 - 60,00 zł | Kraj;Białe wino bezalkoholowe z Niemiec – świeżość Rieslinga bez procentów Riesling Bezalkoholowy Trautwein to doskonała alternatywa dla osób, które chcą cieszyć się smakiem i aromatem klasycznego niemieckiego Rieslinga, bez zawartości alkoholu. Pochodzące z uznanego producenta z regionu Rheinhessen, wino to zachowuje charakterystyczną świeżość i owocowość szczepu, oferując nuty jabłka, cytrusów i białych kwiatów. Dzięki procesowi delikatnej dealkoholizacji, wino zachowuje pełnię aromatu i strukturę, oferując lekką słodycz i przyjemną kwasowość. Idealne do lekkich potraw, jako aperitif lub po prostu do delektowania się smakiem bez procentów. Z czym podawać: sałatki, ryby, drób, kuchnia wegetariańska Temperatura serwowania: 6–8°C Styl: bezalkoholowe, świeże, owocowe Ciesz się przyjemnością wina – bez alkoholu, bez kompromisów! Składniki: dealkoholizowane wino z winogron Riesling, cukier gronowy, dwutlenek siarki, alkohol obj. <0,5%. Najlepiej spożyć przed końcem daty podanej na opakowaniu. Pojemność netto 750 ml. Wartość odżywcza w 100ml produktu: Wartość energetyczna 97kJ/ 23kcal. Tłuszcz <0,1g - w tym kwasy tłuszczowe nasycone <0,1g. Węglowodany 4,5g - w tym cukry 4,5g. Białko <0,1g. Sól <0,1g.;49,90 zł;https://dobrewina.pl/2440-large_default/riesling-bezalkoholowy-trautwien-075-l.jpg;N/A;Niemcy;Rheinhessen;Riesling;Bezalkoholowe;Wytrawne;0%;Owoce morza, Przystawki, Samo w sobie, Aperitif;https://dobrewina.pl/wina-bezalkoholowe/5725-riesling-bezalkoholowy-trautwien-075-l-4037854476091.html
4037854476121;Riesling Sekt Bezalkoholowy Musujący Trautwien 0,75 L;Wina | Wytrawność | Szczepy | Białe | Riesling | Rodzaj | Wina bezalkoholowe | wina bezalkoholowe musujące | Cena | 40,01 - 60,00 zł | Kraj;Musujące wino bezalkoholowe – elegancja i orzeźwienie w każdej okazji Riesling Sekt Bezalkoholowy Trautwein to wyjątkowe wino musujące z Niemiec, stworzone na bazie klasycznego Rieslinga i całkowicie pozbawione alkoholu. To idealna propozycja dla osób, które pragną cieszyć się smakiem bąbelków bez procentów – z zachowaniem aromatycznej świeżości i lekkości szczepu. Wino urzeka nutami zielonego jabłka, cytrusów i delikatnych białych kwiatów. Delikatne musowanie podkreśla jego rześki charakter, sprawiając, że doskonale sprawdzi się zarówno jako aperitif, jak i towarzysz uroczystych toastów czy lekkich przekąsek. Z czym podawać: jako aperitif, do deserów, sałatek owocowych i lekkich przystawek Temperatura serwowania: 6–8°C Styl: musujące, bezalkoholowe, świeże i owocowe Stylowy wybór na każdą okazję – bez alkoholu, z pełnią smaku! Składniki: dealkoholizowane wino z winogron, cukier gronowy, dwutlenek węgla, dwutlenek siarki, alkohol obj. <0,5%. Najlepiej spożyć przed końcem daty podanej na opakowaniu. Pojemność netto 750 ml. Wartość odżywcza w 100ml produktu: Wartość energetyczna 91kJ/ 22kcal. Tłuszcz <0,1g - w tym kwasy tłuszczowe nasycone <0,1g. Węglowodany 4,5g - w tym cukry 4,5g. Białko <0,1g. Sól <0,1g.;49,90 zł;https://dobrewina.pl/2441-large_default/riesling-sekt-bezalkoholowy-musujacy-trautwien-075-l.jpg;N/A;Niemcy;N/A;Riesling;Bezalkoholowe;Wytrawne;0%;Desery, Przystawki, Aperitif;https://dobrewina.pl/wina-bezalkoholowe/5726-riesling-sekt-bezalkoholowy-musujacy-trautwien-075-l-4037854476121.html
8027603003612;Wino czerwone Message in a Bottle Il Palagio Rosso IGT Toscana włoskie wytrawne 0,75 L;Wina | Wytrawność | Wytrawne | Szczepy | Czerwone | Sangiovese | Rodzaj | Wino czerwone | treściwe i beczkowe | Nowości | Wina ekologiczne i organiczne | Cena | 60,01 - 100,00 zł | Kraj | Włochy;Message in a Bottle Il Palagio Rosso IGT Toscana 0,75 L – Toskańskie wino o wyjątkowym charakterze Message in a Bottle to czerwone wino pochodzące z winnicy Il Palagio, należącej do muzyka Stinga, położonej w sercu Toskanii, niedaleko Florencji. Jest to wino o głębokim smaku, które odzwierciedla pasję i zaangażowanie właścicieli w produkcję win najwyższej jakości. Smak i aromat: - Aromaty: Kompleksowe nuty dojrzałych owoców, takich jak czereśnie i jeżyny, z dodatkiem przypraw korzennych, które nadają winu głębię i złożoność. - Smak: Pełne i harmonijne, z dobrze zbalansowaną kwasowością i aksamitnymi taninami, które prowadzą do długiego i przyjemnego finiszu. Idealne do: - Grillowana i pieczona wołowina, jagnięcina oraz dziczyzna. - Dania kuchni włoskiej, takie jak lasagne, risotto czy pizza. - Dojrzewające sery, w tym pecorino, parmezan czy gorgonzola. Message in a Bottle Il Palagio Rosso IGT Toscana to wino, które łączy tradycję z nowoczesnością, oferując wyjątkowe doświadczenie smakowe. Idealne na specjalne okazje, jak i na codzienne posiłki, z pewnością zadowoli podniebienia nawet najbardziej wymagających koneserów. Dodaj do koszyka i ciesz się autentycznym smakiem Toskanii!;79,90 zł;https://dobrewina.pl/2432-large_default/message-in-a-bottle-il-palagio-rosso-igt-toscana-075-l.jpg;N/A;Włochy;Toskania;Sangiovese;Spokojne;Wytrawne;14%;Baranina, Wieprzowina, Dziczyzna, Wołowina, Sery;https://dobrewina.pl/wino-czerwone/5724-message-in-a-bottle-il-palagio-rosso-igt-toscana-075-l-8027603003612.html
8029254002570;Barolo Castelletto Vigna Pressenda Conterno Fantino 2016 0,75 L;Wina | Wytrawność | Wytrawne | Szczepy | Czerwone | Nebbiolo | Rodzaj | Wino czerwone | treściwe i beczkowe | Nowości | Cena | powyżej 200 zł | Kraj | Włochy | Barolo;Barolo Castelletto Vigna Pressenda Conterno Fantino 2016 0,75 L – Wyjątkowe wino z serca Piemontu Barolo Castelletto Vigna Pressenda 2016 to czerwone wino pochodzące z prestiżowej winnicy Conterno Fantino w regionie Piemont we Włoszech. Jest to klasyczny przedstawiciel Barolo, wytwarzany w 100% z winogron Nebbiolo z winnicy Castelletto Vigna Pressenda w Monforte d'Alba. Charakterystyka wina: - Aromat: Intensywne nuty dojrzałych owoców, takich jak śliwki i czarne wiśnie, z dodatkiem akcentów ziół, przypraw oraz delikatnych tonów dymnych. - Smak: Wino o średniej budowie, pełne elegancji i finezji, z wyraźnymi, ale jedwabistymi taninami i wysoką kwasowością, co zapewnia potencjał do długiego dojrzewania. Oceny ekspertów: - Robert Parker's Wine Advocate: 96 punktów – za intensywność owoców i złożoność aromatów. - Vinous (Antonio Galloni): 94+ punkty – za czystość smaków i klasyczny charakter. - James Suckling: 94 punkty – za dojrzałe owoce i strukturalną głębię. Idealne do: - Potraw mięsnych, takich jak wołowina, jagnięcina czy dziczyzna. - Dań kuchni włoskiej, w tym risotto i lasagne. - Dojrzewających serów, takich jak parmezan czy pecorino. Barolo Castelletto Vigna Pressenda 2016 to wino o dużym potencjale starzenia, które z biegiem lat zyska na głębi i złożoności. Jest to doskonały wybór dla koneserów poszukujących autentycznego doświadczenia smakowego z Piemontu. Dodaj do koszyka i ciesz się smakiem włoskiej tradycji!;299,00 zł;https://dobrewina.pl/2442-large_default/barolo-castelletto-vigna-pressenda-conterno-fantino-2016-075-l.jpg;N/A;Włochy;Piemonte;Nebbiolo;Spokojne;Wytrawne;N/A;Wołowina, Dania Śródziemnomorskie, Baranina, Wieprzowina, Dziczyzna;https://dobrewina.pl/wino-czerwone/5722-barolo-castelletto-vigna-pressenda-conterno-fantino-2016-075-l-8029254002570.html
3760053900470;Wino musujące Champagne A. Chamberlain Grande Réserve Brut francuskie wytrawne 0,75 L;Wina | Wytrawność | Wytrawne | Rodzaj | Wino musujące | Szampan / Champagne | Nowości | Cena | 100,01 - 200,00 zł | Kraj | Francja;Champagne A. Chamberlain Grande Réserve Brut 0,75 L – Elegancja i świeżość z serca Szampanii Champagne A. Chamberlain Grande Réserve Brut to wytrawne wino musujące z regionu Szampanii we Francji, łączące klasyczne szczepy winogron: Pinot Noir, Pinot Meunier i Chardonnay. Jest to propozycja dla miłośników eleganckich i harmonijnych szampanów, idealna na specjalne okazje oraz codzienne przyjemności. Smak i aromat: - Aromat: Delikatne nuty cytrusowe z subtelnymi akcentami przypraw i drożdży. - Smak: Harmonijny i świeży, z dobrze zbalansowaną kwasowością i przyjemnym, czystym finiszem. Idealne do: - Aperitifów. - Owoców morza i sushi. - Dania z drobiu, takie jak kurczak w cytrusowej marynacie. - Delikatnych serów, takich jak brie czy camembert. Champagne A. Chamberlain Grande Réserve Brut to doskonały wybór dla tych, którzy szukają eleganckiego i przystępnego cenowo szampana, który doda blasku każdej chwili. Dodaj do koszyka i ciesz się smakiem francuskiej tradycji!;139,00 zł;https://dobrewina.pl/2443-large_default/wino-musujace-champagne-a-chamberlain-grande-reserve-brut-francuskie-wytrawne-075-l.jpg;N/A;Francja;Szampania;Pinot Noir, Chardonnay, Pinot Meunier;Musujące;Wytrawne;12%;Aperitif, Drób, Owoce morza, Samo w sobie, Sery;https://dobrewina.pl/wino-musujace/5721-wino-musujace-champagne-a-chamberlain-grande-reserve-brut-francuskie-wytrawne-075-l-3760053900470.html
3507110023716;Wino białe Les Templiers Muscadet Sevre-et-Maine Sur Lie AOC francuskie wytrawne 0,75 L;Wina | Wytrawność | Wytrawne | Szczepy | Białe | Rodzaj | Wino białe | dojrzałe i aksamitne | Cena | 40,01 - 60,00 zł | Kraj | Francja | Promocje | Wyprzedaż;Les Templiers Muscadet Sèvre-et-Maine Sur Lie AOC 0,75 L – Klasyka regionu Dolnej Loary Les Templiers to wyjątkowe białe wino pochodzące z apelacji Muscadet Sèvre-et-Maine w Dolnej Loarze. Wytwarzane z winogron szczepu Melon de Bourgogne, charakteryzuje się świeżością i mineralnością, typową dla win z tego regionu. Profil smakowy: - Aromat: Delikatne nuty owoców takich jak jabłka, gruszki i brzoskwinie, z subtelnymi akcentami kwiatowymi. - Smak: Lekka struktura z przyjemną kwasowością, prowadząca do długiego i orzeźwiającego finiszu. - Finisz: Czysty i elegancki, z wyczuwalną mineralnością charakterystyczną dla win z apelacji Sur Lie. Idealne do: - Owoców morza, takich jak mule czy ostrygi. - Lekkich potraw rybnych i sałatek. - Delikatnych serów, na przykład koziego. Les Templiers Muscadet Sèvre-et-Maine Sur Lie to doskonały wybór dla tych, którzy pragną odkryć autentyczny smak Dolnej Loary. Jego lekkość i świeżość sprawiają, że jest idealnym towarzyszem letnich posiłków i spotkań. Dodaj do koszyka i ciesz się smakiem francuskiej tradycji!;34,90 zł;https://dobrewina.pl/2444-large_default/les-templiers-muscadet-sevre-et-maine-sur-lie-aoc-075-l.jpg;N/A;Francja;Dolina Loary;Melon de Bourgogne;Spokojne;Wytrawne;12%;Owoce morza, Sery, Ryby;https://dobrewina.pl/wino-biale/5712-les-templiers-muscadet-sevre-et-maine-sur-lie-aoc-075-l-3507110023716.html
5601247062117;Gravuras do Coa Porto White 0,75 L 19%;Wina | Wytrawność | Słodkie | Rodzaj | Wino wzmacniane/deserowe | Cena | 40,01 - 60,00 zł | Kraj | Portugalia | Promocje | Wyprzedaż;Portugalskie wino wzmacniane o złotej barwie i aksamitnym smaku – klasyczny biały porto z Doliny Douro Gravuras do Côa Porto White to elegancki, biały porto pochodzący z serca portugalskiego regionu Douro. Produkowane z tradycyjnych białych szczepów winorośli i dojrzewane w dębowych beczkach, wyróżnia się intensywnym aromatem owoców tropikalnych, brzoskwini i miodu, przełamanym subtelną nutą wanilii i przypraw. W ustach łagodne i harmonijne – słodycz doskonale równoważona jest orzeźwiającą kwasowością. Idealne jako aperitif, a także do lekkich deserów, serów pleśniowych lub klasycznie – z kostką lodu i plasterkiem limonki. Z czym podawać: jako aperitif, z serami pleśniowymi, tartami owocowymi, orzechami Temperatura serwowania: 8–10°C Styl: wino wzmacniane, białe, półsłodkie Region: Douro, Portugalia Alkohol: 19% Pojemność: 0,75 L To wino to idealny wybór dla miłośników porto w jasnej, bardziej subtelnej odsłonie. Odkryj smak portugalskiej tradycji!;36,90 zł;https://dobrewina.pl/2445-large_default/gravuras-do-coa-porto-white-075-l-19.jpg;N/A;Portugalia;Douro;N/A;Wzmacniane/deserowe;Słodkie;19%;Aperitif, Desery, Samo w sobie;https://dobrewina.pl/wino-wzmacnianedeserowe/5734-gravuras-do-coa-porto-white-075-l-19-5601247062117.html
5601247061851;Gravuras do Coa Porto Ruby 0,75 L 19%;Wina | Wytrawność | Słodkie | Rodzaj | Wino wzmacniane/deserowe | Cena | 40,01 - 60,00 zł | Kraj | Portugalia | Promocje | Wyprzedaż;Klasyczne, czerwone porto z Doliny Douro – intensywne, owocowe i aksamitnie słodkie Gravuras do Côa Porto Ruby to tradycyjne, czerwone wino wzmacniane z portugalskiego regionu Douro, stworzone z lokalnych odmian winogron, takich jak Touriga Nacional, Tinta Roriz i Touriga Franca. Ruby Port dojrzewa krótko w dużych dębowych kadziach, co pozwala zachować jego intensywną, purpurową barwę oraz świeży, owocowy charakter. W nosie wyczuwalne są wyraźne nuty czarnej porzeczki, wiśni, śliwek oraz delikatnych przypraw. W smaku pełne, aksamitne i przyjemnie słodkie, z wyraźną owocową strukturą i ciepłym, długim finiszem. Z czym podawać: idealne do deserów czekoladowych, ciast z wiśniami, serów dojrzewających, ale także jako wieczorny digestif Temperatura serwowania: 14–16°C Styl: czerwone wino wzmacniane, słodkie Region: Douro, Portugalia Alkohol: 19% Pojemność: 0,75 L Gravuras do Côa Ruby to wyraz klasycznej portugalskiej tradycji w nowoczesnym wydaniu – idealne dla tych, którzy kochają intensywne, owocowe smaki w eleganckim stylu. Sięgnij po nie, gdy chcesz zakończyć dzień wyjątkowym akcentem.;36,90 zł;https://dobrewina.pl/2447-large_default/gravuras-do-coa-porto-ruby-075-l-19.jpg;https://dobrewina.pl/2446-large_default/gravuras-do-coa-porto-ruby-075-l-19.jpg;Portugalia;Douro;N/A;Wzmacniane/deserowe;Słodkie;19%;Desery, Samo w sobie, Aperitif;https://dobrewina.pl/wino-wzmacnianedeserowe/5735-gravuras-do-coa-porto-ruby-075-l-19-5601247061851.html
3770007823007;Wino białe Pouilly-Fume Gaudry Le Chant de la Vigne francuskie wytrawne 0,75 L;Wina | Wytrawność | Wytrawne | Szczepy | Białe | Sauvignon Blanc | Rodzaj | Wino białe | dojrzałe i aksamitne | Nowości | Cena | 60,01 - 100,00 zł | Kraj | Francja;Pouilly-Fumé Gaudry Le Chant de la Vigne 0,75 L – esencja francuskiego Sauvignon Blanc Pouilly-Fumé Gaudry Le Chant de la Vigne to wyjątkowe białe wino wytrawne z apelacji Pouilly-Fumé AOC , położonej w Dolinie Loary – kolebce jednych z najlepszych Sauvignon Blanc na świecie. Powstałe z pasją w winnicy Gaudry , to wino urzeka swoją mineralnością, świeżością i elegancką strukturą. Aromat i smak: Wino o świeżym, czystym aromacie cytrusów, białych kwiatów i mineralnych nut krzemienia (tzw. „fumé”) . W ustach lekkie, ale intensywne – z wyraźną kwasowością, nutami grejpfruta, limonki i kredowej elegancji. Idealne do: - owoców morza i ryb (szczególnie grillowanych), - koziego sera (np. Crottin de Chavignol), - lekkich dań warzywnych, - kuchni śródziemnomorskiej i azjatyckiej. Dlaczego warto? - Pochodzi z jednej z najsłynniejszych apelacji białego wina we Francji - Ręczne zbiory i rzemieślnicze podejście w winnicy rodziny Gaudry - Wspaniałe wino na letnie wieczory i eleganckie spotkania Zamów teraz i odkryj smak francuskiego terroir w swojej kieliszku – Pouilly-Fumé w najlepszym wydaniu!;77,00 zł;https://dobrewina.pl/2473-large_default/wino-biale-pouilly-fume-gaudry-le-chant-de-la-vigne-francuskie-wytrawne-075-l.jpg;N/A;Francja;Dolina Loary;Sauvignon Blanc;Spokojne;Wytrawne;12,5%;Orientalne, Owoce morza, Ryby, Dania Śródziemnomorskie;https://dobrewina.pl/wino-biale/5743-wino-biale-pouilly-fume-gaudry-le-chant-de-la-vigne-francuskie-wytrawne-075-l-3770007823007.html
3524363511104;Wino czerwone Pierres Blanches Gard Rouge Gard IGP francuskie wytrawne 0,75 L;Wina | Wytrawność | Wytrawne | Szczepy | Czerwone | Shiraz/Syrah | Rodzaj | Wino czerwone | aromatyczne i dojrzałe | Cena | 25,01 - 40,00 zł | Kraj | Francja | Wina do 30 zł;Pierres Blanches Gard Rouge IGP 0,75 L – codzienne czerwone z południa Francji Pierres Blanches Gard Rouge IGP to lekkie, przyjemne czerwone wino z regionu Langwedocja-Roussillon , konkretnie z departamentu Gard . Powstałe z klasycznych szczepów południa Francji, oferuje harmonijną kompozycję owocu i delikatnych tanin, idealną na co dzień. Aromat i smak: Delikatny, owocowy bukiet z nutami dojrzałych wiśni, malin i lekkiej przyprawowości . W smaku miękkie, zbalansowane, łatwe do picia – z krótkim, czystym finiszem. Wino stworzone do codziennych posiłków i prostych przyjemności. Do czego pasuje? - makarony z sosem pomidorowym, - dania z grilla, - wędliny, sery, pizze, - kuchnia śródziemnomorska i francuska bistro. Dlaczego warto? - Uniwersalne czerwone wino na każdą okazję - Świetna relacja jakości do ceny - Lekkość południowej Francji w butelce Dodaj do koszyka i ciesz się smakiem Gard w doskonałej cenie – Pierres Blanches to wybór, który nie zawodzi!;29,90 zł;https://dobrewina.pl/2451-large_default/wino-czerwone-pierres-blanches-gard-rouge-gard-igp-francuskie-wytrawne-075-l.jpg;N/A;Francja;Roussillon;Grenache, Carignan, Syrah;Spokojne;Wytrawne;12,5%;Wołowina, Sery, Dania Śródziemnomorskie, Baranina, Wieprzowina;https://dobrewina.pl/wino-czerwone/5744-wino-czerwone-pierres-blanches-gard-rouge-gard-igp-francuskie-wytrawne-075-l-3524363511104.html
8008900001976;Wino musujące Prosecco Rose Spumante Brut Cielo DOC włoskie wytrawne 0,75 L;Wina | Wytrawność | Wytrawne | Rodzaj | Wino różowe | Wino musujące | Prosecco i Valdobbiadene | Nowości | Cena | 25,01 - 40,00 zł | Kraj | Włochy | Promocje | Wyprzedaż;Prosecco Rosé Spumante Brut Cielo DOC 0,75 L – Elegancja w Różowym Wydaniu Odkryj niezwykłe Prosecco Rosé Spumante Brut Cielo DOC, które zachwyca elegancją i orzeźwiającym charakterem. To wyjątkowe wino musujące o pojemności 0,75 L to idealny wybór na każdą okazję – od celebracji ważnych momentów, przez romantyczne wieczory, aż po spotkania z przyjaciółmi. Charakterystyka Wina Prosecco Rosé Spumante Brut Cielo DOC to starannie wyselekcjonowane połączenie odmian winogron Glera i Pinot Noir, które nadają mu urzekający, bladoróżowy kolor oraz złożony bukiet aromatów. - Barwa: Delikatna, łososiowa barwa z subtelnymi refleksami. - Aromat: W nosie dominują świeże nuty czerwonych owoców, takich jak truskawki , maliny i poziomki , przeplatające się z eleganckimi akcentami kwiatowymi i nutami drożdżowymi, dodającymi złożoności. - Smak: Na podniebieniu wino jest wytrawne (Brut) , lecz jednocześnie niezwykle świeże i owocowe . Delikatne bąbelki podkreślają jego lekkość i rześkość, pozostawiając długi, przyjemny posmak. Wyczuwalne są nuty owocowe i subtelna mineralność. - Bąbelki: Drobne, trwałe i obfite, tworzące aksamitną pianę. Idealne na Każdą Okazję To Prosecco Rosé doskonale sprawdzi się jako: - Aperitif: Orzeźwi i pobudzi apetyt przed posiłkiem. - Dodatek do potraw: Idealnie komponuje się z lekkimi przystawkami, owocami morza, sushi, sałatkami oraz delikatnymi deserami na bazie owoców. - Prezent: Elegancka butelka sprawia, że jest to doskonały pomysł na upominek dla każdego miłośnika dobrych win. - Celebracja: Niezastąpione podczas toastów i radosnych chwil. Dlaczego Warto Wybrać Prosecco Rosé Spumante Brut Cielo DOC? Cielo to uznany producent win, gwarantujący najwyższą jakość i dbałość o detale. Wybierając to Prosecco Rosé, decydujesz się na produkt, który łączy w sobie tradycję winiarską z nowoczesnym podejściem, oferując niezapomniane doznania smakowe. Jego lekkość i uniwersalność sprawiają, że z łatwością dopasuje się do różnych okazji i preferencji. Przenieś się do słonecznej Italii z każdym łykiem Prosecco Rosé Spumante Brut Cielo DOC!;34,90 zł;https://dobrewina.pl/2452-large_default/wino-musujace-prosecco-rose-spumante-brut-cielo-doc-wloskie-wytrawne-075-l.jpg;N/A;Włochy;Veneto;Pinot Noir, Glera;Musujące;Wytrawne;10,5%;Desery, Owoce morza, Przystawki, Samo w sobie, Aperitif, Dania wegetariańskie;https://dobrewina.pl/wino-musujace/5745-wino-musujace-prosecco-rose-spumante-brut-cielo-doc-wloskie-wytrawne-075-l-8008900001976.html
3149070038890;Les Anges Sauvignon Blanc 0% 0,75 L;Wina | Wytrawność | Delikatnie wytrawne | Szczepy | Białe | Sauvignon Blanc | Rodzaj | Wina bezalkoholowe | wina bezalkoholowe białe | Wino białe | Nowości | Cena | 25,01 - 40,00 zł | Kraj | Francja | Promocje | Okazje miesiąca!;Les Anges Sauvignon Blanc 0% 0,75 L – białe wino bezalkoholowe z Francji Les Anges Sauvignon Blanc 0% to doskonałe wino białe bezalkoholowe , które zachwyca aromatem i świeżością typową dla klasycznego Sauvignon Blanc, ale bez zawartości alkoholu. Pochodzące z Francji, oferuje wyjątkowy smak i elegancję, idealną dla osób, które chcą cieszyć się winem w wersji 0% alkoholu – np. w ciąży, podczas jazdy samochodem czy jako codzienna alternatywa. Charakterystyka: Typ: Wino bezalkoholowe białe wytrawne Pojemność: 0,75 L Alkohol: 0% Szczep: Sauvignon Blanc Kraj pochodzenia: Francja Styl: lekkie, świeże, cytrusowe Smak i aromat: Les Anges 0% to wino o przyjemnym bukiecie cytrusów, zielonych jabłek i delikatnych ziół. Na podniebieniu lekkie i orzeźwiające, z subtelną kwasowością. Świetnie oddaje charakter szczepu Sauvignon Blanc mimo braku alkoholu. Idealne do: - lekkich sałatek - dań kuchni śródziemnomorskiej - dań wegetariańskich - jako aperitif - na imprezy, spotkania rodzinne i grill Dlaczego warto wybrać Les Anges 0%? - Bez alkoholu, a z pełnią smaku - Alternatywa dla klasycznego wina – bez kompromisów - Stylowa butelka, idealna również na prezent - Francuska jakość i elegancja Zamów Les Anges Sauvignon Blanc 0% już dziś! Jeśli szukasz dobrego wina bezalkoholowego , które smakuje jak prawdziwe – Les Anges 0% to wybór dla Ciebie. Dodaj do koszyka i przekonaj się, jak pyszne może być życie w wersji 0%.;38,00 zł;https://dobrewina.pl/2453-large_default/les-anges-sauvignon-blanc-0-075-l.jpg;N/A;Francja;Dolina Loary;Sauvignon Blanc;Bezalkoholowe;Lekko wytrawne;0%;Przystawki, Samo w sobie, Ryby, Owoce morza;https://dobrewina.pl/wina-bezalkoholowe/5748-les-anges-sauvignon-blanc-0-075-l-3149070038890.html
7070293216252;Wino musujące Cava Marques de Terrabona Brut Nature Organic DOC hiszpańskie bardzo wytrawne 0,75 L;Wina | Wytrawność | Wytrawne | Szczepy | Białe | Rodzaj | Wino musujące | Cava | Nowości | Cena | 40,01 - 60,00 zł | Kraj | Hiszpania;Cava Marques de Terrabona Brut Nature Organic DOC 0,75 L Hiszpania / Katalonia • Cava • Brut Nature • Ekologiczne Cava Marques de Terrabona Brut Nature Organic DOC to hiszpańskie wino musujące klasy Brut Nature , produkowane wyłącznie z certyfikowanych, ekologicznych winogron. Powstaje w sercu Katalonii tradycyjną metodą wtórnej fermentacji w butelce, co nadaje mu niezwykłą elegancję i finezję. W kieliszku zachwyca jasnozłotą barwą i delikatnym, trwałym musowaniem . Aromat jest świeży i rześki, z nutami zielonego jabłka, cytrusów, białych kwiatów oraz subtelnym mineralnym akcentem. W ustach wytrawne, bardzo czyste i harmonijne – z przyjemną kwasowością i długim, orzeźwiającym finiszem. Charakterystyka: Kolor: jasnozłoty, z drobnymi bąbelkami Aromat: jabłko, cytrusy, białe kwiaty, mineralność Smak: wytrawne, świeże, eleganckie, długi finisz Dlaczego warto? To Cava dla miłośników naturalnej świeżości – zero dodatku cukru, 100% smaku terroir Katalonii. Idealna na letnie spotkania, eleganckie przyjęcia czy jako zdrowa, ekologiczna alternatywa dla szampana. Idealne do: owoców morza i ryb sałatek i lekkich przystawek aperitifów w dobrym stylu Marques de Terrabona Brut Nature Organic to propozycja dla osób ceniących ekologię, autentyczność i najwyższą jakość hiszpańskich win musujących . Wino Marques de Terrabona Brut Nature Organic możesz kupić również w naszych sklepach stacjonarnych: Dobre Wina, Warszawa, ul. Wyczółki 46 Dobre Wina, Warszawa, ul. Mickiewicza 30 Dobre Wina, Kraków, ul. Królowej Jadwigi 146 W celu potwierdzenia dostępności - prosimy o kontakt telefoniczny lub mailowy.;49,90 zł;https://dobrewina.pl/2476-large_default/wino-musujace-cava-marques-de-terrabona-brut-nature-organic-doc-hiszpanskie-bardzo-wytrawne-075-l.jpg;N/A;Hiszpania;Katalonia;Parellada, Macabeu, Xarel-lo;Musujące;Wytrawne;11,5%;Ryby, Aperitif, Owoce morza, Przystawki;https://dobrewina.pl/wino-musujace/5753-wino-musujace-cava-marques-de-terrabona-brut-nature-organic-doc-hiszpanskie-bardzo-wytrawne-075-l-7070293216252.html
8008900004205;Wino różowe Bio 3 Passo Rose włoskie wytrawne 0,75 L;Wina | Wytrawność | Wytrawne | Rodzaj | Wino różowe | Wino wegańskie | Nowości | Wina ekologiczne i organiczne | Cena | 25,01 - 40,00 zł | Kraj | Włochy | Top 10 win - ranking | Promocje | Wyprzedaż;Bio 3 Passo Rosé 0,75 L – ekologiczne wino różowe z południa Włoch Bio 3 Passo Rosé to wyjątkowe, organiczne wino różowe z renomowanej winnicy w Apulii – regionu słynącego z doskonałych warunków do uprawy winorośli. Powstałe ze starannie wyselekcjonowanych szczepów typowych dla południowych Włoch, takich jak Pinot Grigio to wino łączy w sobie świeżość, owocowy charakter i troskę o środowisko. W pełni certyfikowane jako wino ekologiczne , jest produkowane bez użycia pestycydów i sztucznych dodatków. W kieliszku zachwyca delikatnym łososiowym kolorem, a w nosie pojawiają się intensywne aromaty malin, truskawek i czerwonej porzeczki , przełamane subtelnymi nutami kwiatowymi i ziołowymi. W ustach lekkie, rześkie, z dobrze zbalansowaną kwasowością i owocowym finiszem. To idealna propozycja na letnie dni, pikniki, spotkania w ogrodzie czy lekki niedzielny wieczór. Dlaczego warto wybrać Bio 3 Passo Rosé? - Ekologiczne wino różowe – z certyfikowanych upraw organicznych - Intensywnie owocowy profil – malinowe i truskawkowe aromaty - Idealne na lato – do sałatek, makaronów, grillowanych warzyw i ryb - Świetny stosunek jakości do ceny Kraj pochodzenia: Włochy – Apulia Rodzaj wina: Różowe, wytrawne Temperatura podania: 8–10°C Certyfikat: Wino ekologiczne (BIO) Bio 3 Passo Rosé – dla tych, którzy cenią smak, lekkość i jakość bez kompromisów. Doskonałe jako prezent, towarzysz letnich posiłków i elegancki wybór na każdą okazję. Kup teraz i odkryj smak włoskiego lata!;36,90 zł;https://dobrewina.pl/2456-large_default/bio-3-passo-rose-075-l.jpg;N/A;Włochy;Puglia;Pinot Noir, Pinot Grigio, Pinot Nero;Spokojne;Wytrawne;12%;Przystawki, Samo w sobie, Sushi, Dania Śródziemnomorskie, Dania wegetariańskie;https://dobrewina.pl/wino-rozowe/5747-bio-3-passo-rose-075-l-8008900004205.html
8055681512382;Wino czerwone Barolo Berri Trediberri 2021włoskie wytrawne 0,75 L;Wina | Wytrawność | Wytrawne | Szczepy | Czerwone | Nebbiolo | Rodzaj | Wino czerwone | treściwe i beczkowe | Cena | 100,01 - 200,00 zł | Kraj | Włochy | Barolo;Barolo Berri Trediberri 2021 DOCG 0,75 L Włochy / Piemont • Nebbiolo • Barolo DOCG Barolo Berri Trediberri 2021 to jedno z tych win, które od pierwszego kieliszka przenosi do malowniczego Piemontu. Powstaje z winnic położonych w La Morra, w słynnej parceli Berri , gdzie Nebbiolo osiąga niezwykłą finezję i świeżość. Bukiet jest intensywny i urzekający: róże i fiołki spotykają się z aromatami wiśni, malin oraz subtelnymi nutami przypraw. W ustach wino jest jedwabiste, o wyraźnej strukturze, świeżej kwasowości i długim, eleganckim finiszu. To Barolo, które już dziś daje ogromną przyjemność, ale będzie pięknie rozwijać się przez kolejne lata. Charakterystyka: Kolor: rubinowy z delikatnym połyskiem Aromat: kwiaty, czerwone owoce, lekko korzenne nuty Smak: eleganckie, świeże, harmonijne, z aksamitnymi taninami Dlaczego warto? Trediberri to rodzinna winiarnia, która od lat słynie z tworzenia Barolo łączącego tradycję z nowoczesną lekkością . Rocznik 2021 to wyjątkowo udane połączenie świeżości i głębi – wino zarówno dla doświadczonych koneserów, jak i osób, które dopiero zaczynają swoją przygodę z Barolo. Idealne do: dań mięsnych i dziczyzny makaronów w bogatych sosach twardych serów dojrzewających Barolo Berri Trediberri 2021 to klasyka włoskiego winiarstwa – elegancki wybór na prezent i wyjątkowe kolacje, z potencjałem starzenia do 2040 roku. Wino Barolo Berri Trediberri 2021 możesz kupić również w naszych sklepach stacjonarnych: Dobre Wina, Warszawa, ul. Wyczółki 46 Dobre Wina, Warszawa, ul. Mickiewicza 30 Dobre Wina, Kraków, ul. Królowej Jadwigi 146 W celu potwierdzenia dostępności - prosimy o kontakt telefoniczny lub mailowy.;199,00 zł;https://dobrewina.pl/2475-large_default/barolo-berri-trediberri-2021-075-l.jpg;N/A;Włochy;Piemonte;Nebbiolo;Spokojne;Wytrawne;14,5%;Baranina, Wieprzowina, Dziczyzna, Wołowina, Sery;https://dobrewina.pl/wino-czerwone/5746-barolo-berri-trediberri-2021-075-l-8055681512382.html
3522191202331;Wino białe Sancerre Domaine Steve Millet francuskie wytrawne 0,75 L;Wina | Wytrawność | Wytrawne | Szczepy | Białe | Sauvignon Blanc | Rodzaj | Wino białe | wyraziste i skoncentrowane | Nowości | Cena | 100,01 - 200,00 zł | Kraj | Francja;Wino białe Sancerre Domaine Steve Millet francuskie wytrawne 0,75 L Francja / Dolina Loary • Sauvignon Blanc • Wytrawne Sancerre Domaine Steve Millet to klasyczne białe wino wytrawne z prestiżowego regionu Dolina Loary , słynącego z najlepszych Sauvignon Blanc na świecie. Tworzone przez rodzinne winnice Steve Millet, jest kwintesencją elegancji i świeżości francuskiego winiarstwa. W kieliszku prezentuje jasno-słomkową barwę z zielonymi refleksami . Bukiet intensywny i aromatyczny – dominują nuty agrestu, cytrusów, czarnego bzu oraz charakterystyczna mineralność kredowych gleb Sancerre. W ustach rześkie, wyraziste, z idealnie zbalansowaną kwasowością i długim, czystym finiszem. Charakterystyka: Kolor: jasno-słomkowy, błyszczący Aromat: agrest, cytrusy, czarny bez, mineralność Smak: świeże, wytrawne, eleganckie, harmonijne Dlaczego warto? To jedno z najbardziej cenionych białych win Francji, doskonałe zarówno dla koneserów Sauvignon Blanc, jak i dla osób szukających wina na specjalne okazje. Świetnie oddaje unikalny terroir Sancerre. Idealne do: owoców morza i skorupiaków sałatek z kozim serem dań kuchni francuskiej i śródziemnomorskiej Sancerre Domaine Steve Millet to francuska klasyka w najlepszym wydaniu – wino eleganckie, uniwersalne i pełne charakteru. Wino Sancerre Domaine Steve Millet możesz kupić również w naszych sklepach stacjonarnych: Dobre Wina, Warszawa, ul. Wyczółki 46 Dobre Wina, Warszawa, ul. Mickiewicza 30 Dobre Wina, Kraków, ul. Królowej Jadwigi 146 W celu potwierdzenia dostępności - prosimy o kontakt telefoniczny lub mailowy.;109,00 zł;https://dobrewina.pl/2477-large_default/wino-biale-sancerre-domaine-steve-millet-francuskie-wytrawne-075-l.jpg;N/A;Francja;Dolina Loary;Sauvignon Blanc;Spokojne;Wytrawne;12,5%;Ryby, Dania Śródziemnomorskie, Dania wegetariańskie, Owoce morza, Przystawki;https://dobrewina.pl/wino-biale/5768-wino-biale-sancerre-domaine-steve-millet-francuskie-wytrawne-075-l-3522191202331.html
4260092129812;Wino białe Riesling Steinerd Bernkasteler Kardinalsberg Axel Pauly niemieckie półwytrawne 0,75 L;Wina | Wytrawność | Półwytrawne | Szczepy | Białe | Riesling | Rodzaj | Wino białe | dojrzałe i aksamitne | Nowości | Cena | 60,01 - 100,00 zł | Kraj;Riesling Steinerd Bernkasteler Kardinalsberg Axel Pauly Feinherb 0,75 L Niemcy / Mozela • Riesling • Białe półwytrawne (feinherb) Riesling Steinerd Bernkasteler Kardinalsberg Axel Pauly Feinherb to wyjątkowe białe wino półwytrawne z prestiżowego regionu Mozela , tworzone przez uznanego winiarza Axela Pauly – jednego z najbardziej cenionych producentów młodego pokolenia w Niemczech. Wino zachwyca jasnozłotą barwą i intensywnym bukietem owocowym: cytrusów, brzoskwiń, zielonych jabłek i moreli, uzupełnionych o charakterystyczne mineralne nuty łupkowe . W ustach świeże i soczyste, z lekką, szlachetną słodyczą feinherb, która doskonale równoważy się z rześką kwasowością. Finisz długi, harmonijny, z przyjemnym echem owoców. Charakterystyka: Kolor: jasnozłoty, krystaliczny Aromat: brzoskwinia, morela, cytrusy, mineralność łupkowa Smak: świeże, półwytrawne (feinherb), elegancko zbalansowane, z długim finiszem Dlaczego warto? To świetny przykład rieslinga feinherb z Mozeli – lekko półwytrawny, łączący świeżość i soczystość owoców z wyczuwalną mineralnością. Idealne dla osób, które lubią balans pomiędzy rześkością a subtelną słodyczą. Idealne do: kuchni azjatyckiej z lekką pikantnością ryb i owoców morza białych mięs i dań wegetariańskich jako wino aperitif Riesling Axel Pauly Bernkasteler Kardinalsberg Feinherb to wino z charakterem, które pokazuje, jak harmonijny i uniwersalny może być riesling z Mozeli – elegancki, świeży i niezwykle przyjemny w odbiorze. Wino Riesling Axel Pauly Bernkasteler Kardinalsberg Feinherb możesz kupić również w naszych sklepach stacjonarnych: Dobre Wina, Warszawa, ul. Wyczółki 46 Dobre Wina, Warszawa, ul. Mickiewicza 30 Dobre Wina, Kraków, ul. Królowej Jadwigi 146 W celu potwierdzenia dostępności - prosimy o kontakt telefoniczny lub mailowy.;89,90 zł;https://dobrewina.pl/2479-large_default/wino-biale-riesling-steinerd-bernkasteler-kardinalsberg-axel-pauly-niemieckie-polwytrawne-075-l.jpg;https://dobrewina.pl/2478-large_default/wino-biale-riesling-steinerd-bernkasteler-kardinalsberg-axel-pauly-niemieckie-polwytrawne-075-l.jpg;Niemcy;Mozela;Riesling;Spokojne;Półwytrawne;11%;Ryby, Aperitif, Orientalne, Owoce morza, Przystawki;https://dobrewina.pl/wino-biale/5766-wino-biale-riesling-steinerd-bernkasteler-kardinalsberg-axel-pauly-niemieckie-polwytrawne-075-l-4260092129812.html
4260092129768;Wino białe Riesling Trocken Purist Axel Pauly Mosel niemieckie wytrawne 0,75 L;Wina | Wytrawność | Wytrawne | Szczepy | Białe | Riesling | Rodzaj | Wino białe | dojrzałe i aksamitne | Nowości | Cena | 60,01 - 100,00 zł | Kraj;Riesling Trocken Purist Axel Pauly Mosel 0,75 L Niemcy / Mozela • Riesling • Białe wytrawne Riesling Trocken Purist Axel Pauly to esencja mozelskiej elegancji i minimalizmu. Axel Pauly – znany winiarz nowej generacji – tworzy wina o wyjątkowej czystości stylu, czego doskonałym przykładem jest właśnie Purist . Wino urzeka jasnozłotą barwą i intensywnym aromatem cytrusów, zielonego jabłka i białych kwiatów. W ustach wytrawne, niezwykle świeże i mineralne, z perfekcyjnie wyważoną kwasowością i długim, rześkim finiszem. To riesling w najczystszej postaci – lekki, elegancki, pełen energii. Charakterystyka: Kolor: jasnozłoty Aromat: cytrusy, zielone jabłko, mineralność, białe kwiaty Smak: świeże, wytrawne, elegancko mineralne, z długim finiszem Dlaczego warto? To flagowy riesling Axela Pauly , idealny przykład nowoczesnego stylu regionu Mosel – lekki, mineralny, wyjątkowo pijalny. Idealne do: owoców morza i ryb kuchni azjatyckiej i fusion lekkich dań warzywnych i sałatek jako aperitif Riesling Purist Trocken Axel Pauly to wino, które ucieszy każdego miłośnika wytrawnych, mineralnych rieslingów – świetne zarówno na co dzień, jak i na specjalne okazje. Wino Riesling Purist Trocken Axel Pauly możesz kupić również w naszych sklepach stacjonarnych: Dobre Wina, Warszawa, ul. Wyczółki 46 Dobre Wina, Warszawa, ul. Mickiewicza 30 Dobre Wina, Kraków, ul. Królowej Jadwigi 146 W celu potwierdzenia dostępności - prosimy o kontakt telefoniczny lub mailowy.;66,00 zł;https://dobrewina.pl/2480-large_default/wino-biale-riesling-trocken-purist-axel-pauly-mosel-niemieckie-wytrawne-075-l.jpg;N/A;Niemcy;Mozela;Riesling;Spokojne;Wytrawne;11%;Przystawki, Samo w sobie, Orientalne, Owoce morza;https://dobrewina.pl/wino-biale/5765-wino-biale-riesling-trocken-purist-axel-pauly-mosel-niemieckie-wytrawne-075-l-4260092129768.html
4037854475759;Wino musujące Cremant Riesling Brut Trautwein QbA Mittelrhein niemieckie wytrawne 0,75 L;Wina | Wytrawność | Wytrawne | Szczepy | Białe | Riesling | Rodzaj | Wino musujące | Cremant | Nowości | Cena | 60,01 - 100,00 zł | Kraj;Crémant Riesling Brut Trautwein QbA Mittelrhein 0,75 L Niemcy / Mittelrhein • Riesling • Wino musujące wytrawne Crémant Riesling Brut Trautwein to eleganckie wino musujące z regionu Mittelrhein , powstałe w 100% z odmiany Riesling, metodą tradycyjną. Winiarnia Trautwein słynie z ekologicznej uprawy winorośli i tworzenia win o czystym, wyrazistym charakterze. W kieliszku zachwyca delikatnym perlage i jasnozłotą barwą. Aromaty dojrzałych jabłek, cytrusów i brzoskwini łączą się z subtelną nutą mineralności. W smaku świeże, wytrawne, z elegancką kwasowością i długim, rześkim finiszem. Charakterystyka: Kolor: jasnozłoty, z drobnym, trwałym musowaniem Aromat: jabłko, cytrusy, biała brzoskwinia, mineralność Smak: świeże, wytrawne, elegancko zbalansowane, z długim finiszem Dlaczego warto? To świetna alternatywa dla szampana , w atrakcyjniejszej cenie. Riesling nadaje winu wyjątkowej świeżości i charakteru, czyniąc je idealnym wyborem na spotkania i uroczystości. Idealne do: aperitifu i toastów owoców morza i ryb lekkich dań kuchni śródziemnomorskiej serów dojrzewających Crémant Riesling Brut Trautwein to wino musujące, które łączy niemiecką precyzję i elegancję rieslinga – doskonały wybór na wyjątkowe chwile. Wino Crémant Riesling Brut Trautwein możesz kupić również w naszych sklepach stacjonarnych: Dobre Wina, Warszawa, ul. Wyczółki 46 Dobre Wina, Warszawa, ul. Mickiewicza 30 Dobre Wina, Kraków, ul. Królowej Jadwigi 146 W celu potwierdzenia dostępności - prosimy o kontakt telefoniczny lub mailowy.;79,90 zł;https://dobrewina.pl/2481-large_default/wino-musujace-cremant-riesling-brut-trautwein-qba-mittelrhein-niemieckie-wytrawne-075-l.jpg;N/A;Niemcy;Mittelrhein;Riesling;Musujące;Wytrawne;12%;Ryby, Dania Śródziemnomorskie, Aperitif, Owoce morza, Przystawki, Samo w sobie;https://dobrewina.pl/wino-musujace/5764-wino-musujace-cremant-riesling-brut-trautwein-qba-mittelrhein-niemieckie-wytrawne-075-l-4037854475759.html
4037854492756;Wino musujące Cabernet Blanc Sekt Bezalkoholowy Trautwwein niemieckie 0,75 L;Wina | Wytrawność | Wytrawne | Rodzaj | Wina bezalkoholowe | wina bezalkoholowe musujące | Wino musujące | Nowości | Cena | 60,01 - 100,00 zł | Kraj;Cabernet Blanc Sekt Bezalkoholowy Trautwein 0,75 L Niemcy • Sekt bezalkoholowy • Musujące białe 0% Cabernet Blanc Sekt Bezalkoholowy Trautwein to wyjątkowe wino musujące stworzone z odmiany Cabernet Blanc , w pełni pozbawione alkoholu, a jednocześnie zachowujące elegancję i świeżość klasycznego sektu. Pochodzi z ekologicznej winnicy Trautwein w Niemczech, znanej z nowoczesnego podejścia i troski o jakość. W kieliszku prezentuje jasnozłotą barwę z drobnym, trwałym musowaniem . W aromacie dominują nuty cytrusów, zielonego jabłka i białych kwiatów. W smaku świeże, lekkie, z przyjemną kwasowością i rześkim finiszem – idealne dla osób poszukujących alternatywy dla tradycyjnych win musujących. Charakterystyka: Kolor: jasnozłoty, delikatne perlage Aromat: cytrusy, jabłko, kwiaty polne Smak: świeży, lekki, harmonijny, całkowicie bezalkoholowy Dlaczego warto? świetna alternatywa dla prosecco i szampana bez alkoholu, powstaje z nowoczesnego szczepu Cabernet Blanc , idealne dla kierowców, kobiet w ciąży i osób rezygnujących z alkoholu, ekologiczna produkcja i naturalny charakter. Idealne do: uroczystości i toastów bez alkoholu letnich spotkań i przyjęć sałatek, owoców i lekkich przystawek codziennych chwil relaksu Cabernet Blanc Sekt Bezalkoholowy Trautwein to stylowa propozycja, która pozwala cieszyć się smakiem i elegancją musującego wina – całkowicie bez procentów. Wino Cabernet Blanc Sekt Bezalkoholowy Trautwein możesz kupić również w naszych sklepach stacjonarnych: Dobre Wina, Warszawa, ul. Wyczółki 46 Dobre Wina, Warszawa, ul. Mickiewicza 30 Dobre Wina, Kraków, ul. Królowej Jadwigi 146 W celu potwierdzenia dostępności - prosimy o kontakt telefoniczny lub mailowy.;79,90 zł;https://dobrewina.pl/2482-large_default/wino-musujace-cabernet-blanc-sekt-bezalkoholowy-trautwwein-niemieckie-075-l.jpg;N/A;Niemcy;N/A;Cabernet Blanc;Bezalkoholowe;Wytrawne;do 0,5%;Aperitif, Dania wegetariańskie, Przystawki, Samo w sobie;https://dobrewina.pl/wina-bezalkoholowe/5763-wino-musujace-cabernet-blanc-sekt-bezalkoholowy-trautwwein-niemieckie-075-l-4037854492756.html
8421950150010;Wino białe El Plano Blanco Viura Vino de Espana hiszpańskie wytrawne 0,75 L;Wina | Wytrawność | Wytrawne | Szczepy | Białe | Rodzaj | Wino białe | świeże i orzeźwiające | Cena | 5,00 - 25,00 zł | Kraj | Hiszpania | Wina do 30 zł;El Plano Blanco Viura Vino de España 0,75 L Hiszpańskie wino białe Viura , pochodzące z komfortowego klimatu Hiszpanii. Wytworzone z dbałością o świeżość i naturalność, by cieszyć subtelnością i lekkością. W kieliszku ujawnia jasną, słomkową barwę z delikatnym połyskiem. W aromacie dominuje zielone jabłko, cytrusy i subtelne nuty ziół. Smak wytrawny, harmonijnie zbalansowany, z przyjemną kwasowością i lekką mineralnością na finiszu — doskonałe jako aperitif, a także do lekkich dań rybnych czy sałatek. El Plano Blanco Viura – hiszpańska świeżość w każdym łyku. Wino El Plano Blanco Viura Vino de España 0,75 L możesz kupić również w naszych sklepach stacjonarnych: Dobre Wina, Warszawa, ul. Wyczółki 46 Dobre Wina, Warszawa, ul. Mickiewicza 30 Dobre Wina, Kraków, ul. Królowej Jadwigi 146 W celu potwierdzenia dostępności - prosimy o kontakt telefoniczny lub mailowy.;25,00 zł;https://dobrewina.pl/2499-large_default/wino-biale-el-plano-blanco-viura-vino-de-espana-hiszpanskie-wytrawne-075-l.jpg;N/A;Hiszpania;Nawara;Viura;Spokojne;Wytrawne;N/A;Przystawki, Samo w sobie, Ryby, Owoce morza;https://dobrewina.pl/wino-biale/5775-wino-biale-el-plano-blanco-viura-vino-de-espana-hiszpanskie-wytrawne-075-l-8421950150010.html
8421950450011;Wino czerwone El Plano Tinto Tempranillo Garnacha Vino de Espana hiszpańskie wytrawne 0,75 L;Wina | Wytrawność | Wytrawne | Szczepy | Czerwone | Rodzaj | Wino czerwone | aromatyczne i dojrzałe | Nowości | Cena | 5,00 - 25,00 zł | Kraj | Hiszpania | Wina do 30 zł;El Plano Tinto Tempranillo Garnacha Vino de España 0,75 L Hiszpańskie wino czerwone z blendu Tempranillo i Garnacha – idealne, gdy szukasz czegoś aromatycznego, owocowego i z charakterem. W kieliszku głęboka rubinowa barwa. W nosie świeże czerwone owoce – truskawka, wiśnia – przełamane nutą jagód i ziół śródziemnomorskich. Smak pełny, łagodny taninami, z owocowym finiszem i subtelną pikantną nutą Garnacha. Świetne do tapas, grillowanych mięs i serów. El Plano Tinto – Hiszpańska pasja i tradycja w każdym łyku. Wino El Plano Tinto Tempranillo Garnacha Vino de España 0,75 L możesz kupić również w naszych sklepach stacjonarnych: Dobre Wina, Warszawa, ul. Wyczółki 46 Dobre Wina, Warszawa, ul. Mickiewicza 30 Dobre Wina, Kraków, ul. Królowej Jadwigi 146 W celu potwierdzenia dostępności - prosimy o kontakt telefoniczny lub mailowy.;25,00 zł;https://dobrewina.pl/2500-large_default/wino-czerwone-el-plano-tinto-tempranillo-garnacha-vino-de-espana-hiszpanskie-wytrawne-075-l.jpg;N/A;Hiszpania;Nawara;Tempranillo, Garnacha;Spokojne;Wytrawne;12%;Wołowina, Baranina, Wieprzowina, Dziczyzna;https://dobrewina.pl/wino-czerwone/5773-wino-czerwone-el-plano-tinto-tempranillo-garnacha-vino-de-espana-hiszpanskie-wytrawne-075-l-8421950450011.html
8421950606197;Wino czerwone Marques de Butrago Crianza DO Navarra hiszpańskie wytrawne 0,75 L;Wina | Wytrawność | Wytrawne | Szczepy | Czerwone | Merlot | Rodzaj | Wino czerwone | treściwe i beczkowe | Nowości | Cena | 25,01 - 40,00 zł | Kraj | Hiszpania | Promocje | Okazje miesiąca!;Marques de Butrago Crianza DO Navarra 0,75 L Hiszpańskie wino czerwone typu Crianza z apelacji Navarra ‒ klasyka dla tych, którzy cenią dojrzałość, głęboki smak i elegancką strukturę. Mieszanka Tempranillo oraz Garnacha daje harmonijny balans pomiędzy owocem a beczką. W kieliszku ujawnia rubinową barwę. W aromacie dojrzałe czerwone owoce ‒ wiśnia, śliwka ‒ uzupełnione są nutami wanilii i przypraw wynikającymi z starzenia w dębie. Smak pełny, dobrze zbudowany, taniny gładkie, finisz łagodnie długi i lekko pikantny ‒ idealne do mięs, grillowanych potraw i potraw z grilla. Marques de Butrago Crianza – dojrzała Navarra w najlepszym wydaniu. Wino Marques de Butrago Crianza DO Navarra 0,75 L możesz kupić również w naszych sklepach stacjonarnych: Dobre Wina, Warszawa, ul. Wyczółki 46 Dobre Wina, Warszawa, ul. Mickiewicza 30 Dobre Wina, Kraków, ul. Królowej Jadwigi 146 W celu potwierdzenia dostępności - prosimy o kontakt telefoniczny lub mailowy.;29,90 zł;https://dobrewina.pl/2501-large_default/marques-de-butrago-crianza-do-navarra-075-l.jpg;N/A;Hiszpania;Nawara;Tempranillo, Garnacha, Merlot, Cabernet Sauvignon;Spokojne;Wytrawne;13,5%;Wołowina, Baranina, Wieprzowina, Dziczyzna;https://dobrewina.pl/wino-czerwone/5776-marques-de-butrago-crianza-do-navarra-075-l-8421950606197.html
8421950350014;Wino różowe El Plano Rosado Tempranillo Garnacha Vino de Espana hiszpańskie wytrawne 0,75 L;Wina | Wytrawność | Wytrawne | Szczepy | Czerwone | Rodzaj | Wino różowe | Cena | 5,00 - 25,00 zł | Kraj | Hiszpania | Wina do 30 zł;N/A;25,00 zł;https://dobrewina.pl/2505-large_default/el-plano-rosado-tempranillo-garnacha-vino-de-espana-075-l.jpg;N/A;Hiszpania;Nawara;Tempranillo, Garnacha;Spokojne;N/A;12,5%;Owoce morza, Przystawki, Dania Śródziemnomorskie, Aperitif;https://dobrewina.pl/wino-rozowe/5774-el-plano-rosado-tempranillo-garnacha-vino-de-espana-075-l-8421950350014.html
3344200004817;Wino czerwone Chateau Fombrauge Saint Emilion Grand Cru 2018 francuskie wytrawne 0,75 L;Wina | Wytrawność | Wytrawne | Szczepy | Czerwone | Merlot | Rodzaj | Wino czerwone | treściwe i beczkowe | Cena | 100,01 - 200,00 zł | Kraj | Francja | Bordeaux/Medoc;Château Fombrauge Saint-Émilion Grand Cru 2018 Francja • Bordeaux • Saint-Émilion Grand Cru • Czerwone wino wytrawne Château Fombrauge to jedno z najstarszych i najbardziej rozpoznawalnych majątków w apelacji Saint-Émilion . Historia winnicy sięga XVI wieku, a dzisiejsze wina powstają pod okiem Bernarda Magreza , znanego z tworzenia wybitnych bordoskich cuvée o eleganckim, klasycznym charakterze. Rocznik 2018 uznawany jest za wyjątkowo udany — ciepły, dojrzały, ale z zachowaną świeżością. Wino powstało z odmian Merlot (ok. 85%) i Cabernet Franc (15%) , dojrzewało w dębowych beczkach przez około 16 miesięcy. W kieliszku głęboki, granatowy rubin. W aromacie dominują czarne porzeczki, śliwki i jeżyny , którym towarzyszą nuty wanilii, czekolady, cedru i przypraw korzennych . W ustach bogate, gładkie, o świetnej strukturze tanin, pełni i długim, eleganckim finiszu z nutą mineralności typową dla terroir Saint-Émilion. Idealne do: pieczonych mięs, dziczyzny, wołowiny Wellington, dojrzewających serów. Doskonałe także do długiego leżakowania – potencjał sięga nawet 15–20 lat. Château Fombrauge 2018 – klasyka Saint-Émilion, wino o szlachetnej strukturze, głębi i duszy Bordeaux. Wino Château Fombrauge Saint-Émilion Grand Cru 2018 możesz kupić również w naszych sklepach stacjonarnych: Dobre Wina, Warszawa, ul. Wyczółki 46 Dobre Wina, Warszawa, ul. Mickiewicza 30 Dobre Wina, Kraków, ul. Królowej Jadwigi 146 W celu potwierdzenia dostępności - prosimy o kontakt telefoniczny lub mailowy.;169,00 zł;https://dobrewina.pl/2506-large_default/wino-czerwone-chateau-fombrauge-saint-emilion-grand-cru-2018-francuskie-wytrawne-075-l.jpg;N/A;Francja;Bordeaux;Merlot, Cabernet Franc;Spokojne;Wytrawne;14,5%;Baranina, Wieprzowina, Dziczyzna, Wołowina;https://dobrewina.pl/wino-czerwone/5813-wino-czerwone-chateau-fombrauge-saint-emilion-grand-cru-2018-francuskie-wytrawne-075-l-3344200004817.html
3760280220761;Wino czerwone Chateau Desmirail 2019 Grand Cru Classés Margaux AOC francuskie wytrawne  0,75 L;Wina | Wytrawność | Wytrawne | Szczepy | Czerwone | Cabernet Sauvignon | Merlot | Rodzaj | Wino czerwone | treściwe i beczkowe | Nowości | Cena | 100,01 - 200,00 zł | Kraj | Francja | Bordeaux/Medoc;Château Desmirail 2019 Grand Cru Classé Margaux AOC 0,75 L Francja • Bordeaux • Margaux • Czerwone wino wytrawne Château Desmirail to wino z serca legendarnego Margaux , jednego z najdelikatniejszych i najbardziej aromatycznych terroir w Bordeaux. Klasyfikowane jako Troisième Grand Cru Classé (1855) , od wieków zachwyca elegancją, finezją i długowiecznością. Rocznik 2019 to doskonały przykład stylu posiadłości — wino pełne harmonii i głębi, stworzone z tradycyjnych bordoskich szczepów: Cabernet Sauvignon, Merlot i Petit Verdot . Dojrzewało w dębowych beczkach przez około 12–15 miesięcy, z czego połowa w nowym dębie, co nadaje mu subtelnych nut wanilii i przypraw. W kieliszku prezentuje się głębokim rubinowym kolorem z purpurowym refleksem. Aromaty czarnych porzeczek, fiołków i dojrzałych wiśni przeplatają się z nutami cedru, czekolady i lekkiego tytoniu . Na podniebieniu eleganckie, o jedwabistych taninach i długim, wyrafinowanym finiszu. Idealne do: steków, dziczyzny, pieczonej kaczki, jagnięciny i twardych serów. Wino o pięknym potencjale dojrzewania — zyska jeszcze więcej charakteru po kilku latach w piwniczce. Château Desmirail 2019 – esencja Margaux: finezja, równowaga i szlachetność w każdym kieliszku. Wino Château Desmirail 2019 Grand Cru Classé Margaux AOC 0,75 L możesz kupić również w naszych sklepach stacjonarnych: Dobre Wina, Warszawa, ul. Wyczółki 46 Dobre Wina, Warszawa, ul. Mickiewicza 30 Dobre Wina, Kraków, ul. Królowej Jadwigi 146 W celu potwierdzenia dostępności - prosimy o kontakt telefoniczny lub mailowy.;199,00 zł;https://dobrewina.pl/2507-large_default/wino-czerwone-chateau-desmirail-2019-grand-cru-classes-margaux-aoc-francuskie-wytrawne-075-l.jpg;N/A;Francja;Bordeaux;Merlot, Cabernet Sauvignon, Petit Verdot;Spokojne;Wytrawne;13%;Wołowina, Baranina, Wieprzowina, Dziczyzna;https://dobrewina.pl/wino-czerwone/5792-wino-czerwone-chateau-desmirail-2019-grand-cru-classes-margaux-aoc-francuskie-wytrawne-075-l-3760280220761.html
3660327022115;Wino czerwone Chateau Langoa Barton 2021 Grand Cru Classés Saint-Julien AOC francuskie wytrawne 0,75 L;Wina | Wytrawność | Wytrawne | Szczepy | Czerwone | Cabernet Sauvignon | Merlot | Rodzaj | Wino czerwone | treściwe i beczkowe | Nowości | Cena | powyżej 200 zł | Kraj | Francja | Bordeaux/Medoc;Château Langoa Barton 2021 Grand Cru Classé Saint-Julien AOC 0,75 L Francja • Bordeaux • Saint-Julien • Czerwone wino wytrawne Château Langoa Barton to jedno z najszlachetniejszych nazwisk w apelacji Saint-Julien , należące do tej samej rodziny od niemal 200 lat. Klasyfikowane jako Troisième Grand Cru Classé (1855) , słynie z win, które łączą głębię i strukturę z elegancją i świeżością typową dla lewego brzegu Bordeaux. Rocznik 2021 to wyjątkowe wino, które mimo chłodniejszego sezonu zachowało perfekcyjną równowagę między owocem, kwasowością i delikatnie zintegrowanym dębem. Powstało głównie z Cabernet Sauvignon , z dodatkiem Merlot i Cabernet Franc , dojrzewając w dębowych beczkach przez około 16 miesięcy. W kieliszku głęboka rubinowa barwa z granatowym refleksem. W aromacie dominują czarne porzeczki, jeżyny i wiśnie , przeplatane nutami fiołków, cedru, przypraw korzennych i grafitu . W ustach eleganckie, z doskonale ułożonymi taninami, świeżą strukturą i długim, harmonijnym finiszem. To wino, które już dziś zachwyca klasą, ale zyska jeszcze więcej z wiekiem – potencjał dojrzewania sięga 15–20 lat. Idealne do: steków, pieczonej wołowiny, dziczyzny i serów dojrzewających. Château Langoa Barton 2021 – klasyka Saint-Julien w najczystszej formie: elegancja, finezja i długowieczność w jednym kieliszku. Wino Château Langoa Barton 2021 Grand Cru Classé Saint-Julien AOC 0,75 L możesz kupić również w naszych sklepach stacjonarnych: Dobre Wina, Warszawa, ul. Wyczółki 46 Dobre Wina, Warszawa, ul. Mickiewicza 30 Dobre Wina, Kraków, ul. Królowej Jadwigi 146 W celu potwierdzenia dostępności - prosimy o kontakt telefoniczny lub mailowy.;229,00 zł;https://dobrewina.pl/2508-large_default/wino-czerwone-chateau-langoa-barton-2021-grand-cru-classes-saint-julien-aoc-francuskie-wytrawne-075-l.jpg;N/A;Francja;Bordeaux;Merlot, Cabernet Sauvignon, Cabernet Franc;Spokojne;Wytrawne;13%;Wołowina, Baranina, Wieprzowina, Dziczyzna;https://dobrewina.pl/wino-czerwone/5795-wino-czerwone-chateau-langoa-barton-2021-grand-cru-classes-saint-julien-aoc-francuskie-wytrawne-075-l-3660327022115.html
3430430012095;Wino czerwone Chateau Giscours 2021 Grand Cru Classés Margaux AOC francuskie wytrawne 0,75 L;Wina | Wytrawność | Wytrawne | Szczepy | Czerwone | Cabernet Sauvignon | Merlot | Rodzaj | Wino czerwone | treściwe i beczkowe | Nowości | Cena | powyżej 200 zł | Kraj | Francja | Bordeaux/Medoc;Château Giscours 2021 Grand Cru Classé Margaux AOC 0,75 L Francja • Bordeaux • Margaux • Czerwone wino wytrawne Château Giscours to legenda apelacji Margaux , wchodząca w skład słynnej klasyfikacji Grand Cru Classé z 1855 roku . Historia posiadłości sięga XVI wieku, a dziś wina Giscours łączą tradycję z nowoczesną precyzją — to synonim elegancji, głębi i długowieczności. Rocznik 2021 wyróżnia się finezją i świeżością typową dla chłodniejszych lat w Bordeaux. Wino powstało głównie z Cabernet Sauvignon , uzupełnionego Merlotem , Cabernet Franc i Petit Verdot , dojrzewało w dębowych beczkach przez około 16 miesięcy. W kieliszku ciemnorubinowe z purpurowymi refleksami. W aromacie bogate i złożone – czarne porzeczki, wiśnie, fiołki i leśne owoce , w tle subtelne nuty cedru, przypraw i delikatnego tytoniu . W ustach pełne, aksamitne, o idealnie ułożonych taninach, świetnej strukturze i długim, harmonijnym finiszu z nutą wanilii i dębu. To wino, które już dziś urzeka elegancją, ale rozwinie skrzydła z czasem — potencjał dojrzewania nawet do 2040 roku . Idealne do: pieczonych mięs, dziczyzny, steków i dojrzewających serów. Château Giscours 2021 – kwintesencja Margaux: styl, klasa i francuska elegancja zamknięta w butelce. Wino Château Giscours 2021 Grand Cru Classé Margaux AOC 0,75 L możesz kupić również w naszych sklepach stacjonarnych: Dobre Wina, Warszawa, ul. Wyczółki 46 Dobre Wina, Warszawa, ul. Mickiewicza 30 Dobre Wina, Kraków, ul. Królowej Jadwigi 146 W celu potwierdzenia dostępności - prosimy o kontakt telefoniczny lub mailowy.;299,00 zł;https://dobrewina.pl/2509-large_default/wino-czerwone-chateau-giscours-2021-grand-cru-classes-margaux-aoc-francuskie-wytrawne-075-l.jpg;N/A;Francja;Bordeaux;Cabernet Franc, Merlot, Cabernet Sauvignon, Petit Verdot;Spokojne;Wytrawne;13,5%;Wołowina, Baranina, Wieprzowina, Dziczyzna;https://dobrewina.pl/wino-czerwone/5793-wino-czerwone-chateau-giscours-2021-grand-cru-classes-margaux-aoc-francuskie-wytrawne-075-l-3430430012095.html
3700232906909;Wino czerwone Chateau Prieure-Lichine 2019 Grand Cru Classés Margaux AOC francuskie wytrawne 0,75 L;Wina | Wytrawność | Wytrawne | Szczepy | Czerwone | Cabernet Sauvignon | Merlot | Rodzaj | Wino czerwone | treściwe i beczkowe | Nowości | Cena | powyżej 200 zł | Kraj | Francja | Bordeaux/Medoc;Château Prieuré-Lichine 2019 Grand Cru Classé Margaux AOC 0,75 L Francja • Bordeaux • Margaux • Czerwone wino wytrawne Château Prieuré-Lichine to prestiżowa posiadłość w apelacji Margaux , należąca do słynnej klasyfikacji Grand Cru Classé z 1855 roku . Historia tego château sięga XII wieku, a dzisiejsze wina tworzone są z pasją i precyzją, która odzwierciedla wyjątkowy charakter terroir Margaux – delikatność, głębię i elegancję. Rocznik 2019 uznawany jest za jeden z najlepszych w ostatnich latach w Bordeaux – ciepły, zrównoważony i pełen dojrzałych owoców. Wino powstało głównie z Cabernet Sauvignon , z dodatkiem Merlot , Petit Verdot i Cabernet Franc , dojrzewając przez ok. 14–16 miesięcy w dębowych beczkach , z czego połowa to nowy dąb. W kieliszku ma głęboki rubinowy kolor z purpurowymi refleksami. W aromacie złożone i zmysłowe – czarna porzeczka, śliwka, dojrzała wiśnia , a w tle nuty fiołków, cedru, wanilii i przypraw korzennych . W ustach eleganckie, o jedwabistej strukturze, świeżej kwasowości i pięknie zaokrąglonych taninach. Finisz długi, z lekko pikantną nutą i delikatnym echem dębu. Idealne do: pieczonej wołowiny, dziczyzny, jagnięciny i dojrzewających serów. Doskonałe także do długiego dojrzewania — potencjał nawet do 2040 roku. Château Prieuré-Lichine 2019 – esencja Margaux: finezja, aromat i równowaga w szlachetnej formie. Wino Château Prieuré-Lichine 2019 Grand Cru Classé Margaux AOC 0,75 L możesz kupić również w naszych sklepach stacjonarnych: Dobre Wina, Warszawa, ul. Wyczółki 46 Dobre Wina, Warszawa, ul. Mickiewicza 30 Dobre Wina, Kraków, ul. Królowej Jadwigi 146 W celu potwierdzenia dostępności - prosimy o kontakt telefoniczny lub mailowy.;229,00 zł;https://dobrewina.pl/2510-large_default/wino-czerwone-chateau-prieure-lichine-2019-grand-cru-classes-margaux-aoc-francuskie-wytrawne-075-l.jpg;N/A;Francja;Bordeaux;Petit Verdot, Cabernet Franc, Merlot, Cabernet Sauvignon;Spokojne;Wytrawne;13,5%;Wołowina, Baranina, Wieprzowina, Dziczyzna;https://dobrewina.pl/wino-czerwone/5794-wino-czerwone-chateau-prieure-lichine-2019-grand-cru-classes-margaux-aoc-francuskie-wytrawne-075-l-3700232906909.html
3760211002015;Wino czerwone Chateau Pedesclaux 2021 Grand Cru Classés Pauillac AOC francuskie wytrawne 0,75 L;Wina | Wytrawność | Wytrawne | Szczepy | Czerwone | Cabernet Sauvignon | Merlot | Rodzaj | Wino czerwone | treściwe i beczkowe | Nowości | Cena | 100,01 - 200,00 zł | Kraj | Francja | Bordeaux/Medoc;Château Pédesclaux 2021 Grand Cru Classé Pauillac AOC 0,75 L Francja • Bordeaux • Pauillac • Czerwone wino wytrawne Château Pédesclaux to wyjątkowa posiadłość z serca Pauillac , jednej z najsłynniejszych apelacji Bordeaux. Klasyfikowana jako Grand Cru Classé 1855 , od lat zachwyca precyzyjnym rzemiosłem i nowoczesnym podejściem do klasycznego stylu Médoc. Rocznik 2021 to wino o imponującej równowadze i świeżości. Powstało z odmian Cabernet Sauvignon, Merlot, Cabernet Franc i Petit Verdot , starannie selekcjonowanych z najlepszych parceli. Dojrzewało przez około 16 miesięcy w dębowych beczkach , z których część to nowy dąb, co nadało mu eleganckich nut wanilii i przypraw. W kieliszku ma głęboki, purpurowo-rubinowy kolor. W aromacie złożone i intensywne — czarna porzeczka, śliwka, jeżyna , a w tle nuty cedru, fiołków, dymu i czekolady . W ustach strukturalne, o wyraźnych, lecz aksamitnych taninach, z doskonałą świeżością i długim, eleganckim finiszem. To wino o wyjątkowym potencjale — pięknie dojrzewa przez 15–20 lat , zyskując głębię i złożoność. Idealne do: steków, jagnięciny, dziczyzny, dojrzewających serów i eleganckich kolacji. Château Pédesclaux 2021 – szlachetna siła Pauillac: precyzja, harmonia i francuska elegancja w kieliszku. Wino Château Pédesclaux 2021 Grand Cru Classé Pauillac AOC 0,75 L możesz kupić również w naszych sklepach stacjonarnych: Dobre Wina, Warszawa, ul. Wyczółki 46 Dobre Wina, Warszawa, ul. Mickiewicza 30 Dobre Wina, Kraków, ul. Królowej Jadwigi 146 W celu potwierdzenia dostępności - prosimy o kontakt telefoniczny lub mailowy.;199,00 zł;https://dobrewina.pl/2512-large_default/wino-czerwone-chateau-pedesclaux-2021-grand-cru-classes-pauillac-aoc-francuskie-wytrawne-075-l.jpg;N/A;Francja;Bordeaux;Cabernet Franc, Merlot, Cabernet Sauvignon, Petit Verdot;Spokojne;Wytrawne;13%;Wołowina, Baranina, Wieprzowina, Dziczyzna;https://dobrewina.pl/wino-czerwone/5797-wino-czerwone-chateau-pedesclaux-2021-grand-cru-classes-pauillac-aoc-francuskie-wytrawne-075-l-3760211002015.html
7804407006398;Wino czerwone MontGras Carmenere Reserva central Valley chilijskie lekko wytrawne 0,75 L;Wina | Wytrawność | Delikatnie wytrawne | Szczepy | Czerwone | Rodzaj | Wino czerwone | aromatyczne i dojrzałe | Wino wegańskie | Nowości | Cena | 25,01 - 40,00 zł | Kraj | Chile | Wina do 30 zł;MontGras Reserva Carménère 0,75 L Chile • Dolina Colchagua / Central Valley • Czerwone wino wytrawne MontGras Reserva Carménère to znakomite wino pochodzące z doliny Colchagua w Chile — regionu, który sprzyja dojrzewaniu szczepu Carménère i wydobywa z niego pełnię owocu oraz charakter. W kieliszku prezentuje intensywną, głęboko purpurową barwę. W aromacie z dominującymi nutami czarnej porzeczki, śliwki i jeżyny , uzupełnionymi subtelną pikantnością, czekoladą i wanilią. W ustach wino wyraziste, o średniej-pełnej budowie, z gładkimi taninami, dobrze zbalansowaną kwasowością i długim finiszem — świetna ilustracja nowoczesnego stylu Carménère. Idealne do: grillowanych mięs (wołowina, jagnięcina), twardych serów, dań z przyprawą korzenną lub po prostu jako kieliszek dla wielbicieli intensywnych czerwonych win. MontGras Reserva Carménère – głęboka-owocowa ekspresja chilijskiego szczepu Carménère, która sprawia, że każda butelka to przyjemność i odkrycie. Wino MontGras Reserva Carménère 0,75 L możesz kupić również w naszych sklepach stacjonarnych: Dobre Wina, Warszawa, ul. Wyczółki 46 Dobre Wina, Warszawa, ul. Mickiewicza 30 Dobre Wina, Kraków, ul. Królowej Jadwigi 146;29,90 zł;https://dobrewina.pl/2517-large_default/montgras-carmenere-reserva-central-valley-075-l.jpg;N/A;Chile;Central Valley;Carmenere;Spokojne;Lekko wytrawne;13,5%;Wołowina, Sery, Baranina, Wieprzowina, Dziczyzna;https://dobrewina.pl/wino-czerwone/5799-montgras-carmenere-reserva-central-valley-075-l-7804407006398.html
8007355006529;Wino musujące Ferrari F1 Brut Trento DOC włoskie wytrawne 0,75 L BOX;Wina | Wytrawność | Wytrawne | Rodzaj | Wino musujące | Nowości | Cena | 100,01 - 200,00 zł | Kraj | Włochy;Ferrari Trento DOC Brut 0,75 L Włochy • Trentino-Alto Adige • Wino musujące wytrawne (Brut) Ferrari Trento DOC to włoskie wino musujące produkowane metodą klasyczną (jak szampan) z 100% Chardonnay , pochodzące z alpejskich winnic Trentino. Dzięki dojrzewaniu na osadzie przez ponad 20 miesięcy , zyskuje wyjątkową strukturę, finezję i głębię aromatów. W kieliszku prezentuje żywy, słomkowo-złocisty kolor i bardzo drobną, trwałą perlage. W nosie – złote jabłko, białe kwiaty, skórka chleba i migdał . W ustach – harmonijne, eleganckie, z przyjemną głębią i długim finiszem. Idealne do: owoców morza, sushi, lekkich przystawek, a także momentów celebracji — najlepiej podawane w temperaturze 6-8 °C. Ferrari Trento DOC – włoski bąbel pełen charakteru i stylu, idealny jako prezent lub na wyjątkową okazję. Wino musujące Ferrari Trento DOC Brut 0,75 L możesz kupić również w naszych sklepach stacjonarnych: Dobre Wina, Warszawa, ul. Wyczółki 46 Dobre Wina, Warszawa, ul. Mickiewicza 30 Dobre Wina, Kraków, ul. Królowej Jadwigi 146;109,00 zł;https://dobrewina.pl/2518-large_default/ferrari-f1-brut-trento-doc.jpg;https://dobrewina.pl/2519-large_default/ferrari-f1-brut-trento-doc.jpg;Włochy;N/A;Chardonnay;Musujące;Wytrawne;12,5%;Aperitif, Owoce morza, Samo w sobie, Ryby;https://dobrewina.pl/wino-musujace/5810-ferrari-f1-brut-trento-doc-8007355006529.html
3052853085564;Wino musujące Szampan Bollinger B16 francuskie wytrawne 0,75 L BOX;Wina | Wytrawność | Wytrawne | Rodzaj | Wino musujące | Szampan / Champagne | Nowości | Cena | powyżej 200 zł | Kraj | Francja;Bollinger B16 (Vintage 2016) Francja • Szampania • Wino musujące wytrawne (Extra-Brut) Bollinger B16 to wyjątkowa kreacja domu Bollinger — rocznikowy szampan przygotowany z niezwykłą starannością, oddający ducha i elegancję terroir Montagne de Reims . Powstaje wyłącznie w najlepszych latach, z win pochodzących z Grand Cru i Premier Cru winnic, co gwarantuje wyjątkową jakość i styl. Kupaż to 73 % Pinot Noir i 27 % Chardonnay , dojrzewający przez ponad 7 lat na osadzie (sur lie) , z minimalną dawką cukru – Extra Brut (4 g/l) . Dzięki temu B16 zachwyca czystością, głębią i perfekcyjną równowagą między mocą a finezyjną świeżością. W kieliszku mieni się złocisto-słomkowym kolorem i delikatnym, perlistym musowaniem. W aromacie odnajdziesz miód lipowy, pieczone jabłka, morelę, bergamotkę i migdały , z nutą brioch i orzechów, charakterystyczną dla długiego dojrzewania w beczce. W ustach wino jest jedwabiste, kremowe i złożone, z długim, mineralnym finiszem. Serwowanie: najlepiej w temperaturze 8–10 °C. Doskonałe do owoców morza, kaczki, foie gras, homara lub jako towarzysz wyjątkowych chwil. Bollinger B16 prezentowany jest w oryginalnym, eleganckim opakowaniu producenta , dzięki czemu stanowi doskonały pomysł na prezent – dla konesera, partnera biznesowego lub po prostu dla kogoś wyjątkowego. Bollinger B16 – luksus w szkle. Wyjątkowy rocznik, niepowtarzalny styl, ponadczasowa elegancja. Szampana Bollinger B16 możesz kupić również w naszych sklepach stacjonarnych: Dobre Wina, Warszawa, ul. Wyczółki 46 Dobre Wina, Warszawa, ul. Mickiewicza 30 Dobre Wina, Kraków, ul. Królowej Jadwigi 146;649,00 zł;https://dobrewina.pl/2513-large_default/bollinger-b16.jpg;https://dobrewina.pl/2514-large_default/bollinger-b16.jpg;Francja;Szampania;Pinot Noir, Chardonnay;Musujące;Wytrawne;12,5%;Ryby, Aperitif, Owoce morza, Samo w sobie;https://dobrewina.pl/wino-musujace/5801-bollinger-b16-3052853085564.html
3052853085700;Wino musujące Szampan Bollinger PN TX20 francuskie wytrawne 0,75 L;Wina | Wytrawność | Wytrawne | Rodzaj | Wino musujące | Szampan / Champagne | Nowości | Cena | powyżej 200 zł | Kraj | Francja;"Bollinger PN TX20 Blanc de Noirs (100% Pinot Noir) 0,75 L Francja • Szampania • Extra-Brut / Brut • Blanc de Noirs Bollinger PN TX20 to nowa, premierowa edycja serii PN – wino stworzone w całości z odmiany Pinot Noir , z dominującą pozycją parceli Tauxières (Montagne de Reims) oraz bazą z rocznika 2020, uzupełnioną dużym udziałem win rezerwowych z lat 2008, 2012 i innych. Połączenie wyjątkowego terroir Tauxières i niezwykłej selekcji daje wino o imponującej głębi, wyrazistej strukturze i charakterystycznej elegancji Pinot Noir – dla koneserów szampanów z najwyższej półki. W kieliszku – kolor złocisty z subtelnymi refleksami, musowanie drobne i eleganckie. W aromacie wyczuwalne: cytrusy (bergamotka, skórka cytryny), białe owoce pestkowe (brzoskwinia, morela, pigwa) oraz mineralne tony typowe dla kredowych, bordowo-szampańskich gleb. Na podniebieniu – świeży, dynamiczny początek: nuty czerwonej porzeczki, po czym rozwija się bogactwo, długość i głębia; finisz długi, z wyraźną mineralnością i elegancją. Dosłownie idealne do : wykwintnych dań z owoców morza, homara, kaczki z sosem owocowym, czy jako wyjątkowy kieliszek celebracji – serwowane w temperaturze 10-11 °C . Bollinger PN TX20 – Pinot Noir z duszą, terroir Tauxières w najczystszej formie, elegancja Bollinger w każdej kropli. Szampan Bollinger PN TX20 możesz kupić również w naszych sklepach stacjonarnych: Dobre Wina, Warszawa, ul. Wyczółki 46 Dobre Wina, Warszawa, ul. Mickiewicza 30 Dobre Wina, Kraków, ul. Królowej Jadwigi 146";539,00 zł;https://dobrewina.pl/2516-large_default/bollinger-pn-tx20.jpg;N/A;Francja;Szampania;Pinot Noir;Musujące;Wytrawne;12,5%;Ryby, Aperitif, Drób, Owoce morza, Samo w sobie;https://dobrewina.pl/wino-musujace/5800-bollinger-pn-tx20-3052853085700.html
810029016469;Wino czerwone Brunello di Montalcino Sassetti Livio Pertimali 2019 włoskie wytrawne 0,75 L;Wina | Wytrawność | Wytrawne | Szczepy | Czerwone | Sangiovese | Rodzaj | Wino czerwone | treściwe i beczkowe | Nowości | Cena | powyżej 200 zł | Kraj | Włochy | Brunello;"Brunello di Montalcino Sassetti Livio Pertimali 2019 0,75 L Włochy • Toskana • Brunello di Montalcino DOCG • Czerwone wino wytrawne Ten wyjątkowy Brunello powstaje w posiadłości Sassetti Livio Pertimali, usytuowanej w prestiżowej części Montalcino — stając się jednym z wiodących reprezentantów apelacji na poziomie światowym. Rocznik 2019 jest szczególnie udany — połączenie intensywności owocu, świeżości i struktury, które zapewnia dojrzewanie przez 36 miesięcy w dużych beczkach sławońskich (33 hl) , a następnie dojrzewanie w butelce. W kieliszku ujawnia głęboki rubinowy kolor z granatowym refleksami. Bukiet eksponuje nuty czarnej wiśni, śliwki, jeżyny , dopełnione akcentami fiołków, bergamotki, przypraw korzennych i drobnej mineralności . Na podniebieniu – wino mocne, pełne, o zjawiskowej równowadze między dojrzałym owocem a strukturą taninową; kwasowość doskonale wspiera całokształt, co zapowiada wybitny potencjał starzenia. Gastronomiczne towarzystwo: Wyśmienite do dziczyzny, pieczonych mięs, potraw z grilla, a także do dojrzewających serów i spokojnych wieczornych degustacji. Dzięki swojej klasie świetnie sprawdzi się również jako wino kolekcjonerskie. Brunello di Montalcino Sassetti Livio Pertimali 2019 – wino dla koneserów: finezja, moc i długi rozwój w butelce. Wino Brunello di Montalcino Sassetti Livio Pertimali 2019 0,75 L możesz kupić również w naszych sklepach stacjonarnych: Dobre Wina, Warszawa, ul. Wyczółki 46 Dobre Wina, Warszawa, ul. Mickiewicza 30 Dobre Wina, Kraków, ul. Królowej Jadwigi 146";269,00 zł;https://dobrewina.pl/2520-large_default/wino-czerwone-brunello-di-montalcino-sassetti-livio-pertimali-2019-wloskie-wytrawne-075-l.jpg;N/A;Włochy;Toskania;Sangiovese;Spokojne;Wytrawne;14,5%;Wieprzowina, Dziczyzna, Wołowina, Baranina;https://dobrewina.pl/wino-czerwone/5808-wino-czerwone-brunello-di-montalcino-sassetti-livio-pertimali-2019-wloskie-wytrawne-075-l-810029016469.html
8052190260612;Wino czerwone Brunello di Montalcino Riserva La Togata 2015 włoskie wytrawne 0,75 L;Wina | Wytrawność | Wytrawne | Szczepy | Czerwone | Sangiovese | Rodzaj | Wino czerwone | treściwe i beczkowe | Nowości | Cena | 100,01 - 200,00 zł | Kraj | Włochy | Brunello;"Brunello di Montalcino Riserva La Togata 2015 0,75 L Włochy • Toskania • Brunello di Montalcino DOCG – Riserva • Czerwone wino wytrawne La Togata to kameralna, rzemieślnicza winnica położona w sercu Montalcino, prowadzona przez rodzinę z pasją i dbałością o każdy etap produkcji. Modelowym przykładem ich perfekcji jest Rocznik 2015 Riserva – jedna z najlepszych edycji tej apelacji, o znakomitej strukturze i potencjale dojrzewania. Wino powstaje wyłącznie z 100% Sangiovese Grosso (Brunello) , starannie selekcjonowanych gron, dojrzewających w dużych dębowych beczkach (slawońskich lub podobnych) przez około 48 miesięcy , a następnie w butelce — co w pełni odzwierciedla status Riserva . W kieliszku prezentuje rubinową barwę z delikatnymi ceglastymi refleksami — znak wieku i klasy. W aromacie zachwyca złożonością: dojrzałe śliwki i ciemne wiśnie, suszone owoce, skórka pomarańczy; obok tego pojawiają się nuty bursztynu, tytoniu, cedru i przypraw korzennych. W ustach — pełnia i elegancja w jednym: aksamitna struktura, silne, dobrze wyważone taniny i wyrazista kwasowość, która gwarantuje długowieczność. Finisz długi, imponujący, pozostawiający wrażenie luksusu i harmonii. Idealne do: pieczonej jagnięciny, dziczyzny, dojrzewających serów (parmezanu, pecorino), dań z grzybami leśnymi lub truflami, jak również do spokojnej degustacji w wyjątkowym momencie. Brunello di Montalcino Riserva La Togata 2015 – wino dla wymagających: siła, klasa i głęboka włoska dusza w butelce. Wino Brunello di Montalcino Riserva La Togata 2015 0,75 L możesz kupić również w naszych sklepach stacjonarnych: Dobre Wina, Warszawa, ul. Wyczółki 46 Dobre Wina, Warszawa, ul. Mickiewicza 30 Dobre Wina, Kraków, ul. Królowej Jadwigi 146";199,00 zł;https://dobrewina.pl/2521-large_default/brunello-di-montalcino-riserva-la-togata-2015-075-l.jpg;N/A;Włochy;Toskania;Sangiovese;Spokojne;Wytrawne;14%;Wołowina, Baranina, Wieprzowina, Dziczyzna;https://dobrewina.pl/wino-czerwone/5809-brunello-di-montalcino-riserva-la-togata-2015-075-l-8052190260612.html
8006114032489;Wino czerwone Brunello di Montalcino Paessaggio Inatteso Camigliano 2016 włoskie wytrawne 0,75 L;Wina | Wytrawność | Wytrawne | Szczepy | Czerwone | Sangiovese | Rodzaj | Wino czerwone | treściwe i beczkowe | Nowości | Cena | powyżej 200 zł | Kraj | Włochy | Brunello;Camigliano Paesaggio Inatteso Brunello di Montalcino DOCG 2016 0,75 L Włochy • Toskania • Brunello di Montalcino DOCG • Czerwone wino wytrawne Paesaggio Inatteso to selekcyjna edycja wina z winnicy Camigliano — pochodząca z pojedynczej parceli (~2 ha), o bardzo ograniczonej produkcji, powstała by wyrazić wyjątkowe terroir i potencjał szczepu Sangiovese Grosso w regionie Montalcino. Rocznik 2016 charakteryzował się chłodniejszą wiosną, dobrym nawodnieniem i równomiernym latem — co zaowocowało winogronami o doskonałej dojrzałości, świetnej kwasowości i bogatej barwie. Wino powstało w 100% z odmiany Sangiovese Grosso, poddane fermentacji w stalowych kadziach w kontrolowanej temperaturze (ok. 28–30 °C), długo macerowane (~30 dni), a następnie dojrzewało przez około 30 miesięcy w dużych beczkach ze slawońskiego i francuskiego dębu. W kieliszku prezentuje głęboką rubinową barwę z odcieniem granatu. Bukiet jest złożony i elegancki — dominuje aromat dojrzałych śliwek, wiśni, owoców leśnych oraz nuty leśnego podrostu, balsamów i przypraw korzennych . Na podniebieniu wino imponuje strukturą: dobrze ułożone taniny, wyraźna świeżość, świetna koncentracja i długi, harmonijny finisz. Winne ciało daje pełnię, ale zachowuje elegancję, co czyni je nie tylko dla kolekcjonerów, lecz także do wcześniejszego spożycia przy odpowiednim dekantowaniu. Idealne do: dań z dziczyzny, pieczeni wołowych lub wieprzowych, potraw z grilla, oraz twardych dojrzewających serów. Również jako wino degustacyjne, które warto zostawić na kilka lat w piwnicy — potencjał dojrzewania wynosi co najmniej 10–15 lat. Camigliano Paesaggio Inatteso 2016 — wyjątkowa interpretacja Brunello di Montalcino, wino o klasie, głębi i duszy Toskanii. Wino Camigliano Paesaggio Inatteso Brunello di Montalcino DOCG 2016 0,75 L możesz kupić również w naszych sklepach stacjonarnych: Dobre Wina, Warszawa, ul. Wyczółki 46 Dobre Wina, Warszawa, ul. Mickiewicza 30 Dobre Wina, Kraków, ul. Królowej Jadwigi 146;239,00 zł;https://dobrewina.pl/2523-large_default/brunello-di-montalcino-paessaggio-inatteso-camigliano-2016-075-l.jpg;N/A;Włochy;Toskania;Sangiovese;Spokojne;Wytrawne;14,5%;Wołowina, Baranina, Wieprzowina, Dziczyzna;https://dobrewina.pl/wino-czerwone/5807-brunello-di-montalcino-paessaggio-inatteso-camigliano-2016-075-l-8006114032489.html
5706579419902;Wino czerwone Barolo Bussia Luigi Einaudi 2017 włoskie wytrawne  0,75 L;Wina | Wytrawność | Wytrawne | Szczepy | Czerwone | Nebbiolo | Rodzaj | Wino czerwone | treściwe i beczkowe | Nowości | Cena | powyżej 200 zł | Kraj | Włochy | Barolo;Barolo Bussia 2017 Luigi Einaudi 0,75 L Włochy • Piemont • Barolo DOCG – Cru Bussia • Czerwone wino wytrawne Barolo Bussia 2017 z winnicy Luigi Einaudi pochodzi z prestiżowego cru Bussia w Monforte d’Alba — jednego z najważniejszych obszarów w Barolo, słynącego z wyjątkowej struktury i głębi. Wino powstało w 100% z winogron Nebbiolo , z nasadzeń na wapienno-gliniastych glebach (marnoso-calcareo), w ekspozycji południowej i południowo-zachodniej — co sprzyjało doskonałej dojrzałości nawet w cieplejszym roczniku 2017. Proces produkcji obejmował długą macerację i dojrzewanie w dużych beczkach przez około 30–38 miesięcy, z późniejszym dojrzewaniem w butelce. W kieliszku wino przyciąga głęboką rubinową barwą z granatowymi refleksami. W bukiecie wyczuwalne są nuty wiśni, malin, czereśni w likierze , fiołków, suszonych owoców i delikatnych akcentów balsamicznych. Na podniebieniu - strukturalne, pełne, z dobrze ułożonymi taninami i energiczną kwasowością, która podtrzymuje cały charakter Bordeaux-style Nebbiolo. Finisz długi, elegancki i z potencjałem dojrzewania co najmniej 10–20 lat. Idealne do: pieczeni wołowej, dziczyzny, dań z grilla, intensywnych makaronów z ragù, a także świetne jako wino kolekcjonerskie, które warto zostawić na kilka lat. Barolo Bussia 2017 Luigi Einaudi – esencja Piemontu, Nebbiolo w swojej szlachetnej formie: moc, elegancja i długowieczność. Wino Barolo Bussia 2017 Luigi Einaudi 0,75 L możesz kupić również w naszych sklepach stacjonarnych: Dobre Wina, Warszawa, ul. Wyczółki 46 Dobre Wina, Warszawa, ul. Mickiewicza 30 Dobre Wina, Kraków, ul. Królowej Jadwigi 146;219,00 zł;https://dobrewina.pl/2524-large_default/barolo-bussia-luigi-einaudi-2017-075-l.jpg;N/A;Włochy;Piemonte;Nebbiolo;Spokojne;Wytrawne;14,5%;Dziczyzna, Wołowina, Baranina, Wieprzowina;https://dobrewina.pl/wino-czerwone/5802-barolo-bussia-luigi-einaudi-2017-075-l-5706579419902.html
8034108571478;Wino czerwone Amarone Sapor Temporis DOC włoskie półwytrawne  0,75 L;Wina | Wytrawność | Półwytrawne | Szczepy | Czerwone | Rodzaj | Wino czerwone | aromatyczne i dojrzałe | Nowości | Cena | 100,01 - 200,00 zł | Kraj | Włochy | Amarone | Top 10 win - ranking;Amarone Sapor Temporis DOC 0,75 L Esencja włoskiej tradycji – głęboki smak czasu i pasji Amarone Sapor Temporis DOC to wino wyjątkowe, powstające w sercu regionu Valpolicella z selekcjonowanych, podsuszanych gron lokalnych szczepów. To klasyczne Amarone, w którym czas, cierpliwość i doświadczenie enologa spotykają się w jednym, niezwykle złożonym aromacie. Charakterystyka: Szczepy: Corvina, Rondinella, Molinara Styl: Wytrawne czerwone Region: Valpolicella, Wenecja Euganejska, Włochy Leżakowanie: minimum 24 miesiące w dębowych beczkach Struktura: Mocna budowa, jedwabiste taniny, długi finisz Aromat i smak: Intensywnie rubinowa barwa. W nosie dominuje dojrzała wiśnia, śliwka, kakao i nuty suszonych owoców. W ustach pełne, bogate, perfekcyjnie zbalansowane między słodyczą owocu a głębią przypraw korzennych i lekką goryczką. Z czym podawać? Świetnie pasuje do długo dojrzewających serów, dziczyzny, pieczonych mięs oraz ciemnej czekolady. Doskonałe na wyjątkowe okazje, kolacje przy świecach lub jako medytacyjne wino wieczoru. Podawanie: Temperatura serwowania: 18°C Najlepiej przelać do karafki na 1–2 godziny przed podaniem Dla kogo? Dla miłośników intensywnych, szlachetnych win o złożonym charakterze — idealne także na prezent premium. Amarone Sapor Temporis DOC to wino, które opowiada historię każdego winogrona zbieranego w słońcu, każdego roku oczekiwania w beczce i każdej chwili przy kieliszku. Zapraszamy do odkrycia go w naszej selekcji. Wino Amarone Sapor Temporis DOC 0,75 L możesz kupić również w naszych sklepach stacjonarnych: Dobre Wina, Warszawa, ul. Wyczółki 46 Dobre Wina, Warszawa, ul. Mickiewicza 30 Dobre Wina, Kraków, ul. Królowej Jadwigi 146;109,00 zł;https://dobrewina.pl/2533-large_default/wino-czerwone-amarone-sapor-temporis-doc-wloskie-polwytrawne-075-l.jpg;N/A;Włochy;Veneto;Rondinella, Corvina, Molinara;Spokojne;Półwytrawne;15%;Wołowina, Sery, Baranina, Wieprzowina, Dziczyzna;https://dobrewina.pl/wino-czerwone/5826-wino-czerwone-amarone-sapor-temporis-doc-wloskie-polwytrawne-075-l-8034108571478.html
8034108571485;Wino czerwone Valpolicella Ripasso Superiore Sapor Temporis DOC włoskie lekko wytrawne 0,75 L;Wina | Wytrawność | Delikatnie wytrawne | Szczepy | Czerwone | Rodzaj | Wino czerwone | aromatyczne i dojrzałe | Nowości | Cena | 40,01 - 60,00 zł | Kraj | Włochy | Top 10 win - ranking | Promocje | Okazje miesiąca! | Wina na wesele;Valpolicella Ripasso Superiore Sapor Temporis DOC 0,75 L Tradycja, głębia i harmonia – włoska klasyka w najlepszym wydaniu Valpolicella Ripasso Superiore Sapor Temporis DOC to wino, które łączy świeżość młodej Valpolicelli z bogactwem i strukturą Amarone. Powstaje w procesie „ripasso” – ponownej fermentacji na wytłokach Amarone – co nadaje mu wyjątkową głębię smaku, elegancję i długie, aksamitne zakończenie. Charakterystyka: Szczepy: Corvina, Corvinone, Rondinella Region: Valpolicella, Wenecja Euganejska, Włochy Styl: Czerwone lekko wytrawne Leżakowanie: w beczkach dębowych przez minimum 12 miesięcy Struktura: średnia do pełnej, zrównoważona, harmonijna Aromat i smak: W kieliszku intensywna, rubinowa barwa z refleksami granatu. W aromacie wyczuwalne nuty dojrzałych wiśni, śliwek i czarnych jagód, z delikatnymi akcentami wanilii, czekolady i przypraw. W ustach miękkie, zaokrąglone taniny, z przyjemną kwasowością i długim, lekko korzennym finiszem. Z czym podawać? Idealne do dań kuchni włoskiej – makaronów z sosem mięsnym, risotto, pieczonych mięs i półtwardych serów. Doskonale sprawdzi się także jako wino na długie rozmowy przy stole. Podawanie: Temperatura serwowania: 16–18°C Zalecane dekantowanie przez ok. 30 minut przed podaniem Dla kogo? Dla osób, które cenią eleganckie, klasyczne włoskie wina o głębi i charakterze. Doskonały wybór na prezent lub do wspólnej degustacji przy wyjątkowej okazji. Valpolicella Ripasso Superiore Sapor Temporis DOC to esencja włoskiego stylu – harmonia owocu, czasu i pasji zamknięta w każdej butelce. Wybierz klasykę, która nigdy nie wychodzi z mody. Wino Valpolicella Ripasso Superiore Sapor Temporis DOC 0,75 L możesz kupić również w naszych sklepach stacjonarnych: Dobre Wina, Warszawa, ul. Wyczółki 46 Dobre Wina, Warszawa, ul. Mickiewicza 30 Dobre Wina, Kraków, ul. Królowej Jadwigi 146 W celu potwierdzenia dostępności - prosimy o kontakt telefoniczny lub mailowy.;55,00 zł;https://dobrewina.pl/2534-large_default/wino-czerwone-valpolicella-ripasso-superiore-sapor-temporis-doc-wloskie-lekko-wytrawne-075-l.jpg;N/A;Włochy;Veneto;Corvina, Rondinella, Corvinone;Spokojne;Lekko wytrawne;14%;Dania Śródziemnomorskie, Baranina, Wieprzowina, Samo w sobie, Wołowina, Sery;https://dobrewina.pl/wino-czerwone/5825-wino-czerwone-valpolicella-ripasso-superiore-sapor-temporis-doc-wloskie-lekko-wytrawne-075-l-8034108571485.html
8058150741573;Wino czerwone Rosso da Uve Appassite Terre di Chieti IGT włoskie półwytrawne 0,75 L;Wina | Wytrawność | Półwytrawne | Szczepy | Czerwone | Rodzaj | Wino czerwone | aromatyczne i dojrzałe | Nowości | Appassimento | Cena | 40,01 - 60,00 zł | Kraj | Włochy | Top 10 win - ranking | Wina na wesele;Rosso da Uve Appassite Terre di Chieti IGT 0,75 L Wyrazisty włoski czerwony – moc pełni i struktury z regionu Abruzja Wino „Rosso da Uve Appassite” pochodzi z apelacji Terre di Chieti IGT w regionie Abruzja (Włochy). Zostało stworzone z winogron szczepu Montepulciano d’Abruzzo, które zostały poddane tradycyjnej metodzie appassimento — czyli lekkiemu podsuszeniu na krzewach lub przy gronowisku, co pozwala skoncentrować aromaty, cukry i strukturę. Charakterystyka: Kolor: intensywna rubinowa barwa z fioletowymi refleksami. Aromat: wyraziste nuty dojrzałych czarnych owoców (wiśnia, śliwka), konfitury, przypraw korzennych i delikatnych tonów balsamicznych. Smak: pełne, skoncentrowane, taniny miękkie ale obecne, długi aksamitny finisz. Z czym podawać: Idealne do dań wymagających wina o charakterze — pieczonych czerwonych mięs, dziczyzny, dań z grilla, długo dojrzewających serów, a nawet jako wino do kontemplacji z kieliszkiem w dłoni. Temperatura serwowania: Preferowana temperatura podania: około 16–18 °C — dzięki temu uwydatni pełnię i strukturę wina. Dlaczego warto?: Wybierając to wino, zyskujesz smak włoskiej tradycji, terroir Abruzji i wyjątkowy charakter metody appassimento — czyli połączenie intensywności i elegancji w jednej butelce. Wino Rosso da Uve Appassite Terre di Chieti IGT 0,75 L możesz kupić również w naszych sklepach stacjonarnych: Dobre Wina, Warszawa, ul. Wyczółki 46 Dobre Wina, Warszawa, ul. Mickiewicza 30 Dobre Wina, Kraków, ul. Królowej Jadwigi 146 W celu potwierdzenia dostępności - prosimy o kontakt telefoniczny lub mailowy.;49,90 zł;https://dobrewina.pl/2537-large_default/rosso-da-uve-appassite-terre-di-chieti-igt-075-l.jpg;N/A;Włochy;Abruzja;Montepulciano d'Abruzzo;Spokojne;Półwytrawne;14,5%;Wołowina, Dania Śródziemnomorskie, Baranina, Wieprzowina, Dziczyzna;https://dobrewina.pl/wino-czerwone/5838-rosso-da-uve-appassite-terre-di-chieti-igt-075-l-8058150741573.html
8058150740248;Wino białe Kriya Chardonnay Bio Terre d'Abruzzo IGP włoskie wytrawne 0,75 L;Wina | Wytrawność | Wytrawne | Szczepy | Białe | Chardonnay | Rodzaj | Wino białe | świeże i orzeźwiające | Wino wegańskie | Nowości | Wina ekologiczne i organiczne | Wina zrównoważone | Cena | 25,01 - 40,00 zł | Kraj | Włochy;Kriya Chardonnay Bio Terre d’Abruzzo IGP 0,75 L Nowoczesne białe wino z Abruzji — ekologiczne, świeże i pełne charakteru Wino pochodzące z apelacji Terre di Chieti IGP w regionie Abruzja (Włochy), wytwarzane w ramach linii „Bio & Vegan” winnicy Famiglia di Carlo. Uprawy prowadzone są z poszanowaniem natury, winifikacja w duchu minimalnej interwencji. Profil wina: Szczep: 100% Chardonnay. Kolor: słomkowo-żółty z zielonkawymi refleksami. Aromat: nuty egzotycznych owoców i delikatne akcenty kwiatowe. Smak: świeży, średniej budowy, z dobrą kwasowością i wyraźną lekkością – idealny na co dzień. Z czym podawać: Świetny jako aperitif, do lekkich przystawek, dań z ryb lub białych mięs, a także jako towarzysz posiłku przy letnim tarasie. Serwować schłodzone do ok. 10-12 °C . Dlaczego warto: To wino łączy ekologiczne podejście («Bio») i wegańską produkcję („Vegan”) z typowym dla Chardonnay stylem — idealne dla osób szukających białego wina o nowoczesnym charakterze, które nie traci elegancji i klasy. Pozwól sobie na przyjemność z naturą — wybierz Kriya Chardonnay Bio Terre d’Abruzzo IGP i odkryj wyjątkowy smak włoskich bieli w ekologicznej formie! Wino Kriya Chardonnay Bio Terre d’Abruzzo IGP 0,75 L możesz kupić również w naszych sklepach stacjonarnych: Dobre Wina, Warszawa, ul. Wyczółki 46 Dobre Wina, Warszawa, ul. Mickiewicza 30 Dobre Wina, Kraków, ul. Królowej Jadwigi 146 W celu potwierdzenia dostępności - prosimy o kontakt telefoniczny lub mailowy.;33,00 zł;https://dobrewina.pl/2542-large_default/kriya-chardonnay-bio-terre-d-abruzzo-igp-075-l.jpg;N/A;Włochy;Abruzja;Chardonnay;Spokojne;Wytrawne;12,5%;Ryby, Owoce morza, Przystawki, Sery;https://dobrewina.pl/wino-biale/5830-kriya-chardonnay-bio-terre-d-abruzzo-igp-075-l-8058150740248.html
8058150740651;Wino białe Kriya Cococciola Bio Terre di Chieti IGT włoskie wytrawne 0,75 L;Wina | Wytrawność | Wytrawne | Szczepy | Białe | Rodzaj | Wino białe | świeże i orzeźwiające | Wino wegańskie | Nowości | Wina ekologiczne i organiczne | Wina zrównoważone | Cena | 25,01 - 40,00 zł | Kraj | Włochy;Kriya Cococciola Bio Terre di Chieti IGT 0,75 L – Białe, Wytrawne, Wegańskie Kriya to wyjątkowe wino z Abruzji, które symbolizuje zdolność win Famiglia Di Carlo do rozwoju w pełnej harmonii z naturą. Nazwa pochodzi od praktyki jogi, co doskonale oddaje filozofię marki – to wino stworzone w zgodzie z naturą, oznaczone jako Bio oraz Wegańskie . Charakterystyka wina: Szczep: Cococciola (100%) Region: Abruzja, Prowincja Chieti Apelacja: Terre di Chieti IGT Winnica: Famiglia Di Carlo Degustacja: Kolor: Jasnożółty ze świeżymi, zielonkawymi refleksami. Bukiet: Wykwintny i trwały. W nosie dominują intensywne nuty cytrusowe, zwłaszcza różowego grejpfruta , przeplatane akcentami egzotycznych owoców tropikalnych . Smak: Wino jest otulające i długotrwałe. Zapewnia przyjemne, rześkie doznania z wyraźnym posmakiem białych owoców (jak gruszka czy biała brzoskwinia) w finiszu. Jest doskonale zbalansowane kwasowością (6,1 g/l), co nadaje mu żywiołowości. Zastosowanie: Kriya Cococciola to idealny partner kulinarny. Doskonale sprawdzi się jako elegancki aperitif . Znakomicie komponuje się z daniami kuchni morskiej , w tym owocami morza, białymi rybami i lekkimi sałatkami. Temperatura serwowania: 10°C Wino produkowane jest metodą biologiczną. Winogrona są zbierane ręcznie we wrześniu, a winifikacja polega na delikatnym tłoczeniu i krótkim dojrzewaniu w kadziach ze stali nierdzewnej, co pozwala zachować maksymalną świeżość i owocowość. Wino Kriya Cococciola Bio Terre di Chieti IGT 0,75 L możesz kupić również w naszych sklepach stacjonarnych: Dobre Wina, Warszawa, ul. Wyczółki 46 Dobre Wina, Warszawa, ul. Mickiewicza 30 Dobre Wina, Kraków, ul. Królowej Jadwigi 146 W celu potwierdzenia dostępności - prosimy o kontakt telefoniczny lub mailowy.;33,00 zł;https://dobrewina.pl/2543-large_default/wino-biale-kriya-cococciola-bio-terre-di-chieti-igt-wloskie-wytrawne-075-l.jpg;N/A;Włochy;Abruzja;Cococciola;Spokojne;Wytrawne;12,5%;Ryby, Owoce morza, Przystawki, Samo w sobie;https://dobrewina.pl/wino-biale/5831-wino-biale-kriya-cococciola-bio-terre-di-chieti-igt-wloskie-wytrawne-075-l-8058150740651.html
8058150740217;Wino białe Kriya Passerina Bio Terre d'Abruzzo IGT włoskie wytrawne 0,75 L;Wina | Wytrawność | Wytrawne | Szczepy | Białe | Rodzaj | Wino białe | świeże i orzeźwiające | Wino wegańskie | Nowości | Wina ekologiczne i organiczne | Wina zrównoważone | Cena | 25,01 - 40,00 zł | Kraj | Włochy;"Kriya Passerina Bio Terre di Chieti IGT 0,75 L – Białe, Wytrawne, Wegańskie Wino Kriya Passerina z Abruzji to część innowacyjnej linii win BioVegan od Famiglia Di Carlo. Nazwa ""Kriya"", zaczerpnięta z filozofii jogi, symbolizuje zdolność wina do rozwoju w pełnej harmonii z naturą. To wyjątkowy, ekologiczny trunek, który odzwierciedla potencjał starożytnego szczepu Passerina. Charakterystyka wina: Szczep: Passerina (100%) Region: Abruzja, Prowincja Chieti Apelacja: Terre di Chieti IGT Winnica: Famiglia Di Carlo Wino Bio & Vegan: Certyfikowane jako ekologiczne i wegańskie. Degustacja: Kolor: Jasnożółty ze świeżymi, zielonkawymi refleksami. Bukiet: Delikatny, bardzo owocowy i trwały. W nosie wyróżniają się nuty cytrusowe, zwłaszcza różowego grejpfruta , przeplatane ciekawymi, egzotycznymi akcentami papai . Smak: Wino jest przyjemnie otulające, rześkie i utrzymuje się na podniebieniu. Finisz jest czysty, zdominowany przez nuty białych owoców (jak brzoskwinia). Wyróżnia się dobrą strukturą i zbalansowaną kwasowością (6,5 g/l). Zastosowanie: Kriya Passerina to doskonały wybór na cieplejsze dni. Świetnie sprawdza się jako wyrafinowany aperitif . Idealnie komponuje się z lekkimi potrawami: sałatkami, przekąskami oraz różnorodnymi daniami kuchni morskiej i rybami. Temperatura serwowania: 10°C Wino jest efektem ręcznego zbioru we wrześniu i delikatnej winifikacji z krótkim dojrzewaniem w kadziach ze stali nierdzewnej, co maksymalnie zachowuje jego świeży, owocowy charakter. Wino Kriya Passerina Bio Terre di Chieti IGT 0,75 L możesz kupić również w naszych sklepach stacjonarnych: Dobre Wina, Warszawa, ul. Wyczółki 46 Dobre Wina, Warszawa, ul. Mickiewicza 30 Dobre Wina, Kraków, ul. Królowej Jadwigi 146 W celu potwierdzenia dostępności - prosimy o kontakt telefoniczny lub mailowy.";33,00 zł;https://dobrewina.pl/2544-large_default/kriya-passerina-bio-terre-d-abruzzo-igt-075-l.jpg;N/A;Włochy;Abruzja;Passerina;Spokojne;Wytrawne;12,5%;Dania wegetariańskie, Owoce morza, Przystawki, Samo w sobie, Aperitif;https://dobrewina.pl/wino-biale/5827-kriya-passerina-bio-terre-d-abruzzo-igt-075-l-8058150740217.html
8058150740200;Wino białe Kriya Pecorino Bio Terre d'Abruzzo IGT włoskie wytrawne 0,75 L;Wina | Wytrawność | Wytrawne | Szczepy | Białe | Rodzaj | Wino białe | świeże i orzeźwiające | Wino wegańskie | Nowości | Wina ekologiczne i organiczne | Wina zrównoważone | Cena | 25,01 - 40,00 zł | Kraj | Włochy;"Kriya Pecorino Bio Terre di Chieti IGT 0,75 L – Białe, Wytrawne, Wegańskie Kriya Pecorino to wyjątkowy, certyfikowany trunek BIO i Wegański, pochodzący ze słonecznej Abruzji. Nazwa ""Kriya"" odzwierciedla filozofię winiarni Famiglia Di Carlo, która stawia na rozwój wina w pełnej harmonii z naturą, zgodnie z zasadami zrównoważonej uprawy. Pecorino, starożytny szczep z tego regionu, w tej odsłonie zachwyca złożonością i mineralnym charakterem. Charakterystyka wina: Szczep: Pecorino (100%) Region: Abruzja, Prowincja Chieti Apelacja: Terre di Chieti IGT Winnica: Famiglia Di Carlo Wino Bio & Vegan: Tak Degustacja: Kolor: Jasnożółty ze świeżymi, zielonkawymi refleksami. Bukiet: Bogaty i wyrafinowany. Wyczuwalne są nuty nektarynki, dojrzałej gruszki oraz lekkie akcenty cytrusowe. Całość przeplatają wyraźne nuty mineralne – torfowe i krzemienne , a także subtelne niuanse ziół aromatycznych . Smak: W pełni potwierdza wrażenia węchowe. Jest esencjonalne i pełne, z doskonałą słonością ( sapidità ), która równoważy ekstraktywną słodycz. Wino jest strukturalne i długie. Zastosowanie: Dzięki swojej mineralności i złożoności, Kriya Pecorino jest niezwykle uniwersalne. Idealnie sprawdzi się do: Dań kuchni marinara (ryby, owoce morza, zupy rybne). Delikatnych aperitifów. Średnio dojrzałych serów. Potraw na bazie białego mięsa i warzyw. Temperatura serwowania: 10°C Nie czekaj! Odkryj wyjątkowy, mineralny Pecorino, stworzony w zgodzie z naturą. Zamów Kriya Pecorino Bio już dziś i poczuj smak autentycznej Abruzji! Wino Kriya Pecorino Bio Terre di Chieti IGT 0,75 L możesz kupić również w naszych sklepach stacjonarnych: Dobre Wina, Warszawa, ul. Wyczółki 46 Dobre Wina, Warszawa, ul. Mickiewicza 30 Dobre Wina, Kraków, ul. Królowej Jadwigi 146 W celu potwierdzenia dostępności - prosimy o kontakt telefoniczny lub mailowy.";33,00 zł;https://dobrewina.pl/2545-large_default/kriya-pecorino-bio-terre-d-abruzzo-igt-075-l.jpg;N/A;Włochy;Abruzja;Pecorino;Spokojne;Wytrawne;12,5%;Ryby, Aperitif, Dania wegetariańskie, Owoce morza, Przystawki, Samo w sobie;https://dobrewina.pl/wino-biale/5829-kriya-pecorino-bio-terre-d-abruzzo-igt-075-l-8058150740200.html
8058150741269;Wino białe Kriya Pinot Grigio Bio Terre d'Abruzzo IGT włoskie lekko wytrawne 0,75 L;Wina | Wytrawność | Delikatnie wytrawne | Szczepy | Białe | Pinot Grigio | Rodzaj | Wino białe | lekkie i subtelne | Wino wegańskie | Nowości | Wina ekologiczne i organiczne | Wina zrównoważone | Cena | 25,01 - 40,00 zł | Kraj | Włochy;"Kriya Pinot Grigio Bio Terre di Chieti IGT 0,75 L – Białe, Wytrawne, Wegańskie Kriya Pinot Grigio to świeże, ekologiczne i wegańskie wino od Famiglia Di Carlo z Abruzji. Stanowi element filozofii ""Kriya"", promującej uprawę w pełnej zgodzie z naturą. To Pinot Grigio, które łączy międzynarodową popularność szczepu z wyjątkową włoską świeżością i lekkością. Charakterystyka wina: Szczep: Pinot Grigio (100%) Region: Abruzja, Prowincja Chieti Apelacja: Terre di Chieti IGT Winnica: Famiglia Di Carlo Wino Bio & Vegan: Tak Degustacja: Kolor: Jasnożółty z delikatnymi, zielonkawymi refleksami. Bukiet: Wyraźnie cytrusowy i rześki. Dominują nuty limonki oraz świeżo zerwanego zielonego jabłka . Smak: Wino jest niezwykle odświeżające, bezpośrednie i łatwe do picia . Jest lekkie, ale zrównoważone, co sprawia, że nigdy nie jest ciężkie. Kwasowość jest przyjemna (6,1 g/l), co podkreśla jego rześki charakter. Zastosowanie: Dzięki swojej lekkości i świeżości, Kriya Pinot Grigio jest doskonałe do picia na co dzień i świetnie sprawdza się w wielu sytuacjach: Świetne jako aperitif – idealnie orzeźwia. Doskonałe do delikatnych przystawek oraz lekkich dań głównych. Pasuje do sałatek, białego mięsa i ryb. Idealne do picia przez cały posiłek. Temperatura serwowania: 8°C Jeśli szukasz orzeźwiającego, lekkiego i ekologicznego wina na każdy dzień, Kriya Pinot Grigio jest idealnym wyborem! Dodaj włoskiej świeżości do swojego stołu. Kup teraz! Wino Kriya Pinot Grigio Bio Terre di Chieti IGT 0,75 L możesz kupić również w naszych sklepach stacjonarnych: Dobre Wina, Warszawa, ul. Wyczółki 46 Dobre Wina, Warszawa, ul. Mickiewicza 30 Dobre Wina, Kraków, ul. Królowej Jadwigi 146 W celu potwierdzenia dostępności - prosimy o kontakt telefoniczny lub mailowy.";33,00 zł;https://dobrewina.pl/2546-large_default/kriya-pinot-grigio-bio-terre-d-abruzzo-igt-075-l.jpg;N/A;Włochy;Abruzja;Pinot Grigio;Spokojne;Lekko wytrawne;12,5%;Aperitif, Owoce morza, Przystawki, Samo w sobie, Ryby;https://dobrewina.pl/wino-biale/5828-kriya-pinot-grigio-bio-terre-d-abruzzo-igt-075-l-8058150741269.html
8034108572109;Wino musujące Prosecco Villa Fura Extra Dry DOC włoskie półwytrawne 0,75 L;Wina | Wytrawność | Półwytrawne | Szczepy | Białe | Rodzaj | Wino musujące | Prosecco i Valdobbiadene | Nowości | Cena | 25,01 - 40,00 zł | Kraj | Włochy;Prosecco Villa Fura Extra Dry DOC 0,75 L – Białe, Musujące, Extra Dry Prosecco Villa Fura to klasyczne, orzeźwiające wino musujące z włoskiego regionu Veneto. Powstałe w 100% ze szczepu Glera, jest symbolem włoskiej dolce vita – idealne, by celebrować każdą chwilę. Styl Extra Dry oznacza doskonałą równowagę między rześką kwasowością a subtelną owocową słodyczą, która czyni je wyjątkowo przyjemnym. Charakterystyka wina: Szczep: Glera (100%) Region: Veneto, Włochy Apelacja: Prosecco DOC Rodzaj: Białe, Musujące (Spumante), Extra Dry Zaw. alk.: 11% Degustacja: Kolor: Jasnożółty, słomkowy. Bukiet: Świeży i aromatyczny, z dominującymi nutami kwiatowymi (akacja, wisteria) oraz bogatym owocowym profilem, w którym wyczuwalne są zielone jabłko, gruszka i lekkie cytrusowe akcenty (cedr) . Smak: Odświeżający i czysty , z harmonijną i zrównoważoną kwasowością. Jest delikatne, eleganckie i ma miękki, trwały perlaż (bąbelki). Finisz często ma przyjemną, subtelnie słodką nutę. Zastosowanie: Prosecco Villa Fura jest wyjątkowo uniwersalne i doskonale pasuje do: Aperitifu – to jego główne przeznaczenie! Lekkich przystawek i sałatek. Dań bazujących na rybach i owocach morza (np. sushi). Delikatnych serów i wędlin. Temperatura serwowania: 6-8°C Szukasz idealnych bąbelków na spotkanie z przyjaciółmi, rodzinny obiad czy po prostu na relaksujący wieczór? Villa Fura Prosecco to strzał w dziesiątkę! Zamów to świeże i eleganckie, włoskie Prosecco już dziś! Wino musujące Prosecco Villa Fura Extra Dry DOC 0,75 L możesz kupić również w naszych sklepach stacjonarnych: Dobre Wina, Warszawa, ul. Wyczółki 46 Dobre Wina, Warszawa, ul. Mickiewicza 30 Dobre Wina, Kraków, ul. Królowej Jadwigi 146 W celu potwierdzenia dostępności - prosimy o kontakt telefoniczny lub mailowy.;36,00 zł;https://dobrewina.pl/2547-large_default/prosecco-villa-fura-extra-dry-doc-075-l.jpg;N/A;Włochy;Veneto;Glera;Musujące;Półwytrawne;11%;Aperitif, Przystawki, Samo w sobie;https://dobrewina.pl/wino-musujace/5822-prosecco-villa-fura-extra-dry-doc-075-l-8034108572109.html
8034108571805;Wino białe Pinot Grigio Villa Fura delle Venezie DOC włoskie lekko wytrawne 0,75 L;Wina | Wytrawność | Delikatnie wytrawne | Szczepy | Białe | Pinot Grigio | Rodzaj | Wino białe | lekkie i subtelne | Nowości | Cena | 25,01 - 40,00 zł | Kraj | Włochy | Wina do 30 zł;Pinot Grigio Villa Fura delle Venezie DOC 0,75 L – Białe, Wytrawne, Świeże Pinot Grigio Villa Fura to klasyczna, rześka propozycja z regionu Wenecji (delle Venezie), słynącego z produkcji jednych z najlepszych białych win we Włoszech. To wino o apelacji DOC, co gwarantuje jego autentyczność i wysoką jakość. Jest idealnym uosobieniem włoskiego, lekkiego i owocowego stylu, które pokochali koneserzy na całym świecie. Charakterystyka wina: Szczep: Pinot Grigio (100%) Region: Delle Venezie, Północne Włochy Apelacja: Pinot Grigio delle Venezie DOC Rodzaj: Białe, Wytrawne Zaw. alk.: 12% Degustacja: Kolor: Jasny, słomkowo-żółty. Bukiet: Delikatny, lecz intensywny i elegancki. W nosie dominują przyjemne nuty białych owoców (jak gruszka i jabłko), przeplatane subtelnymi akcentami kwiatowymi (głóg) oraz lekkimi ziołowymi tonami. Smak: Wino jest świeże, zrównoważone i bardzo pijalne. Kwasowość jest idealnie wkomponowana, dając poczucie rześkości, a na finiszu pojawia się przyjemna, lekko migdałowa nuta, charakterystyczna dla dobrych Pinot Grigio. Zastosowanie: Dzięki swojej lekkości i orzeźwiającemu charakterowi, Pinot Grigio Villa Fura jest idealne do: Aperitifu – wspaniale zaostrza apetyt. Lekkich przystawek, zwłaszcza na bazie warzyw i ryb. Dania z ryżem i makaronem (np. risotta z warzywami, pasty z białymi sosami). Owoców morza i białego mięsa. Temperatura serwowania: 8-10°C Cenisz sobie włoską świeżość i elegancję? Pinot Grigio Villa Fura to obowiązkowa pozycja! Idealnie chłodne, będzie Twoim ulubionym towarzyszem letnich wieczorów i lekkich posiłków. Dodaj do koszyka już teraz! Wino Pinot Grigio Villa Fura delle Venezie DOC 0,75 L możesz kupić również w naszych sklepach stacjonarnych: Dobre Wina, Warszawa, ul. Wyczółki 46 Dobre Wina, Warszawa, ul. Mickiewicza 30 Dobre Wina, Kraków, ul. Królowej Jadwigi 146 W celu potwierdzenia dostępności - prosimy o kontakt telefoniczny lub mailowy.;29,90 zł;https://dobrewina.pl/2548-large_default/pinot-grigio-villa-fura-delle-venezie-doc-075-l.jpg;N/A;Włochy;Veneto;Pinot Grigio;Spokojne;Lekko wytrawne;12%;Ryby, Aperitif, Owoce morza, Przystawki, Samo w sobie;https://dobrewina.pl/wino-biale/5823-pinot-grigio-villa-fura-delle-venezie-doc-075-l-8034108571805.html
8034108572093;Wino czerwone Corvina Villa Fura Verona IGT włoskie lekko wytrawne 0,75 L;Wina | Wytrawność | Delikatnie wytrawne | Szczepy | Czerwone | Rodzaj | Wino czerwone | aromatyczne i dojrzałe | Nowości | Cena | 25,01 - 40,00 zł | Kraj | Włochy | Wina do 30 zł;Corvina Villa Fura Verona IGT 0,75 L – Czerwone, Wytrawne, Owocowe Corvina Villa Fura to urocze, czerwone wino pochodzące z regionu Werony (Verona IGT) w północnych Włoszech. Powstałe w 100% z autochtonicznego dla tego regionu szczepu Corvina , jest świetną alternatywą dla cięższych win, oferując przyjemną lekkość i intensywną owocowość, charakterystyczną dla win z Veneto. Charakterystyka wina: Szczep: Corvina (100%) Region: Veneto, Okolice Werony, Włochy Apelacja: Verona IGT Rodzaj: Czerwone, Wytrawne, Młode Zaw. alk.: 13,5% Degustacja: Kolor: Czysty, rubinowy z fioletowymi refleksami, typowymi dla młodych win. Bukiet: Intensywny i zdecydowanie owocowy. Wyczuwalne są przede wszystkim nuty wiśni (w tym wiśni maraska) oraz czerwonych jagód . Bukiet jest świeży i bezpośredni. Smak: Wino jest lekkie, soczyste i zrównoważone . Charakteryzuje się przyjemną, owocową strukturą i gładkimi taninami, które sprawiają, że pije się je łatwo i z przyjemnością. Ma rześki, czysty finisz. Zastosowanie: Corvina Villa Fura to idealne wino do dań kuchni włoskiej, które nie dominują smakiem: Pizza i makarony z sosami na bazie pomidorów. Lekkie dania mięsne (np. drób, cielęcina). Wędliny i deski serów półtwardych. Świetnie pasuje do codziennego obiadu . Temperatura serwowania: 14-16°C (można je delikatnie schłodzić, co wzmocni jego owocowość). Szukasz lekkiego, owocowego czerwonego wina na wieczór z pizzą lub makaronem? Corvina Villa Fura to włoska klasyka w najlepszym wydaniu! Zamów butelkę już dziś i przenieś się do słonecznej Verony! Wino Corvina Villa Fura Verona IGT 0,75 L możesz kupić również w naszych sklepach stacjonarnych: Dobre Wina, Warszawa, ul. Wyczółki 46 Dobre Wina, Warszawa, ul. Mickiewicza 30 Dobre Wina, Kraków, ul. Królowej Jadwigi 146 W celu potwierdzenia dostępności - prosimy o kontakt telefoniczny lub mailowy.;29,90 zł;https://dobrewina.pl/2549-large_default/corvina-villa-fura-verona-igt-075-l.jpg;N/A;Włochy;Veneto;Corvina;Spokojne;Lekko wytrawne;13,5%;Wołowina, Dania Śródziemnomorskie, Baranina, Drób;https://dobrewina.pl/wino-czerwone/5824-corvina-villa-fura-verona-igt-075-l-8034108572093.html
3770020745003;Wino białe Chablis Notton AOC francuskie wytrawne 0,75 L;Wina | Wytrawność | Wytrawne | Szczepy | Białe | Chardonnay | Rodzaj | Wino białe | dojrzałe i aksamitne | Nowości | Cena | 60,01 - 100,00 zł | Kraj | Francja | Chablis;Chablis Notton AOC 0,75 L – Białe, Wytrawne, Mineralne Chablis Notton AOC to esencja burgundzkiego winiarstwa. Pochodzi z najbardziej wysuniętej na północ części Burgundii i jest wytwarzane w 100% ze szczepu Chardonnay , który w tym chłodniejszym klimacie osiąga wyjątkową, mineralną czystość. Oznaczenie AOC (Appellation d'Origine Contrôlée) gwarantuje autentyczność pochodzenia i najwyższy standard jakości. Charakterystyka wina: Szczep: Chardonnay (100%) Region: Burgundia, Chablis, Francja Apelacja: Chablis AOC Rodzaj: Białe, Wytrawne, Niefiltrowane przez beczkę dębową (lub minimalny kontakt) Degustacja: Kolor: Jasny, bladożółty, z delikatnymi zielonymi refleksami. Bukiet: Elegancki i rześki. Dominują nuty zielonego jabłka, cytryny i białych kwiatów . Charakterystyczną cechą Chablis jest jego mineralny charakter , często opisywany jako zapach mokrej skały, kredy lub morskiej bryzy . Smak: Krystalicznie czysty, rześki i wytrawny . Wysoka, ale doskonale zintegrowana kwasowość nadaje mu lekkości i długości. Jest to wino niezwykle złożone w swojej prostocie – bez dominacji dębu, pozwala w pełni wybrzmieć terroir. Zastosowanie: Chablis to wino stworzone do eleganckiej kuchni, z naciskiem na produkty o czystym smaku: Owoce morza – klasyczny i niezrównany duet, zwłaszcza z ostrygami i krewetkami. Ryby – grillowane lub gotowane, bez ciężkich sosów (np. sola, dorsz). Kozi ser – jego rześkość pięknie kontrastuje z kremową teksturą sera. Idealne jako wyrafinowany aperitif . Temperatura serwowania: 10-12°C Poczuj prawdziwą mineralność Burgundii! Chablis Notton AOC to kwintesencja elegancji i rześkości. Zamów ten klasyk i podnieś poziom każdego posiłku! Wino Chablis Notton AOC 0,75 L możesz kupić również w naszych sklepach stacjonarnych: Dobre Wina, Warszawa, ul. Wyczółki 46 Dobre Wina, Warszawa, ul. Mickiewicza 30 Dobre Wina, Kraków, ul. Królowej Jadwigi 146 W celu potwierdzenia dostępności - prosimy o kontakt telefoniczny lub mailowy.;99,90 zł;https://dobrewina.pl/2526-large_default/chablis-notton-aoc-075-l.jpg;N/A;Francja;Burgundia;Chardonnay;Spokojne;Wytrawne;12,5%;Ryby, Dania wegetariańskie, Owoce morza, Przystawki;https://dobrewina.pl/wino-biale/5815-chablis-notton-aoc-075-l-3770020745003.html
5907522605476;Wódka Polska Miodula 40% 0,5 L;Wina | Kraj | Alkohole | Wódka;Miodula® Polska Wódka została wyprodukowana z najlepszego spirytusu żytniego pochodzącego wyłącznie z Polski. Ta wyjątkowa wersja Polskiej Wódki dojrzewa w 225-litrowych beczkach z polskiego dębu po Oryginalnej Leżakowanej Mioduli® Prezydenckiej . Produkt zawiera miód. Produkt posiada chronione oznaczenie geograficzne „Polska Wódka/Polish Vodka” co oznacza, że wytwarzana jest z alkoholu otrzymywanego wyłącznie z tradycyjnych polskich zbóż, kktórego wszystkie etapy produkcji odbywają się w Polsce. Wyróżnienia: Nominacja w konkursie Formes de Luxe Monaco 2021 Barwa: Klarowna, transparentna. Aromat: Migdałowy, miętowy, słodki, cytrusowy. Smak: Bardzo delikatny jak lody waniliowe, gładki i kremowy. Finish: Dobry - długi, miękki i przyjemny. Aftertaste: Długi - przyjemny i kojący.;79,90 zł;https://dobrewina.pl/1857-large_default/wodka-polska-miodula-40-05-l.jpg;https://dobrewina.pl/1858-large_default/wodka-polska-miodula-40-05-l.jpg;Polska;N/A;N/A;N/A;N/A;N/A;N/A;https://dobrewina.pl/wodka/5214-wodka-polska-miodula-40-05-l-5907522605476.html
5907522606497;Miodula Staropolska 0,5L 37,5%;Wina | Cena | 60,01 - 100,00 zł | Alkohole | Likiery;Miodula® Staropolska to wyjątkowy likier tworzony z wielką pasją i troską o jego najwyższą jakość, którego receptura przekazywana jest z pokolenia na pokolenie wśród górali beskidzkich. Do dziś ten tradycyjny trunek przygotowywany jest w domach na huczne góralskie wesela a jego receptura sięga czasów powstania Księstwa Cieszyńskiego, datowanego na rok 1290 i obejmującego tereny dzisiejszych Beskidów i Śląska Cieszyńskiego. Produkowany na bazie miodu oraz specjalnie skomponowanej mieszanki składników, które poddane są starannej selekcji. Wyróżnia się barwą oraz delikatnym aromatem miodu z subtelną nutą wanilii.;79,90 zł;https://dobrewina.pl/2292-large_default/miodula-staropolska-05l-375.jpg;N/A;Polska;N/A;N/A;Alkohol mocny;N/A;40%;N/A;https://dobrewina.pl/likiery/5311-miodula-staropolska-05l-375-5907522606497.html
5907522604356;Ratafia Kaszubska 30% 0,5L;Wina | Kraj | Alkohole | Wódka;Ratafia Kaszubska to nalewka sporządzana w sposób tradycyjny z dojrzałych owoców wiśni i bogatej kompozycji ziół i przypraw. Wymagający wiedzy i zaangażowania proces technologiczny polega na maceracji składników w najwyższej jakości alkoholu przez odpowiedni okres czasu. Powstały nalew po odpowiednim dosłodzeniu i zestawieniu do wymaganej zawartości alkoholu poddawany jest procesowi leżakowania. Tak pozostawiona nalewka dojrzewa przez wiele tygodni, aby nabrać swoich specyficznych cech sensorycznych. Unikatowe opakowanie z zastosowaniem wzorów tradycyjnych, kaszubskich haftów o specyficznej kolorystyce idealnie wkomponowuje się w naturalny, wyjątkowy charakter produktu. Smak i zapach: słodki, wiśniowy z nutą goździków i przypraw.;79,90 zł;https://dobrewina.pl/2378-large_default/ratafia-kaszubska-30-05l.jpg;N/A;Polska;N/A;N/A;Alkohol mocny;N/A;30%;N/A;https://dobrewina.pl/wodka/5410-ratafia-kaszubska-30-05l-5907522604356.html
5907522605841;Pina Colada Puerto Rico Casa Hamaca 0,5L 16%;Wina | Kraj | Alkohole | Likiery;Casa Hamaca - Pina Coladato wyśmienity likier śmietanowy o smaku owoców tropikalnych na bazie rumu Casa Hamaca. Doskonały z kostkami lodu lub jako składnik ulubionych koktajli. Wstrząsnąć przed spożyciem. W celu zachowania wysokiej jakości produktu, należy przechowywać go w chłodnym i ciemnym miejscu.;49,90 zł;https://dobrewina.pl/1860-large_default/pina-colada-puerto-rico-casa-hamaca-05l-16.jpg;N/A;Polska;N/A;N/A;N/A;N/A;N/A;N/A;https://dobrewina.pl/likiery/5213-pina-colada-puerto-rico-casa-hamaca-05l-16-5907522605841.html
5907522606473;Miodula Sweet Lemon 0,5 L 28%;Wina | Kraj | Alkohole | Likiery;MIODULA® SWEET LEMON to likier przygotowany ze skórek cytryn macerowanych w polskim alkoholu zbożowym. Minimum 1,5 kg całych cytryn użyto do produkcji 1 L likieru. Ta wyjątkowa wersja Cytrynówki dojrzewała w dębowych beczkach po Oryginalnej Leżakowanej Mioduli Prezydenckiej. Produkt zawiera miód spadziowy. Ze względu na obecność naturalnych składników, może pojawić się osad. Wstrząsnąć przed spożyciem. Podawać schłodzony.;69,90 zł;https://dobrewina.pl/2084-large_default/miodula-sweet-lemon-05-l-28.jpg;N/A;Polska;N/A;N/A;Alkohol mocny;N/A;28%;N/A;https://dobrewina.pl/likiery/5418-miodula-sweet-lemon-05-l-28-5907522606473.html
26;Nalewka Czarny Bez Potok Wysoki 0,5 L 26%;Wina | Cena | 40,01 - 60,00 zł | Alkohole | Likiery | Nalewki;Nalewki , zwane niegdyś kordiałami , to wyciągi alkoholowe z owoców, kwiatów, korzeni lub ziół, które trafiły do Polski prawdopodobnie z królem Henrykiem Walezym. W każdym magnackim, szlacheckim, czy mieszczańskim domu stawiano na nalewki, a przepisy na nie były pilnie strzeżone i przekazywane z pokolenia na pokolenie. Nalewki Potok Wysoki wytwarzane w sposób tradycyjny cieszą się dużą popularnością ze względu na ich walory smakowe i prozdrowotne działanie. Unikatowa receptura oparta na maceracja owoców, zestawieniu wyłącznie naturalnych składników oraz dojrzewanie nalewki stanowi sekret ich niepowtarzalnego charakteru. Potok Wysoki Prawdziwe Nalewki Czarny Bez to wyborna nalewka wypełniona smakiem dzikiego czarnego bzu z nutami czekolady, karmelu i kawy, wydobywanym w procesie maceracji owoców w wysokiej jakości alkoholu. Powstały w ten sposób nalew, stanowiący esencję wyśmienitego smaku nalewki, po połączeniu z pozostałymi składnikami poddawany jest procesowi leżakowania, podczas którego nabiera swojego dojrzałego charakteru. Smak i zapach: słodki, kawowy, z charakterystyczną nutą owoców bzu czarnego. Produkt naturalny – może wystąpić osad, partie produkcyjne mogą różnić się kolorystycznie.;59,90 zł;https://dobrewina.pl/2357-large_default/nalewka-czarny-bez-potok-wysoki-05-l-26.jpg;N/A;Polska;N/A;N/A;Alkohol mocny;N/A;26%;N/A;https://dobrewina.pl/nalewki/5659-nalewka-czarny-bez-potok-wysoki-05-l-26.html
5060354273678;Wh. Scarabus Batch Strenght Islay Single Malt Scotch Whisky 0,7 L 57%;Wina | Cena | 100,01 - 200,00 zł | Kraj | Alkohole | Whisky, Whiskey, Bourbon;Mocne nuty ogniska na plaży i dymu torfowego wyspy Islay połączone z lukrecją, toffi i wanilią. Długi finish z utrzymującymi się nutami popiołu. Destylowana na wyspie Islay. Bez sztucznych barwników oraz niefiltrowana na zimno.;299,00 zł;https://dobrewina.pl/1992-large_default/whisky-scarabus-batch-strenght-islay-single-malt-scotch-whisky-07-l-57.jpg;N/A;Szkocja;N/A;N/A;N/A;N/A;57%;N/A;https://dobrewina.pl/whisky-whiskey-bourbon/5335-whisky-scarabus-batch-strenght-islay-single-malt-scotch-whisky-07-l-57-5060354273678.html
5907522601416;Miodula Prezydencka oryginalna leżakowana 40% 0,5 L;Wina | Kraj | Alkohole | Likiery;Oryginalna Leżakowana Miodula® Prezydencka na rynku po raz pierwszy pojawiła się w 2004 r. Od tego czasu pozostawiamy nienaruszone beczki, które tworzą rocznikowe edycje Oryginalnej Leżakowanej Mioduli® Prezydenckiej. Miodula® Prezydencka to wyjątkowy likier tworzony z wielką pasją i troską o jego najwyższą jakość, w oparciu o staropolską recepturę. Produkowany na bazie miodu oraz specjalnie skomponowanej mieszanki składników, które stanowią prawdziwą tajemnicę wyszukanego smaku. Gwarantuje to Mioduli®, że jest produktem najwyższej jakości o bogatej, staropolskiej tradycji. Dojrzewająca w beczkach z dębu polskiego, aby nadać Mioduli Prezydenckiej niepowtarzalny aromat i kolor.;105,00 zł;https://dobrewina.pl/2076-large_default/miodula-prezydencka-oryginalna-lezakowana-40-05-l.jpg;N/A;Polska;N/A;N/A;Alkohol mocny;N/A;40%;N/A;https://dobrewina.pl/likiery/5409-miodula-prezydencka-oryginalna-lezakowana-40-05-l-5907522601416.html
5995099191720;Unicum Zwack 0,7 L 40%;Wina | Cena | 60,01 - 100,00 zł | Alkohole | Bittersy;Unicum to legendarny likier - narodowy napój Węgier. Ten wyjątkowy likier ziołowy, oparty na sekretnej recepturze rodzinnej i destylowany z ponad czterdziestu różnych ziół i przypraw został pierwotnie stworzony jako środek wspomagający trawienie na dworze królewskim Austrii Węgierskiej w 1790 roku. Na przestrzeni wieków stał się napojem na każdą porę dnia, w postaci shotów lub delikatnie ogrzany w dłoniach w kieliszku do koniaku, lub też spożywany schłodzony. W rodzinnej destylarni Zwack w Budapeszcie Unicum dojrzewa w dużych dębowych beczkach, a następnie jest rozlewany do charakterystycznych okrągłych butelek, które są znakiem rozpoznawczym tej historycznej marki od prawie dwustu lat. Po sześciu pokoleniach nadal w rękach rodziny, Unicum na Węgrzech to nie tylko napój, ale skarb narodowy.;129,00 zł;https://dobrewina.pl/1962-large_default/unicum-zwack-07-l-40.jpg;N/A;Węgry;N/A;N/A;Alkohol mocny;N/A;40%;N/A;https://dobrewina.pl/bittersy/5312-unicum-zwack-07-l-40-5995099191720.html
5907522604776;Wh. Wild Fields Original Single Grain Polish Whisky 44% 0,7 L;Wina | Kraj | Alkohole | Whisky, Whiskey, Bourbon;Wild Fields Original Single Grain Polish Whisky wytworzona jest w tradycyjny sposób. Nie jest filtrowana na zimno, dojrzewa w polskich dębowych beczkach, wyprodukowana została w jednej partii, w jednej destylarni, a głównym surowcem używanym przy produkcji jest tradycyjna odmiana polskiego żyta. Noty degustacyjne: Barwa: Złota. Zapach: Owocowy, miodowy, słodki, z przyjemnym aromatem przypieczenia. Smak: Pełny, delikatnie oleisty, złożony, dobrze zaokrąglony. Finish: Dobry, kojący, średni do długiego. Aftertaste: Przyjemny i relaksujący. Nota ogólna: Produkt ten stanowi bardzo dobry przykład cierpliwości i wytrwałości w pracy rozwojowej. Jest również wyjątkowo dobrym przykładem produktu zapewniającego doznanie przyjemnej i łatwej w spożyciu whisky, w równym stopniu dla mężczyzn i kobiet. Bardzo rzadka i oryginalna Single Malt Polish Whisky. Powstała we współpracy ze światowej sławy Scotch Whisky Master Distiller & Master Blender John McDougall.;199,00 zł;https://dobrewina.pl/1966-large_default/whisky-wild-fields-original-single-grain-polish-whisky-44-07-l.jpg;N/A;Polska;N/A;N/A;Alkohol mocny;N/A;44%;N/A;https://dobrewina.pl/whisky-whiskey-bourbon/5315-whisky-wild-fields-original-single-grain-polish-whisky-44-07-l-5907522604776.html
5907522606510;Nalewka Chrzanowa Potok Wysoki 0,5 L 30%;Wina | Kraj | Alkohole | Nalewki;Wytrawna nalewka wytwarzana w procesie maceracji korzenia chrzanu w polskim alkoholu zbożowym. Posiada intensywny, ostry smak i aromat, charakterystyczny dla korzenia chrzanu. Nalewka chrzanowa na spirytusie określana jest często również jako wódka chrzanowa, nalewka z chrzanu lub po prostu - chrzanówka.;73,00 zł;https://dobrewina.pl/2085-large_default/nalewka-chrzanowa-potok-wysoki-05-l-30.jpg;N/A;Polska;N/A;N/A;Alkohol mocny;N/A;30%;N/A;https://dobrewina.pl/nalewki/5420-nalewka-chrzanowa-potok-wysoki-05-l-30-5907522606510.html
7896002100441;Cachaca 51 40% 0,7L;Wina | Kraj | Alkohole | Rum, Tequila;Cachaca po raz pierwszy została wyprodukowana w 1530 roku, zaledwie kilka lat po odkryciu Brazylii. Jest ona typowym brazylijskim trunkiem, wytwarzany w procesie fermentacji i destylacji soku z trzciny cukrowej zebranej na pobliskich plantacjach. Cachaca 51 to najbardziej tradycyjna marka z Brazylii, lider na rynku od wielu lat, wysoko chwalony w wielu krajach na całym świecie. Sprzedaż roczna opiewa na 240 mln litrów co daje drugą największą sprzedaż na świecie. Cachaca 51 ma zdecydowanie delikatniejszy smak w porównaniu z innymi białymi rumami. Smakowanie Cachacy wiąże się z brazylijskim rytuałem: pierwsze 50 ml należy rozlać na podłodze w darze dla nieobecnych, dopiero potem można się delektować doskonałym smakiem i aromatem trunku. Najpopularniejszym drinkiem na jej bazie jest caipirinha z dodatkiem soku z limonki, cukru trzcinowego oraz kruszonego lodu. Smak i zapach: wytrawny, delikatna nuta cukru trzcinowego.;95,00 zł;https://dobrewina.pl/2043-large_default/cachaca-51-40-07l.jpg;N/A;Brazylia;N/A;N/A;Alkohol mocny;N/A;40%;N/A;https://dobrewina.pl/rum-tequila/5372-cachaca-51-40-07l-7896002100441.html
5907522604974;Polowaca Orzechówka Góralska 0,5 L 32%;Wina | Kraj | Alkohole | Likiery | Aperitif;Orzechówki od zarania dziejów są wytwarzane w celach leczniczych. Orzechy z których powstają, mają niesamowite właściwości zdrowotne i rozgrzewające działanie. Mogą być wytwarzane z różnych orzechów ze względu na ich walory smakowe. Orzechy laskowe wyróżniają się bardzo delikatnym smakiem oraz aromatem. Polowaca Orzechówka Góralska to wyjątkowo aromatyczny, słodki likier o smaku orzechów laskowych. Do produkcji używany jest najwyższej jakości, czterokrotnie destylowany alkohol zbożowy oraz najlepszej jakości komponenty smakowe. Smak i zapach: słodki, orzechowy. Zastosowany na etykiecie ornament parzenicy oraz trombity podkreśla góralski charakter trunku. Orzechówki to rodzaj słodkich likierów alkoholowych, których głównym składnikiem są orzechy, najczęściej włoskie. Charakteryzują się bogatym, orzechowym smakiem, często z nutami goryczki i słodyczy. W Polsce orzechówki mają swoją tradycję i bywają przygotowywane domowymi sposobami.;47,00 zł;https://dobrewina.pl/2039-large_default/polowaca-orzechowka-goralska-05-l-32.jpg;N/A;Polska;N/A;N/A;Alkohol mocny;N/A;32%;N/A;https://dobrewina.pl/likiery/5374-polowaca-orzechowka-goralska-05-l-32-5907522604974.html
5907522606503;Polowaca Okowita 7 Lat leżakowana Góralska 0,5 L 40%;Wina | Kraj | Alkohole | Wódka | Okowita;Polowaca® Okowita Góralska 7 Lat Leżakowana 500 ml 40% vol. Okowita zbożowa leżakowana w dębowych beczkach przez okres 7 lat w latach 2016-2024. Wytwarzana z całych i słodowanych ziaren kukurydzy i pszenicy. Destylowana w sposób ciągły, leżakowana o mocy 47% vol. w beczkach po amerykańskim Bourbon Whiskey. Dzięki długiemu i powolnemu procesowi dojrzewania, okowita nabrała wyjątkowego i szlachetnego aromatu.;87,00 zł;https://dobrewina.pl/2382-large_default/polowaca-okowita-7-lat-lezakowana-goralska-05-l-40.jpg;N/A;Polska;N/A;N/A;Alkohol mocny;N/A;40%;N/A;https://dobrewina.pl/okowita/5419-polowaca-okowita-7-lat-lezakowana-goralska-05-l-40-5907522606503.html
5907522604233;Polowaca Pieprzówka Góralska 0,5 L 37,5%;Wina | Kraj | Alkohole | Wódka | Aperitif;Polowaca Pieprzówka Góralska 0,5 L, 37,5% Polska • Wódka smakowa • 37,5% Polowaca Pieprzówka Góralska to wyjątkowa wódka smakowa o charakterystycznym złocisto-bursztynowym kolorze, powstała na bazie naturalnych ziaren pieprzu. Jej góralski temperament ujawnia się już w aromacie – korzennym, lekko ziołowym i intensywnie pieprzowym. W smaku od razu poczujesz pikantną ostrość, która stopniowo przechodzi w harmonijny, rozgrzewający finisz. To trunek, który idealnie sprawdza się podczas chłodnych wieczorów, a także jako mocny akcent na spotkaniach w gronie przyjaciół. Charakterystyka: Kolor: złocisto-bursztynowy Aromat: intensywny pieprz, nuty korzenne i ziołowe Smak: pikantny, wyrazisty, z długim, rozgrzewającym finiszem Dlaczego warto? To więcej niż tradycyjna pieprzówka – jej głębia smaku i wyjątkowy kolor sprawiają, że wyróżnia się wśród wódek smakowych. Pita schłodzona lub jako składnik koktajli, nadaje spotkaniom ognistego charakteru. Polowaca Pieprzówka Góralska – moc, pikantność i góralski pazur w butelce. Dodaj do koszyka i przekonaj się sam! Polowaca Pieprzówka Góralska możesz kupić również w naszych sklepach stacjonarnych: Dobre Wina, Warszawa, ul. Wyczółki 46 Dobre Wina, Warszawa, ul. Mickiewicza 30 Dobre Wina, Kraków, ul. Królowej Jadwigi 146 W celu potwierdzenia dostępności - prosimy o kontakt telefoniczny lub mailowy.;47,00 zł;https://dobrewina.pl/2093-large_default/polowaca-pieprzowka-goralska-05-l-375.jpg;N/A;Polska;N/A;N/A;Alkohol mocny;N/A;37,5%;N/A;https://dobrewina.pl/wodka/5427-polowaca-pieprzowka-goralska-05-l-375-5907522604233.html
8002095200022;Sambuca Extra Molinari No1 0,5L 40%;Wina | Kraj | Alkohole | Likiery | Aperitif;Sambuca Extra Molinari No. 1 0,5 L – Klasyka włoskiego likieru Sambuca Extra Molinari No. 1 to wysokiej jakości włoski likier , który od lat cieszy się niesłabnącą popularnością na całym świecie. Ten klasyczny likier o mocnym smaku anyżu charakteryzuje się gładką teksturą i harmonijnym połączeniem słodyczy i intensywnej aromatyczności , które zadowolą każdego miłośnika alkoholi o wyrazistym smaku. Sambuca Molinari to doskonały wybór na eleganckie spotkania, imprezy, a także idealny do podania po posiłku. Smak i aromat: Smak: Wyrazisty, słodki i pełny z dominującymi nutami anyżu, które przeplatają się z lekkimi akcentami ziół i korzennych przypraw Aromat: Intensywny, z wyraźnymi nutami anyżu oraz subtelnym tłem słodyczy i przypraw Finisz: Długi, gładki i przyjemnie słodki z wyczuwalnym posmakiem anyżu Idealne do: Czystej wódki – idealna do picia solo lub z kostkami lodu Koktajli – świetna baza do klasycznych włoskich drinków, takich jak Sambuca & Espresso Po posiłku – doskonała jako digestif, szczególnie po obfitym posiłku, pomagając w trawieniu Sambuca Extra Molinari No. 1 to klasyczny włoski likier , który wyróżnia się wyjątkową jakością i autentycznym smakiem anyżu. Dzięki swojej intensywności i pełnemu aromatowi stanowi doskonały wybór na każde spotkanie, a także na specjalne okazje. Dodaj do koszyka i rozkoszuj się wyjątkowym smakiem Sambuca Molinari!;79,90 zł;https://dobrewina.pl/2044-large_default/sambuca-extra-molinari-no1-05l-40.jpg;N/A;Włochy;N/A;N/A;Alkohol mocny;N/A;40%;N/A;https://dobrewina.pl/likiery/5378-sambuca-extra-molinari-no1-05l-40-8002095200022.html
5907522600761;Miodula Prezydencka oryginalna leżakowana 40% 0,5 L Box;Wina | Cena | 100,01 - 200,00 zł | Prezenty | Zestawy prezentowe | Alkohole | Likiery;Miodula Prezydencka Oryginalna Leżakowana 40% 0,5 L (Box) Polska • Likier miodowy • 40% Miodula Prezydencka to jeden z najbardziej znanych polskich trunków regionalnych – elegancki likier miodowy , tworzony według tradycyjnej receptury z górskich pszczelich miodów. Leżakuje przez wiele miesięcy w dębowych beczkach, dzięki czemu nabiera wyjątkowej harmonii, głębi i aksamitnego charakteru. W aromacie dominuje naturalny miód, wanilia i subtelne nuty korzenne. Smak jest pełny, słodko-pikantny, z wyczuwalną wanilią i delikatnym akcentem karmelu, zakończony długim, rozgrzewającym finiszem. Elegancka butelka zamknięta w drewnianym pudełku sprawia, że to doskonały wybór na prestiżowy prezent – zarówno biznesowy, jak i prywatny. Charakterystyka: Rodzaj alkoholu: likier miodowy Kraj: Polska Moc: 40% Pojemność: 0,5 L Opakowanie: ozdobny drewniany box Miodula Prezydencka – polska tradycja i elegancja zamknięte w butelce. Miodula Prezydencka Oryginalna Leżakowana 40% 0,5 L (Box) możesz kupić również w naszych sklepach stacjonarnych: Dobre Wina, Warszawa, ul. Wyczółki 46 Dobre Wina, Warszawa, ul. Mickiewicza 30 Dobre Wina, Kraków, ul. Królowej Jadwigi 146 W celu potwierdzenia dostępności - prosimy o kontakt telefoniczny lub mailowy.;169,00 zł;https://dobrewina.pl/2495-large_default/miodula-prezydencka-oryginalna-lezakowana-40-05-l-box.jpg;N/A;Polska;N/A;N/A;Alkohol mocny;N/A;40%;N/A;https://dobrewina.pl/likiery/3733-miodula-prezydencka-oryginalna-lezakowana-40-05-l-box-5907522600761.html
3012992422002;Whisky Sir Edward's 40% 0,7 L;Wina | Cena | 60,01 - 100,00 zł | Alkohole | Whisky, Whiskey, Bourbon;Sir Edward's 40% 0,7 L – klasyczny szkocki whisky blend Sir Edward's to wyrafinowana szkocka whisky typu blended , produkowana z najlepszych słodowych i zbożowych destylatów, dojrzewających w dębowych beczkach . Jej łagodny, dobrze zbalansowany smak i przyjemny aromat czynią ją doskonałym wyborem zarówno dla miłośników klasycznych whisky, jak i osób rozpoczynających swoją przygodę z tym trunkiem. Charakterystyka whisky: Kolor : Złocisty bursztyn Aromat : Delikatne nuty słodu, wanilii, miodu i karmelu z lekką dymną nutą Smak : Gładki, lekko słodowy, z nutami toffi, dębu i przypraw korzennych, z przyjemnym, ciepłym finiszem Idealne do: Sir Edward's świetnie sprawdza się jako whisky do picia solo , z lodem , a także jako baza do klasycznych koktajli, takich jak Whisky Sour czy Old Fashioned. Sposób podania: Najlepiej serwować w temperaturze pokojowej lub lekko schłodzoną, według własnych preferencji. Sir Edward's to klasyczna szkocka whisky o łagodnym profilu, idealna zarówno do degustacji, jak i do tworzenia koktajli. Doskonały wybór na każdą okazję! Sir Edward's możesz kupić również w naszych sklepach stacjonarnych: Dobre Wina, Warszawa, ul. Wyczółki 46 Dobre Wina, Warszawa, ul. Mickiewicza 30 Dobre Wina, Kraków, ul. Królowej Jadwigi 146;69,90 zł;https://dobrewina.pl/178-large_default/whisky-sir-edward-s-40-07-l.jpg;https://dobrewina.pl/1006-large_default/whisky-sir-edward-s-40-07-l.jpg;Szkocja;N/A;N/A;Alkohol mocny;N/A;N/A;N/A;https://dobrewina.pl/whisky-whiskey-bourbon/137-whisky-sir-edward-s-40-07-l-3012992422002.html
3012993059320;Wh.Sir Edward's Smoky 40% 0,7 L;Wina | Kraj | Alkohole | Whisky, Whiskey, Bourbon;Szkocka whisky typu Blended z regionu Speyside, o ciepłej, złocistej barwie, zdecydowanym i złożonym aromacie, ze słodkim akcentem wanilii wzbogaconym nutką torfu, o długim, przyjemnym zakończeniu, zestawiana z minimum 3-letnich destylatów starzonych w dębowych beczkach. Doskonała popołudniową porą: solo, z wodą lub kostkami lodu.;79,90 zł;https://dobrewina.pl/179-large_default/whsir-edward-s-smoky-40-07-l.jpg;https://dobrewina.pl/1005-large_default/whsir-edward-s-smoky-40-07-l.jpg;Szkocja;Speyside;N/A;Alkohol mocny;N/A;N/A;N/A;https://dobrewina.pl/whisky-whiskey-bourbon/138-whsir-edward-s-smoky-40-07-l-3012993059320.html
8002230000302;Aperol Barbieri Aperitif 11% 0,7 L;Wina | Cena | 60,01 - 100,00 zł | Kraj | Włochy | Alkohole | Bittersy | Aperitif;Aperol Barbieri Aperitif 11% 0,7 L – Ikona włoskiego aperitivo Aperol Barbieri to legendarny włoski aperitif , uwielbiany na całym świecie za lekki, cytrusowy smak i charakterystyczny pomarańczowy kolor . Jego receptura, opracowana w 1919 roku przez braci Barbieri, łączy w sobie gorzko-słodkie pomarańcze, rabarbar i aromatyczne zioła , tworząc niezwykle harmonijną kompozycję. Aperol to kluczowy składnik kultowego koktajlu Aperol Spritz , który idealnie sprawdza się na wiosenne i letnie spotkania. Smak i aromat: Aromaty: Słodkie pomarańcze, rabarbar, delikatne nuty ziołowe Smak: Lekko gorzki, cytrusowy, z subtelną słodyczą Finisz: Gładki, odświeżający, delikatnie korzenny Idealne do: Aperol Spritz – klasyczny przepis: 3 części Prosecco, 2 części Aperolu, 1 część wody gazowanej, lód i plasterek pomarańczy Drinków na lodzie – doskonały solo z kostkami lodu i plasterkiem cytrusów Lekkich przekąsek i tapas – świetnie komponuje się z oliwkami, serami i wędlinami Aperol Barbieri to symbol włoskiego stylu życia i radości – idealny na letnie wieczory, spotkania z przyjaciółmi i chwile relaksu. Odkryj smak prawdziwego aperitivo! Dodaj do koszyka i poczuj włoskie słońce w swoim kieliszku! Aperol Barbieri to doskonały wybór na letnie spotkania i chwile pełne włoskiej radości życia. Orzeźwiający, lekki i niezastąpiony!;79,90 zł;https://dobrewina.pl/199-large_default/aperol-barbieri-aperitif-11-07-l.jpg;https://dobrewina.pl/929-large_default/aperol-barbieri-aperitif-11-07-l.jpg;Włochy;N/A;N/A;N/A;N/A;11%;Aperitif;https://dobrewina.pl/bittersy/160-aperol-barbieri-aperitif-11-07-l-8002230000302.html
5907522606152;Likier Polowaca Ziołowa 0,5 L 30%;Wina | Kraj | Alkohole | Likiery;Polowaca Ziołowa Classic Góralska 0,5 L, 30% Polska • Likier ziołowy • 30% Polowaca Ziołowa Classic Góralska to likier, który w pełni oddaje ducha góralskich tradycji. Ma intensywnie ciemnobursztynowy kolor, a jego smak to harmonijne połączenie aromatycznych ziół, delikatnej goryczki i subtelnej słodyczy. W aromacie dominują nuty ziół górskich – mięta, melisa i tymianek – przełamane korzennymi akcentami. Smak aksamitny, słodko-ziołowy, z wyraźnym, ale przyjemnym finiszem. Dzięki mocy 30% likier jest łagodniejszy, a jednocześnie zachowuje swój wyrazisty, ziołowy charakter. Charakterystyka: Kolor: ciemnobursztynowy, mahoniowy Aromat: świeże i suszone zioła, korzenne nuty Smak: aksamitny, ziołowy, słodko-gorzki, harmonijny Dlaczego warto? Polowaca Ziołowa Classic to klasyka góralskich trunków – idealna propozycja dla miłośników likierów, którzy cenią ziołową głębię i elegancką słodycz. Doskonale sprawdzi się jako digestif, dodatek do deserów czy składnik rozgrzewającej herbaty. Spróbuj tradycji zamkniętej w butelce – Polowaca Ziołowa Classic Góralska czeka, by wzbogacić Twoje spotkania wyjątkowym smakiem. Dodaj do koszyka i odkryj jej charakter! Polowaca Ziołowa Classic Góralska możesz kupić również w naszych sklepach stacjonarnych: Dobre Wina, Warszawa, ul. Wyczółki 46 Dobre Wina, Warszawa, ul. Mickiewicza 30 Dobre Wina, Kraków, ul. Królowej Jadwigi 146 W celu potwierdzenia dostępności - prosimy o kontakt telefoniczny lub mailowy.;55,00 zł;https://dobrewina.pl/2150-large_default/likier-polowaca-ziolowa-05-l-30.jpg;N/A;Polska;N/A;N/A;Alkohol mocny;N/A;30%;N/A;https://dobrewina.pl/likiery/5471-likier-polowaca-ziolowa-05-l-30-5907522606152.html
8000040001106;Campari Bitter 25% 0,7 L;Wina | Cena | 60,01 - 100,00 zł | Kraj | Włochy | Alkohole | Bittersy | Aperitif;Campari Bitter 25% 0,7 L – Kultowy włoski aperitif o intensywnym smaku Campari Bitter to legendarna włoska ikona w świecie aperitifów , znana ze swojego głębokiego rubinowego koloru i wyjątkowej mieszanki ziół, owoców oraz aromatycznych przypraw . Jego sekretna receptura, stworzona w 1860 roku przez Gaspare Campari, pozostaje niezmienna do dziś. Dzięki wyrazistej goryczce i cytrusowym nutom Campari stanowi bazę wielu klasycznych koktajli, takich jak Negroni, Americano czy Spritz . Smak i aromat: Aromaty: Pomarańcza, grejpfrut, zioła, przyprawy korzenne Smak: Intensywny, lekko słodki z dominującą goryczką i cytrusową świeżością Finisz: Długi, ziołowo-korzenny, z delikatnym karmelowym akcentem Idealne do: Koktajli – kluczowy składnik klasyków jak Negroni, Americano, Campari Tonic Drinków na lodzie – świetnie smakuje solo z dodatkiem lodu i plasterka pomarańczy Aperitifów – doskonałe do lekkich przekąsek przed kolacją Campari Bitter to esencja włoskiego stylu życia – idealne na letnie wieczory, spotkania z przyjaciółmi i wyjątkowe chwile. Jego wyrazisty, ziołowo-cytrusowy charakter sprawia, że jest niezastąpionym składnikiem każdego domowego baru. Dodaj do koszyka i odkryj smak prawdziwego włoskiego aperitivo!;99,90 zł;https://dobrewina.pl/933-large_default/campari-bitter-25-07-l.jpg;https://dobrewina.pl/934-large_default/campari-bitter-25-07-l.jpg;Włochy;N/A;N/A;Alkohol mocny;N/A;25%;Aperitif;https://dobrewina.pl/bittersy/549-campari-bitter-25-07-l-8000040001106.html
3012993067301;Wh.Sir Edward's 12YO 40% 0,7 L;Wina | Cena | 100,01 - 200,00 zł | Alkohole | Whisky, Whiskey, Bourbon;Szkocka whisky typu Blended komponowana zarówno z destylatów jęczmiennych jak i zbożowych starzonych w dębowych beczkach przez minimum 12 lat. W zapachu świeża, z wyczuwalnymi nutami jabłek, miodu, toffi, wanilii oraz dębu. W smaku delikatna, z akcentami zbożowych ciasteczek, miodu, toffi, wanilii, palonego cukru, suszonych śliwek oraz korzennych przypraw.;129,00 zł;https://dobrewina.pl/1774-large_default/whisky-sir-edward-s-12yo-40-07-l.jpg;https://dobrewina.pl/1007-large_default/whisky-sir-edward-s-12yo-40-07-l.jpg;Szkocja;N/A;N/A;Alkohol mocny;N/A;N/A;N/A;https://dobrewina.pl/whisky-whiskey-bourbon/591-whisky-sir-edward-s-12yo-40-07-l-3012993067301.html
5907522601249;Śliwowica podbeskidzka 72% 0,5 L;Wina | Cena | 100,01 - 200,00 zł | Alkohole | Wódka | Śliwowica;Śliwowica podbeskidzka 72% 0,5 L to wyjątkowy trunek o głębokim korzeniu tradycji i niepowtarzalnym smaku. Ta regionalna polska wódka powstaje z najwyższej jakości śliwek, które nadają jej charakterystyczny aromat i intensywny smak. Dzięki zawartości alkoholu na poziomie 72%, Śliwowica podbeskidzka jest nie tylko mocna, ale także pełna wyrazu i bogactwa. To trunek, który zachwyci nawet najbardziej wymagających koneserów alkoholi. Idealnie sprawdzi się jako aperitif lub digestif, dodając elegancji i charakteru każdej okazji. Śliwowica podbeskidzka 72% 0,5 L to doskonały wybór dla tych, którzy cenią sobie autentyczność i tradycję w każdym łyku. Śliwowica to destylat śliwki o słowiańskim rodowodzie, który produkuje się w Europie Środkowo-Wschodniej oraz na Półwyspie Bałkańskim. Śliwowica Podbeskidzka powstaje wyłącznie z naturalnych, specjalnie dobranych składników, krystalicznie czystej wody i najwyższej jakości owoców. Produkowana jest według starannej, wymagającej czasu i zaangażowania tradycyjnej technologii. Destylat uzyskiwany w procesie fermentacji alkoholowej i destylacji śliw poddawany jest leżakowaniu w 225-litrowych dębowych beczkach. Śliwowicę należy degustować – pić powoli, małymi łykami, najlepiej z kieliszków degustacyjnych. Z uwagi na wysoką zawartość alkoholu można ją też spożywać w wersji łagodniejszej: zgodnie ze znanym góralskim przepisem, jako dodatek do herbaty. Dzięki starannej produkcji i dbałości o detale, ta wódka z pewnością spełni oczekiwania nawet najbardziej wymagających koneserów alkoholi. Pozwól sobie na chwilę relaksu i rozkoszuj się wyjątkowym smakiem Śliwowicy podbeskidzkiej 72% 0,5 L - prawdziwym klejnotem polskiej tradycji destylacyjnej. Smak i zapach: wytrawny, charakterystyczny dla destylatu ze śliwek.;105,00 zł;https://dobrewina.pl/1755-large_default/sliwowica-podbeskidzka-72-05-l.jpg;N/A;Polska;N/A;N/A;Alkohol mocny;N/A;72%;N/A;https://dobrewina.pl/sliwowica/3656-sliwowica-podbeskidzka-72-05-l-5907522601249.html
5907522605483;Wh. The Path Blended Scotch Whisky by John McDougall 0,7L 40%;Wina | Cena | 100,01 - 200,00 zł | Kraj | Alkohole | Whisky, Whiskey, Bourbon;Ta wspaniała Blended Scotch whisky pochodzi ze wszystkich regionów produkujących szkocką whisky, które są powszechnie znane ze swojej historii i doświadczenia w jej produkcji. The Path charakteryzuje się subtelną, jasną barwą i świeżym kwiatowym aromatem o gładkim i oleistym, ale również dobrze wyważonym, słodkim smaku. Zarówno finish, jak i after taste są długie i bardzo przyjemne. Odkryj wspaniałą podróż po szkockiej whisky, która jest zawarta w The Path. Ten produkt został stworzony we współpracy ze światowej sławy Scotch Whisky Master Distiller & Master Blender John McDougall. Barwa: Jasnożółta. Aromat: Czysty, świeży, kwiatowy, cięte kwiaty.Smak: Słodki, przyjemny, zbalansowany, gładki i oleisty, (delikatnie torfowy w tle).;119,00 zł;https://dobrewina.pl/1762-large_default/whisky-the-path-blended-scotch-whisky-by-john-mcdougall-07l-40.jpg;N/A;Szkocja;N/A;N/A;Alkohol mocny;N/A;N/A;N/A;https://dobrewina.pl/whisky-whiskey-bourbon/3658-whisky-the-path-blended-scotch-whisky-by-john-mcdougall-07l-40-5907522605483.html
5391532290225;Whiskey Lambay Irish Whiskey 0,7L 40%;Wina | Cena | 100,01 - 200,00 zł | Alkohole | Whisky, Whiskey, Bourbon;Lambay Irish Whiskey 0,7 L – Wyjątkowa irlandzka whiskey z nutą wyspiarskiego charakteru Lambay Irish Whiskey to irlandzka whiskey premium , która wyróżnia się unikalnym procesem dojrzewania w beczkach po koniaku, co nadaje jej głębokiego smaku i wyjątkowej gładkości . Jest to połączenie tradycyjnej irlandzkiej whiskey z nutami owoców, przypraw i subtelnym akcentem dębu. Dzięki swojemu zrównoważonemu charakterowi, Lambay Irish Whiskey jest idealnym wyborem dla miłośników whiskey, którzy szukają czegoś wyjątkowego i nowoczesnego. Smak i aromat: Smak: Gładki, z wyczuwalnymi nutami miodu, wanilii, przypraw i delikatnego owocowego tła Aromat: Wyraźnie kwiatowy z nutami karmelu i orzechów Finisz: Długi, z subtelną dębową nutą i lekką pikanterią Idealna do: Czystej whiskey – doskonała do picia solo lub z odrobiną wody Whiskey sour – świetna do przygotowania koktajli Koktajli whiskey – idealna do klasycznych irlandzkich drinków, takich jak Irish Coffee Lambay Irish Whiskey to whiskey o wyjątkowym charakterze , który łączy tradycję irlandzką z nowoczesnymi akcentami. Jej wyważony smak sprawia, że będzie doskonała zarówno dla początkujących, jak i doświadczonych miłośników tego szlachetnego trunku. Dodaj do koszyka i poczuj smak prawdziwej irlandzkiej whiskey!;189,00 zł;https://dobrewina.pl/1694-large_default/whiskey-lambay-irish-whiskey-07l-40.jpg;N/A;Irlandia;N/A;N/A;Alkohol mocny;N/A;40%;N/A;https://dobrewina.pl/whisky-whiskey-bourbon/3659-whiskey-lambay-irish-whiskey-07l-40-5391532290225.html
5060354267301;Wh. Scarabus Hunter Laing Islay Single Malt Scotch Whisky 0,7 L 46%;Wina | Kraj | Alkohole | Whisky, Whiskey, Bourbon;Nazwa whisky odnosi się do malutkiego regionu rolniczego na północy wyspy Islay, gdzie w latach 1817/1818 funkcjonowała destylarnia Scarabus. Hunter Laing Islay Single Malt Scotch Whisky - Scarabus zadebiutowała na rynku w 2019 roku, a jej premiera miała miejsce w nowo otwartej w kwietniu przez Hunter Laing & Co. destylarni, której mistrzem destylacji jest Jim McEwan. Whisky pochodzi z nieujawnionej destylarni położonej na wyspie Islay, butelkowana jest z zawartością 46% alkoholu. Zapach: torfowy, wanilia, miód, biały pieprz, smoła. Smak: torfowy, wytrawny, nuty białego pieprzu, jabłka, tytoniu oraz dębu.;239,00 zł;https://dobrewina.pl/1761-large_default/whisky-scarabus-hunter-laing-islay-single-malt-scotch-whisky-07-l-46.jpg;N/A;Szkocja;N/A;N/A;Alkohol mocny;N/A;46%;N/A;https://dobrewina.pl/whisky-whiskey-bourbon/3685-whisky-scarabus-hunter-laing-islay-single-malt-scotch-whisky-07-l-46-5060354267301.html
5907522600631;Brandy Minard Ch. J. French 0,7L 36%;Wina | Cena | 60,01 - 100,00 zł | Kraj | Francja | Alkohole | Brandy;Brandy Minard Ch. J. French 0,7 L 36% – Francuska elegancja w kieliszku Opis produktu: Brandy Minard Ch. J. French to klasyczna francuska brandy o wyjątkowo gładkim i harmonijnym smaku . Dojrzewająca w dębowych beczkach, zachwyca ciepłymi nutami wanilii, suszonych owoców i delikatnych przypraw , tworząc elegancką i dobrze zbalansowaną kompozycję. To doskonały wybór zarówno dla koneserów, jak i osób szukających łagodnej, ale wyrazistej brandy. Charakterystyka: Rodzaj: Brandy francuska Pochodzenie: Francja Pojemność: 0,7 L Zawartość alkoholu: 36% Smak: Aksamitny, waniliowy, z nutami suszonych owoców i delikatnych przypraw Aromat: Karmel, drewno dębowe, nuty orzechowe Opakowanie: Elegancki kartonik – idealny na prezent Sposób podania: Brandy Minard Ch. J. French najlepiej smakuje serwowana w temperaturze pokojowej w klasycznym kieliszku do brandy. Można ją także podawać z lodem, jako składnik koktajli lub w połączeniu z dobrej jakości cygarem . Doskonała na wieczorny relaks i eleganckie spotkania!;69,90 zł;https://dobrewina.pl/1748-large_default/brandy-minard-ch-j-french-07l-36.jpg;N/A;Francja;N/A;N/A;Alkohol mocny;N/A;36%;N/A;https://dobrewina.pl/brandy/3690-brandy-minard-ch-j-french-07l-36-5907522600631.html
5907522604790;Wódka Korona dojrzewająca w beczkach dębowych 40% 0,7 L;Wina | Cena | 60,01 - 100,00 zł | Alkohole | Wódka;Wódka Korona Dojrzewająca w Beczkach Dębowych 40% 0,7 L – Wyjątkowy trunek z charakterem Wódka Korona dojrzewająca w beczkach dębowych to prestiżowy polski trunek , który zaskakuje głębokim smakiem i wyjątkową gładkością. Proces dojrzewania w beczkach pochodzących z dębu nadaje wódce subtelną nutę drewna, wanilii oraz przypraw, tworząc trunek o bogatym, wyważonym smaku . Korona to idealny wybór dla osób szukających wódki, która łączy tradycyjne polskie metody produkcji z nowoczesnym, wyrafinowanym charakterem. Smak i aromat: Smak: Gładki, z wyczuwalnymi nutami dębu, wanilii oraz przypraw, z lekką nutą miodu i orzechów Aromat: Subtelny, z delikatnymi akcentami drewna i przypraw, z lekko karmelową nutą Finisz: Długi i aksamitny, z wyraźną dębową nutą Idealna do: Czystej wódki – idealna do picia solo, w temperaturze pokojowej lub lekko schłodzona Cocktaili – świetna baza do eleganckich drinków Podania do mięs i serów – doskonała do posiłków z mięsem, szczególnie grillowanym, oraz serów dojrzewających Wódka Korona dojrzewająca w beczkach dębowych to trunek wyjątkowy , który zadowoli nawet najbardziej wymagających smakoszy. Jej dębowe akcenty i głęboki smak sprawiają, że staje się doskonałym wyborem na specjalne okazje i eleganckie spotkania. Dodaj do koszyka i odkryj pełnię smaku tej wyjątkowej wódki!;89,90 zł;https://dobrewina.pl/1763-large_default/wodka-korona-dojrzewajaca-w-beczkach-debowych-40-07-l.jpg;N/A;Polska;N/A;N/A;Alkohol mocny;N/A;40%;N/A;https://dobrewina.pl/wodka/3734-wodka-korona-dojrzewajaca-w-beczkach-debowych-40-07-l-5907522604790.html
5907522604967;Nalewka Polowaca Żurawinówka Góralska 0,5L 32%;Wina | Kraj | Alkohole | Likiery;Polowaca Żurawinówka Góralska 0,5 L, 32% Polska • Nalewka owocowa • 32% Polowaca Żurawinówka Góralska to tradycyjna nalewka przygotowana według góralskich receptur. Rubinowa barwa i głęboki aromat świeżej żurawiny od razu przenoszą w klimat leśnych zbiorów i domowych nalewek podawanych w gronie najbliższych. W smaku doskonale wyważona – naturalna cierpkość żurawiny spotyka się z delikatną słodyczą, tworząc pełny, harmonijny profil. Finisz owocowy, lekko wytrawny, długo pozostaje na podniebieniu. Charakterystyka: Kolor: rubinowy, głęboki Aromat: świeża żurawina, owoce leśne Smak: słodko-kwaśny, pełny, z długim finiszem Dlaczego warto? Nalewka ta jest kwintesencją polskiej tradycji – świetna do degustacji w małym kieliszku, jako dodatek do deserów czy w towarzystwie serów i mięs. Jej naturalny charakter sprawia, że sprawdzi się również jako rozgrzewający akcent w chłodne wieczory. Polowaca Żurawinówka Góralska – klasyczna nalewka z nutą tradycji i owocowej świeżości. Dodaj do koszyka i poznaj smak, który od lat towarzyszy góralskim biesiadom. Polowaca Żurawinówka Góralska możesz kupić również w naszych sklepach stacjonarnych: Dobre Wina, Warszawa, ul. Wyczółki 46 Dobre Wina, Warszawa, ul. Mickiewicza 30 Dobre Wina, Kraków, ul. Królowej Jadwigi 146 W celu potwierdzenia dostępności - prosimy o kontakt telefoniczny lub mailowy.;59,90 zł;https://dobrewina.pl/2092-large_default/nalewka-polowaca-zurawinowka-goralska-05l-32.jpg;N/A;Polska;N/A;N/A;Alkohol mocny;N/A;32%;N/A;https://dobrewina.pl/likiery/5428-nalewka-polowaca-zurawinowka-goralska-05l-32-5907522604967.html
5907522605292;Wh. Wild Fields Original Single Malt Polsh Whisky 46,5% 0,7 L;Wina | Cena | powyżej 200 zł | Kraj | Alkohole | Whisky, Whiskey, Bourbon;„Dzikie Pola” (Wild Fields) - przywołują na myśl sienkiewiczowskie powieści pisane „ku pokrzepieniu serc”. Owa historyczna kraina, porośnięta gęstymi trawami i pachnąca złocistym zbożem, pamięta niejedną bitwę walecznych oddziałów Rzeczpospolitej Obojga Narodów. Widoczny na etykiecie orzeł nawiązuje do wyjątkowej postaci „czwartego wieszcza” – Stanisława Wyspiańskiego i jego rysunków.Kłosy zerwanego zboża „zerwano” z herbu Jaworza. To najstarsza miejscowość na Śląsku Cieszyńskim.Te jakże bogate tradycje i wszystko, co się z nimi wiąże, łączy w jedno Whisky Wild Fields. Wild Fields Original Single Malt Polish Whisky wytworzona wyłącznie z polskiego słodowanego jęczmienia. Destylowana w małej partii, w jednej destylarni. Dojrzewająca minimum trzy lata w nowych, średnio wypalanych, 225 litrowych beczkach z polskiego dębu. Niefiltrowana na zimno oraz niedobarwiana w pełni zachowała smak i kolor z beczki. Bardzo rzadka i oryginalna Single Malt Polish Whisky. Powstała we współpracy ze światowej sławy Scotch Whisky Master Distiller & Master Blender John McDougall Zapach: Złożony, wielozbożowy, delikatnie świeży, przyjemny poziom oleistości. Smak: Delikatnie wytrawny, gorzki/słodki, duża pełnia, wyraźny wpływ pszenicy.;199,00 zł;https://dobrewina.pl/1764-large_default/whisky-wild-fields-original-single-malt-polsh-whisky-465-07-l.jpg;N/A;Polska;N/A;N/A;Alkohol mocny;N/A;46,5%;N/A;https://dobrewina.pl/whisky-whiskey-bourbon/3735-whisky-wild-fields-original-single-malt-polsh-whisky-465-07-l-5907522605292.html
40341002;Underberg on-trade 44% 0,02 L;Wina | Cena | 5,00 - 25,00 zł | Alkohole | Bittersy | Aperitif;Historia Underberga sięga 1846 roku, kiedy to jego twórca Hubert Underberg wprowadził go do sprzedaży. Dzięki nadzwyczajnemu działaniu trawiennemu Underberg zdobył uznanie w wielu krajach oraz został doceniony licznymi nagrodami i medalami. Do jego produkcji wykorzystuje się najbardziej aromatyczne zioła pochodzące z 43 krajów oraz 44% alkohol, co sprawia, że Underberg to perfekcyjny, naturalny digestif wspomagający trawienie po obfitym posiłku oraz likwiduje skutki niestrawności i zatruć pokarmowych. Długotrwały i skomplikowany proces produkcji jest objęty ścisłą tajemnicą przekazywaną z pokolenia na pokolenie. Zawiera naturalnie występujące antyoksydanty, białka i cukry oraz witaminę B1. Underberg ma dwie charakterystyczne cechy: swoje wyjątkowo kojące działanie i buteleczkę o pojemności 20ml zawiniętą w pergaminową owijkę. Smak i zapach: wytrawny, ziołowy.;9,00 zł;https://dobrewina.pl/1759-large_default/underberg-on-trade-44-002-l.jpg;N/A;Niemcy;N/A;N/A;Alkohol mocny;N/A;44%;N/A;https://dobrewina.pl/bittersy/3739-underberg-on-trade-44-002-l-40341002.html
40558011;Goldwasser original Danziger 40% 0,5 L;Wina | Cena | 100,01 - 200,00 zł | Kraj | Alkohole | Likiery;Goldwasser Original Danziger 0,5 L 40% Niemcy • Likier premium • 40% Goldwasser Original Danziger to legendarny likier korzenny o ponad 400-letniej tradycji, związany z dawnym Gdańskiem, a dziś produkowany w Niemczech. Jego znakiem rozpoznawczym są unoszące się w butelce płatki 22-karatowego złota, które podkreślają wyjątkowy charakter trunku. W aromacie dominują nuty korzenne, cynamon, anyż i wanilia. Smak jest pełny, gładki i harmonijnie słodko-pikantny, z długim, rozgrzewającym finiszem. To likier, który łączy w sobie luksus, tradycję i elegancję. Dlaczego warto? Goldwasser to nie tylko alkohol, ale także część europejskiej historii i symbol wyjątkowych chwil. Idealny jako digestif, efektowny prezent lub prestiżowy akcent podczas spotkań. Goldwasser – złoto w kieliszku i smak tradycji, który przetrwał wieki.;99,90 zł;https://dobrewina.pl/1752-large_default/goldwasser-original-danziger-40-05-l.jpg;N/A;Niemcy;N/A;N/A;Alkohol mocny;N/A;40%;N/A;https://dobrewina.pl/likiery/3740-goldwasser-original-danziger-40-05-l-40558011.html
7501054852506;Tequila Sombrero Negro Silver 38% 0,7 L;Wina | Cena | 60,01 - 100,00 zł | Alkohole | Rum, Tequila;Tequila Sombrero Negro Silver 38% 0,7 L – Autentyczna meksykańska tequila Tequila Sombrero Negro Silver to klasyczna, wysokiej jakości tequila , produkowana w Meksyku z destylatu błękitnej agawy . Jest to wersja Silver (Blanco) , co oznacza, że nie jest starzona w beczkach, dzięki czemu zachowuje czysty, świeży i intensywnie agawowy charakter . To idealny wybór zarówno do koktajli, jak i do picia w tradycyjny sposób – z solą i limonką. Smak i aromat: Aromaty: Świeża agawa, cytrusy, lekka pieprzność Smak: Czysty, wyrazisty, z nutami pieprzu i limonki Finisz: Gładki, lekko pikantny, odświeżający Idealna do: Koktajli – doskonała do Margarity, Tequila Sunrise czy Palomy Tradycyjnej degustacji – z solą i limonką Shotów i miksów – świetna z sokiem pomarańczowym, ananasowym lub tonikiem Tequila Sombrero Negro Silver to prawdziwa meksykańska klasyka , która zachwyca autentycznym smakiem i wszechstronnością . Idealna na imprezy, spotkania z przyjaciółmi i wyjątkowe okazje. Dodaj do koszyka i poczuj klimat Meksyku!;95,00 zł;https://dobrewina.pl/1758-large_default/tequila-sombrero-negro-silver-38-07-l.jpg;N/A;Meksyk;N/A;N/A;Alkohol mocny;N/A;38%;N/A;https://dobrewina.pl/rum-tequila/3741-tequila-sombrero-negro-silver-38-07-l-7501054852506.html
80512950;Grappa Pircher Superiore Original 38% 0,5 L;Wina | Cena | 60,01 - 100,00 zł | Kraj | Włochy | Alkohole | Grappa;"Grappa Pircher Superiore Original 38% 0,5 L – Tradycyjna włoska elegancja Grappa Pircher Superiore Original to wysokiej jakości włoski destylat , produkowany według tradycyjnych metod w sercu włoskiego Tyrolu. Powstaje z wyselekcjonowanych wytłoków winogron , które po destylacji nabierają głębi smaku i aromatu. Delikatna, ale jednocześnie wyrazista, zachwyca harmonijnym połączeniem owocowych i kwiatowych nut z subtelną nutą przypraw . Smak i aromat: Aromaty: Dojrzałe winogrona, kwiaty, delikatne nuty miodowe Smak: Gładki, ciepły, owocowy z subtelnymi akcentami migdałów i wanilii Finisz: Długi, lekko pikantny, elegancko rozgrzewający Idealna do: Po posiłku – doskonała jako digestif po obfitym obiedzie Do deserów – świetnie komponuje się z gorzką czekoladą i migdałowymi wypiekami Z espresso – klasyczne włoskie połączenie znane jako ""caffè corretto"" Grappa Pircher Superiore Original to idealny wybór dla miłośników włoskich tradycji , którzy cenią sobie autentyczny smak i najwyższą jakość . Doskonała zarówno do degustacji, jak i na wyjątkowy prezent. Dodaj do koszyka i odkryj smak włoskiego rzemiosła!";79,90 zł;https://dobrewina.pl/1747-large_default/grappa-pircher-superiore-original-38-05-l.jpg;N/A;Włochy;N/A;N/A;Alkohol mocny;N/A;38%;N/A;https://dobrewina.pl/grappa/3742-grappa-pircher-superiore-original-38-05-l-80512950.html
5907522605469;Rum Casa Hamaca Ron del Caribbean Negro 37,5% 0,7 L;Wina | Cena | 40,01 - 60,00 zł | Alkohole | Rum, Tequila;Rum Casa Hamaca Ron del Caribbean Negro 37,5% 0,7 L – Esencja karaibskiego smaku Casa Hamaca Ron del Caribbean Negro to wyrazisty, ciemny rum , inspirowany tradycjami destylacji w sercu Karaibów. Jego bogaty profil smakowy to efekt starzenia w dębowych beczkach , które nadają mu głębi i aksamitnej gładkości. To doskonały wybór zarówno do klasycznych koktajli rumowych , jak i do degustacji w czystej postaci. Smak i aromat: Aromaty: Karmel, wanilia, dojrzałe banany, lekka dębowa nuta Smak: Gładki, lekko słodki, z nutami przypraw, kakao i karmelu Finisz: Ciepły, delikatnie dębowy, przyjemnie rozgrzewający Idealny do: Koktajli – doskonały do Cuba Libre, Daiquiri i Dark & Stormy Na lodzie – świetny solo z kostkami lodu Do deserów i cygar – idealny dodatek do gorzkiej czekolady i eleganckich wieczorów Casa Hamaca Ron del Caribbean Negro to pełen charakteru rum , który przeniesie Cię na egzotyczne plaże Karaibów. Doskonały wybór na wieczory w gronie przyjaciół i niezapomniane chwile relaksu. Dodaj do koszyka i poczuj smak tropików! Casa Hamaca Ron del Caribbean Negro 37,5% 0,7 L możesz kupić również w naszych sklepach stacjonarnych: Dobre Wina, Warszawa, ul. Wyczółki 46 Dobre Wina, Warszawa, ul. Mickiewicza 30 Dobre Wina, Kraków, ul. Królowej Jadwigi 146;64,00 zł;https://dobrewina.pl/1749-large_default/rum-casa-hamaca-ron-del-caribbean-negro-375-07-l.jpg;N/A;Karaiby;N/A;N/A;Alkohol mocny;N/A;37,5%;N/A;https://dobrewina.pl/rum-tequila/3743-rum-casa-hamaca-ron-del-caribbean-negro-375-07-l-5907522605469.html
5907522603502;Nalewka Żurawinowa Potok Wysoki 26% 0,5 L;Wina | Cena | 40,01 - 60,00 zł | Alkohole | Nalewki;Nalewki , zwane niegdyś kordiałami, to wyciągi alkoholowe z owoców, kwiatów, korzeni lub ziół, które trafiły do Polski prawdopodobnie z królem Henrykiem Walezym. W każdym magnackim, szlacheckim, czy mieszczańskim domu stawiano na nalewki, a przepisy na nie były pilnie strzeżone i przekazywane z pokolenia na pokolenie. Nalewki Potok Wysoki wytwarzane w sposób tradycyjny cieszą się dużą popularnością ze względu na ich walory smakowe i prozdrowotne działanie. Unikatowa receptura oparta na maceracja owoców, zestawieniu wyłącznie naturalnych składników oraz dojrzewanie nalewki stanowi sekret ich niepowtarzalnego charakteru. Owoce żurawiny cenione są zarówno za dobroczynne oddziaływanie dla zdrowia jak i oryginalny smak i zapach. Potok Wysoki Prawdziwe Nalewki Żurawinowa wyróżnia się niezwykle intensywną barwą charakterystyczną dla owoców żurawiny. Wyjątkowy bukiet oraz pełnię aromatu osiąga podczas procesu maceracji oraz długiego leżakowania. Smak i zapach: słodki, żurawinowy. Produkt naturalny – może wystąpić osad, partie produkcyjne mogą różnić się kolorystycznie.;55,00 zł;https://dobrewina.pl/1754-large_default/nalewka-zurawinowa-potok-wysoki-26-05-l.jpg;N/A;Polska;N/A;N/A;Alkohol mocny;N/A;26%;N/A;https://dobrewina.pl/nalewki/3744-nalewka-zurawinowa-potok-wysoki-26-05-l-5907522603502.html
8009375052005;Bombardino Pircher 17% 0,7L;Wina | Kraj | Alkohole | Likiery;"Likier Bombardino nie tylko dla narciarzy! „Ars distillandi aurum potabile"" – ""sztuka destylowania pitnego złota ” - tym mianem określano w Średniowieczu szczególnie udane destylaty. W swojej długiej, sięgającej początków XIII wieku tradycji, wywodząca swe korzenie z działalności klasztornej destylarnia Pircher pozostała wierna temu powiedzeniu. Bombardino to włoski napój alkoholowy, który jest najbardziej popularny wśród narciarzy szusujących w Alpach. Pircher Bombardino to likier jajeczny z whisky i rumem. Nasza propozycja podania: Podgrzać likier Bombardino i podać w szklance, udekorować dużą porcją bitej śmietany. Smak i zapach: słodki, kremowy. Bombardino to nie lada gratka dla miłośników dobrych likierów, niezależnie od zamiłowania do narciarstwa ;) Gdzie kupić ten włoski likier? W naszym sklepie Dobre Wina możesz zamówić go w bardzo atrakcyjnej cenie!";79,90 zł;https://dobrewina.pl/1859-large_default/bombardino-pircher-17-07l.jpg;N/A;Włochy;N/A;N/A;N/A;N/A;17%;N/A;https://dobrewina.pl/likiery/5202-bombardino-pircher-17-07l-8009375052005.html
5907522605285;Bimber Lis Gruszkowy Na Przelaczy 40% 0,5 L;Wina | Kraj | Alkohole | Wódka;Przelacz jest bardzo klimatycznym miejscem w Beskidzie Śląskim. Powstała ona poprzez zniekształcenie Przełęczy przez austriackich kartografów. Wśród mieszkańców górskich terenów Wisły Beskidu Śląskiego, PRZELACZ oznacza przełęcz pomiędzy dwoma sąsiednimi szczytami. Obszar ten cechuje niezwykła cisza i spokój. Stałymi mieszkańcami beskidzkich lasów są lisy, ze względu na umaszczenie futra, zwane również lisami rudymi. Na Przelaczy Bimber Lis gruszkowy 40 % vol. to wódka smakowa nawiązująca do tego pięknego miejsca jakim jest Przelacz, oddająca prawdziwy charakter tradycyjnego polskiego bimbru. Charakteryzuje się zbalansowanym, delikatnie słodkim smakiem i aromatem, z wyraźną nutą dojrzałych gruszek. Produkt wytwarzany z naturalnych składników. Podawać schłodzony.;79,90 zł;https://dobrewina.pl/1854-large_default/bimber-lis-gruszkowy-na-przelaczy-40-05-l.jpg;N/A;Polska;N/A;N/A;N/A;N/A;N/A;N/A;https://dobrewina.pl/wodka/5207-bimber-lis-gruszkowy-na-przelaczy-40-05-l-5907522605285.html
5907522606145;Gin Miodula Premium Distilled 40% 0,5L;Wina | Kraj | Alkohole | Gin;Gin Miodula Premium Distilled 40% 0,5 L – Gin o wyjątkowym charakterze Opis produktu: Gin Miodula Premium Distilled to wyjątkowy polski gin rzemieślniczy, który łączy tradycyjne smaki jałowca z delikatnym akcentem miodu i starannie dobranych ziół. Destylowany w małych partiach, zachwyca głębokim, aksamitnym smakiem oraz subtelną słodyczą, która nadaje mu niepowtarzalny charakter. Charakterystyka: Rodzaj: Gin premium Pochodzenie: Polska Pojemność: 0,5 L Zawartość alkoholu: 40% Smak: Jałowiec, miód, cytrusy i aromatyczne zioła Aromat: Delikatnie miodowy z nutami jałowca i przypraw Sposób podania: Gin Miodula doskonale komponuje się z tonikiem, lodem i plastrem cytryny lub pomarańczy . Można go również degustować solo, aby w pełni docenić jego unikalny profil smakowy. Wyjątkowa kompozycja smaków – idealna dla koneserów i miłośników nietuzinkowych ginów!;89,90 zł;https://dobrewina.pl/1856-large_default/gin-miodula-premium-distilled-40-05l.jpg;N/A;Polska;N/A;N/A;N/A;N/A;N/A;N/A;https://dobrewina.pl/gin/5212-gin-miodula-premium-distilled-40-05l-5907522606145.html
5907522600914;Śliwowica Podbeskidzka 0,7 L 50%;Wina | Kraj | Alkohole | Wódka | Śliwowica;Śliwowica to destylat śliwki o słowiańskim rodowodzie, który produkuje się w Europie Środkowo-Wschodniej oraz na Półwyspie Bałkańskim. Śliwowica Podbeskidzka powstaje wyłącznie z naturalnych, specjalnie dobranych składników, krystalicznie czystej wody i najwyższej jakości owoców. Produkowana jest według starannej, wymagającej czasu i zaangażowania tradycyjnej technologii. Destylat uzyskiwany w procesie fermentacji alkoholowej i destylacji śliw poddawany jest leżakowaniu w 225-litrowych dębowych beczkach. Śliwowicę należy degustować – pić powoli, małymi łykami, najlepiej z kieliszków degustacyjnych. Z uwagi na wysoką zawartość alkoholu można ją też spożywać w wersji łagodniejszej: zgodnie ze znanym góralskim przepisem, jako dodatek do herbaty. Smak i zapach: wytrawny, charakterystyczny dla destylatu ze śliwek.;129,00 zł;https://dobrewina.pl/2098-large_default/sliwowica-podbeskidzka-50-07-l.jpg;N/A;Polska;N/A;N/A;Alkohol mocny;N/A;50%;N/A;https://dobrewina.pl/sliwowica/5429-sliwowica-podbeskidzka-50-07-l-5907522600914.html
5907522605247;Polowaca Śliwowica Góralska 0,5 L 50%;Wina | Kraj | Alkohole | Wódka | Śliwowica;Polowaca Śliwowica Góralska wytwarzana jest z najwyższej jakości destylatu śliwkowego i krystalicznie czystej wody. Głębię smaku i aromatu zawdzięcza dojrzewaniu w beczkach z polskiego dębu. Produkt podawać schłodzony. Zastosowany na etykiecie ornament parzenicy oraz trombity podkreśla góralski charakter trunku.;76,00 zł;https://dobrewina.pl/2038-large_default/polowaca-sliwowica-goralska-05l-50.jpg;N/A;Polska;N/A;N/A;Alkohol mocny;N/A;50%;N/A;https://dobrewina.pl/sliwowica/5377-polowaca-sliwowica-goralska-05l-50-5907522605247.html
8003979002626;Pesto genovese 180 gram;Promocje | Delikatesy | Pesto;Pesto genovese „Monti” jest przygotowywane wyłącznie z użyciem włoskiej bazylii (36%). Delikatny zapach bazylii łączy się z mocną nutą doskonałego włoskiego sera: Pecorino. W ten sposób wszystkie składniki łączą się, tworząc przepis o gęstszej konsystencji: idealny zarówno do pierwszych dań, jak również do sosów.;11,00 zł;https://dobrewina.pl/2363-large_default/pesto-genovese-180g.jpg;N/A;Włochy;N/A;N/A;N/A;N/A;N/A;N/A;https://dobrewina.pl/pesto/5617-pesto-genovese-180g-8003979002626.html
80g;Migdał w czekoladzie mlecznej rożek 80g;Promocje | Wyprzedaż | Delikatesy | Słodycze;Co może być wyjątkowego w migdałach w czekoladzie ? A uwierzcie nam, że wiele. Rdzeń to serce, a serce powinno być zdrowe, silne, ale też zadbane przez tych którymi się otacza. Dlatego my proponujemy Wam najwyższej jakości migdała otulonego najwyższej jakości białą belgijską czekoladą.;5,00 zł;https://dobrewina.pl/1996-large_default/migdal-w-czekoladzie-mlecznej-rozek-80g.jpg;N/A;Polska;N/A;N/A;N/A;N/A;N/A;N/A;https://dobrewina.pl/slodycze/5316-migdal-w-czekoladzie-mlecznej-rozek-80g.html
70g;Migdały prażone w karmelu 70g;Promocje | Wyprzedaż | Delikatesy | Inne specjały | Słodycze;Chrupiący, lekko słodki w złotej otoczce karmelowej.;5,00 zł;https://dobrewina.pl/2107-large_default/migdaly-prazone-w-karmelu-70g.jpg;N/A;Polska;N/A;N/A;N/A;N/A;N/A;N/A;https://dobrewina.pl/inne-specjaly/5436-migdaly-prazone-w-karmelu-70g.html
3330720650108;Pasztet z borowikami 220G;Delikatesy | Pasztety;Bogaty, rustykalny pasztet z Francji. Robiony jak za dawnych lat z dużymi kawałkami mięsa. Ten przepis kompozycja różnych mięs i grzybów. Nadaje mu to głębi i zróżnicowania smaku. Idealne na grzanki i słone przystawki. Z racji braku stabilizatorów tłuszcz może się rozwarstwić. Składniki: Podgardle i mięso wieprzowe, mięso z kaczki, wywar z drobiu (woda, korpusy drobiowe, cebula, sól, pieprz), cebula, wątroba wieprzowa, prawdzwiwki 3,5% (suszone prawdziwki, woda), karmel (cukier, woda), sól, czosnek, żelatyna wieprzowa, rum (rum, sół, aromat), pieprz. Przechowywać w miejscu chłodnym i suchym. Najlepiej spożyć przed konćem daty drukowanej na opakowaniu. Po otwarciu przechowywać w warunkach chłodniczych nie dłużej niż 2 dni. Waga netto 220g. Pochodzenie Francja. Wartość odżywcza w 100g produktu: Wartość energetyczna 947kJ/ 228kcal. Tłuszcz 19g - w tym kwasy tłuszczowe nasycone 9,2g. Węglowodany 2,5g - w tym cukry 0,8g. Białko 13g. Sól 1,9g.;24,00 zł;https://dobrewina.pl/187-large_default/pasztet-z-borowikami-220g.jpg;https://dobrewina.pl/838-large_default/pasztet-z-borowikami-220g.jpg;Francja;Lot-et-Garonne;N/A;N/A;N/A;N/A;N/A;https://dobrewina.pl/pasztety/149-pasztet-z-borowikami-220g-3330720650108.html
3330720650085;Pasztet wiejski 220G;Delikatesy | Pasztety;Konkretny, rustykalny pasztet z Francji. Robiony jak za dawnych lat z dużymi kawałkami mięsa. Ten przepis oparty jest o mięso wieprzowe, które nadaje mu wyrazistości względem swoich kolegów. Idealne na grzanki i słone przystawki. Z racji braku stabilizatorów tłuszcz może się rozwarstwić. Składniki: Mięso wieprzowe, wątroba wieprzowa, podgardle wieprzowe, szalotka, wywar drobiowy (woda, korpusy drobiowe, cebula, sól, pieprz),  jaja całe, mąka pszenna, sól, czosnek, rum (rum, sól, aromat), pieprz, żelatyna wieprzowa. Przechowywać w miejscu chłodnym i suchym. Najlepiej spożyć przed końcem daty drukowanej na opakowaniu. Po otwarciu przechowywać w warunkach chłodniczych nie dłużej niż 2 dni. Waga netto 220g. Pochodzenie Francja. Wartość odżywcza w 100g produktu: Wartość energetyczna 1021kJ/ 246kcal. Tłuszcz 21g - w tym kwasy tłuszczowe nasycone 9,3g. Węglowodany 0,5g - w tym cukry <0,5g. Białko 12g. Sól 1,5g.;18,00 zł;https://dobrewina.pl/193-large_default/pasztet-wiejski-220g.jpg;https://dobrewina.pl/840-large_default/pasztet-wiejski-220g.jpg;Francja;Lot-et-Garonne;N/A;N/A;N/A;N/A;N/A;https://dobrewina.pl/pasztety/155-pasztet-wiejski-220g-3330720650085.html
8411968300286;Kapary Karina 220 g;Delikatesy | Inne specjały;Kapary Karina 220 g – Wyjątkowy smak do Twoich dań Kapary Karina to naturalne, soczyste pąki kaparów w delikatnej zalewie, które będą doskonałym dodatkiem do wielu potraw. Idealne do sałatek, past, mięs , a także jako akcent smakowy w daniach kuchni śródziemnomorskiej. Dzięki swojej intensywnej, lekko słonej i pikantnej nucie, kapary Karina stanowią świetny sposób na podkręcenie smaku wielu dań. Idealne do: Pizzy – klasyczny składnik pizzy w stylu włoskim Sałatek – doskonałe do sałatki greckiej czy sałatki z tuńczykiem Makaronów – świetne do makaronów z sosem pomidorowym lub oliwą Mięs – świetnie komponują się z daniami mięsnymi, szczególnie z jagnięciną Kapary Karina to wysokiej jakości produkt , który wnosi do Twojej kuchni autentyczny, śródziemnomorski smak . Dzięki wyjątkowej zalewie, kapary pozostają świeże i aromatyczne przez długi czas. Dodaj do koszyka i wzbogacaj swoje dania o wyjątkowy smak kaparów! Składniki: Kapary, woda, ocet winny, sól, przeciwutleniacz: kwas cytrynowy. Przechowywać w miejscu chłodnym i suchym. Najlepiej spożyć przed końcem daty drukowanej na opakowaniu. Po otwarciu przechowywać w warunkach chłodniczych nie dłużej niż 4 dni. Waga netto 350g, po odsączeniu 220g. Wyprodukowano w Hiszpanii. Wartość odżywcza w 100g produktu: Wartość energetyczna 111kJ/ 27kcal. Tłuszcz 0,5g - w tym kwasy tłuszczowe nasycone 0,3g, węglowodany 4,8g - w tym cukry 1,2g, błonnik 1,6g, białko 1,5g, sól 5,7g.;9,90 zł;https://dobrewina.pl/362-large_default/kapary-karina-220-g.jpg;https://dobrewina.pl/805-large_default/kapary-karina-220-g.jpg;Hiszpania;Andaluzja;N/A;N/A;N/A;N/A;N/A;https://dobrewina.pl/inne-specjaly/324-kapary-karina-220-g-8411968300286.html
8411968114302;Oliwki nadziewane pastą z anchois 221/260 120g;Delikatesy | Oliwki;Stworzone z najpopularniejszej w Polsce odmiany oliwek Manzanilla . Nadzienie z anchois dodaje im głębi i bogactwa smaku. Idealna przystawka na każdy stół. Składniki: Zielone oliwki Manzanilla bez pestek, anchois 6% (anchois, emulgator: alginian sodu), woda, sól, wzmacniacz smaku: glutaminian sodu, guanylan disodowy, inozynian disodowy, konserwant: sorbinian potasu, kwas mlekowy, przeciwutleniacz: kwas cytrynowy, kwas askorbinowy. Przechowywać w miejscu chłodnym i suchym. Najlepiej spożyć przed końcem daty drukowanej na opakowaniu. Po otwarciu przechowywać w warunkach chłodniczych nie dłużej niż 4 dni. Waga netto 295g, po odsączeniu 120g. Wyprodukowano w Hiszpanii. Wartość odżywcza w 100g produktu: Wartość energetyczna 544kJ/ 130kcal. Tłuszcz 13,6g - w tym kwasy tłuszczowe nasycone 2,8g, błonnik 4,4g, węglowodany 3g - w tym cukry 0,5g, białko 1,1g, sól 2,1g.;7,00 zł;https://dobrewina.pl/641-large_default/oliwki-nadziewane-pasta-z-anchois-221260-120g.jpg;https://dobrewina.pl/828-large_default/oliwki-nadziewane-pasta-z-anchois-221260-120g.jpg;Hiszpania;Andaluzja;N/A;N/A;N/A;N/A;N/A;https://dobrewina.pl/oliwki/624-oliwki-nadziewane-pasta-z-anchois-221260-120g-8411968114302.html
3330720520036;Konfitura z cebuli Lucien Georgelin 150 g;Delikatesy | Konfitury;Konfitura z cebuli Lucien Georgelin 150 g – Delikatna słodycz cebuli z nutą wyrafinowania Konfitura z cebuli Lucien Georgelin to wyjątkowa, francuska delicja , która łączy w sobie słodycz cebuli i subtelną ostrość przypraw , tworząc wyjątkowy smak idealny do serów, mięs czy kanapek. Dzięki starannie dobranym składnikom i tradycyjnej metodzie przygotowania, ta konfitura z cebuli jest doskonałym wyborem dla osób poszukujących wyrafinowanych smaków i kulinarnych inspiracji . Cechy produktu: Rodzaj: Konfitura z cebuli Pojemność: 150 g Producent: Lucien Georgelin – francuska marka znana z wysokiej jakości produktów regionalnych Składniki: Cebula, cukier, ocet winny, przyprawy Brak konserwantów – naturalny sposób produkcji Idealna do: Serów – szczególnie do twardych serów, takich jak cheddar czy brie Mięs – świetna do pieczonych mięs, zwłaszcza wieprzowiny i wołowiny Kanapek – doskonała do chleba, bagietek, tortilli i grillowanych kanapek Wędlin – idealna jako dodatek do wędzonych szynek i kiełbas Konfitura z cebuli Lucien Georgelin to słodko-pikantny smak , który wzbogaci Twoje kulinarne doświadczenia i doda elegancji każdemu posiłkowi. Dodaj do koszyka i odkryj niezrównany smak tej francuskiej konfitury! Składniki: Cebula 65%, cukier, karmel (cukier, woda), ocet z wina czerwonego, wino białe, ocet spirytusowy, środek żelujący: pektyna, sól, pieprz. Przechowywać w miejscu chłodnym i suchym. Najlepiej spożyć przed końcem daty drukowanej na opakowaniu. Po otwarciu przechowywać w warunkach chłodniczych nie dłużej niż 14 dni. Waga netto 150g. Pochodzenie Francja. Wartość odżywcza w 100g produktu: Wartość energetyczna 624kJ/ 147kcal. Tłuszcz <0,5g - w tym kwasy tłuszczowe nasycone <0,1g. Węglowodany 34g - w tym cukry 32g. Białko 0,9g. Sól 0,56g.;13,00 zł;https://dobrewina.pl/249-large_default/konfitura-z-cebuli-lucien-georgelin-150-g.jpg;https://dobrewina.pl/807-large_default/konfitura-z-cebuli-lucien-georgelin-150-g.jpg;Francja;Lot-et-Garonne;N/A;N/A;N/A;N/A;N/A;https://dobrewina.pl/konfitury/214-konfitura-z-cebuli-lucien-georgelin-150-g-3330720520036.html
3330720292049;Konfitura figi 150G;Delikatesy | Konfitury;Pyszna konfitura przygotowana w kotłach według tradycyjnego przepisu rodziny Lucien Georgelin . Od dziesięcioleci przygotowywany w duchu “domowej kuchni”, która pokazuje najlepsze cechy rodzinnych technik oraz lokalnej ziemi. Esencja smaku fig wyprodukowana z wysoką zawartością wyselekcjonowanych owoców. Przypadnie do gustu każdemu miłośnikowi. Świetny do śniadania na chrupiących grzankach lub do wykorzystania w swoich ulubionych przepisów na ciasto. Składniki: Figi 65%, cukier trzcinowy, ocet z wina czerwonego, środek żelujący: pektyna, sok z cytryny, sól, pieprz. Przechowywać w miejscu chłodnym i suchym. Najlepiej spożyć przed końcem daty drukowanej na opakowaniu. Po otwarciu przechowywać w warunkach chłodniczych nie dłużej niż 14 dni. Waga netto 150g. Pochodzenie Francja. Wartość odżywcza w 100g produktu: Wartość energetyczna 967kJ/ 228kcal. Tłuszcz <0,5g - w tym kwasy tłuszczowe nasycone <0,1g. Węglowodany 54g - w tym cukry 52g. Białko 1g. Sól 0,27g.;13,00 zł;https://dobrewina.pl/250-large_default/konfitura-z-fig-150g.jpg;https://dobrewina.pl/809-large_default/konfitura-z-fig-150g.jpg;Francja;Lot-et-Garonne;N/A;N/A;N/A;N/A;N/A;https://dobrewina.pl/konfitury/215-konfitura-z-fig-150g-3330720292049.html
3330720520074;Konfitura z czarnych czereśni 155 gram;Delikatesy | Konfitury;Pyszna konfitura przygotowana w kotłach według tradycyjnego przepisu rodziny Lucien Georgelin. Od dziesięcioleci przygotowywany w duchu “domowej kuchni”, która pokazuje najlepsze cechy rodzinnych technik oraz lokalnej ziemi. Esencja smaku fig wyprodukowana z wysoką zawartością wyselekcjonowanych owoców. Przypadnie do gustu każdemu miłośnikowi. Świetny do śniadania na chrupiących grzankach lub do wykorzystania w swoich ulubionych przepisów na ciasto. Składniki: Wiśnia czarna 65%, cukier, środek żelujący: pektyna. Przechowywać w miejscu chłodnym i suchym. Najlepiej spożyć przed końcem daty drukowanej na opakowaniu. Po otwarciu przechowywać w warunkach chłodniczych nie dłużej niż 14 dni. Waga netto 320g. Pochodzenie Francja. Wartość odżywcza w 100g produktu: Wartość energetyczna 854kJ/201kcal. Tłuszcz <0,5g - w tym kwasy tłuszczowe nasycone <0,1g. Węglowodany 48g - w tym cukry 47g. Białko 0,9g. Sól 0,05g.;14,00 zł;https://dobrewina.pl/509-large_default/konfitura-z-czarnych-czeresni-155-gram.jpg;https://dobrewina.pl/808-large_default/konfitura-z-czarnych-czeresni-155-gram.jpg;Francja;Lot-et-Garonne;N/A;N/A;N/A;N/A;N/A;https://dobrewina.pl/konfitury/491-konfitura-z-czarnych-czeresni-155-gram-3330720520074.html
3330720253859;Konfitura figi oraz orzechami włoskimi 350G;Delikatesy | Konfitury;Konfitura Figi z Orzechami Włoskimi – Francuska Lucien Georgelin 350G Odkryj wyjątkowy smak konfitury figowej z orzechami włoskimi od renomowanej marki Lucien Georgelin . Ta francuska delicja, zapakowana w elegancki słoik o pojemności 350 g, to idealny wybór dla miłośników słodkich i wyrafinowanych przysmaków. Wyjątkowe Połączenie Smaków Konfitura figi z orzechami włoskimi to prawdziwa uczta dla podniebienia. Słodycz dojrzałych fig harmonijnie łączy się z chrupkością orzechów włoskich, tworząc niepowtarzalną kompozycję smakową. To doskonały dodatek do serów, pieczywa czy jako składnik deserów. Dzięki niej każda chwila przy stole staje się wyjątkowa. Naturalne Składniki Lucien Georgelin dba o najwyższą jakość swoich produktów. Konfitura powstaje z naturalnych składników, bez sztucznych dodatków i konserwantów. Figi zbierane są w odpowiednim momencie, aby zachować ich pełnię smaku i aromatu. Orzechy włoskie dostarczają zdrowych tłuszczy oraz cennych składników odżywczych. Doskonała na Każdą Okazję Niezależnie od tego, czy planujesz romantyczną kolację, rodzinne spotkanie czy po prostu chcesz umilić sobie poranek – konfitura figi z orzechami włoskimi sprawdzi się idealnie. Możesz ją podać na tostach, jako dodatek do jogurtu lub użyć w wypiekach. Jej uniwersalność sprawia, że nigdy się nie nudzi! Dlaczego Warto Wybrać Lucien Georgelin? Marka Lucien Georgelin to synonim jakości i tradycji. Od lat zachwyca klientów swoimi produktami, które są efektem pasji do rzemiosła kulinarnego oraz szacunku do natury. Wybierając tę konfiturę, inwestujesz w smak i jakość prosto z Francji. Zamów Już Dziś ! Nie czekaj! Odkryj magię konfitury figowej z orzechami włoskimi Lucien Georgelin już dziś! Spraw sobie lub bliskim wyjątkowy prezent kulinarny, który na długo pozostanie w pamięci. Konfitura figi z orzechami włoskimi, Lucien Georgelin, francuska konfitura, naturalne składniki, smakołyki online . Zamawiaj teraz i ciesz się smakiem Francji w swoim domu! Składniki : Figi 53%, cukier, orzechy włoskie 2%, środek żelujący: pektyna, sok z cytryny. Sporządzono z 55g owoców na 100g produktu. Przechowywać w miejscu chłodnym i suchym. Najlepiej spożyć przed końcem daty drukowanej na opakowaniu. Po otwarciu przechowywać w warunkach chłodniczych nie dłużej niż 10 dni. Waga netto 350g. Pochodzenie Francja. Wartość odżywcza w 100g produktu : Wartość energetyczna 953kJ/ 225kcal. Tłuszcz 1,5g - w tym kwasy tłuszczowe nasycone 0,1g. Węglowodany 51g - w tym cukry 50g. Białko 1,0g. Sól 0,03g.;22,00 zł;https://dobrewina.pl/247-large_default/konfitura-figi-z-orzechami-wloskimi-francuski-lucien-georgelin-350g.jpg;https://dobrewina.pl/810-large_default/konfitura-figi-z-orzechami-wloskimi-francuski-lucien-georgelin-350g.jpg;Francja;Lot-et-Garonne;N/A;N/A;N/A;N/A;N/A;https://dobrewina.pl/konfitury/212-konfitura-figi-z-orzechami-wloskimi-francuski-lucien-georgelin-350g-3330720253859.html
8411968301207;Oliwki nadziewane papryką czerwoną 221/260 120g;Delikatesy | Oliwki;Stworzone z najpopularniejszej w Polsce odmiany oliwek Manzanilla . Nadzienie paprykowe dodaje im intensywności oraz animuszu. Wyrazista przystawka na każdy stół. Składniki: Zielone oliwki Manzanilla bez pestek, papryka 6% (papryka, emulgator: alginian sodu), woda, sól, wzmacniacz smaku: glutaminian sodu, guanylan disodowy, inozynian disodowy, przeciwutleniacz: kwas cytrynowy, kwas askorbinowy. Przechowywać w miejscu chłodnym i suchym. Najlepiej spożyć przed końcem daty drukowanej na opakowaniu. Po otwarciu przechowywać w warunkach chłodniczych nie dłużej niż 4 dni. Waga netto 295g, po odsączeniu 120g. Wyprodukowano w Hiszpanii. Wartość odżywcza w 100g produktu: Wartość energetyczna 482kJ/ 115kcal. Tłuszcz 11.5g - w tym kwasy tłuszczowe nasycone 2,2g, błonnik 4,7g, węglowodany 4,1g - w tym cukry 0,6g, białko 1g, sól 2,7g.;7,00 zł;https://dobrewina.pl/640-large_default/oliwki-nadziewane-papryka-czerwona-221260-120g.jpg;https://dobrewina.pl/832-large_default/oliwki-nadziewane-papryka-czerwona-221260-120g.jpg;Hiszpania;Andaluzja;N/A;N/A;N/A;N/A;N/A;https://dobrewina.pl/oliwki/623-oliwki-nadziewane-papryka-czerwona-221260-120g-8411968301207.html
8411968301467;Oliwki nadziewane cytryną 221/260 120g;Delikatesy | Oliwki;Stworzone z najpopularniejszej w Polsce odmiany oliwek Manzanilla . Nadzienie cytrynowe dodaje im charakteru i wyrazistości. Jest to aromatyczna przystawka na każdy stół. Składniki: Zielone oliwki Manzanilla bez pestek, cytryna 6% (cytryna, emulgator: alginian sodu), woda, sól, wzmacniacz smaku: glutaminian sodu, guanylan disodowy, inozynian disodowy, przeciwutleniacz: kwas cytrynowy, kwas askorbinowy. Przechowywać w miejscu chłodnym i suchym. Najlepiej spożyć przed końcem daty drukowanej na opakowaniu. Po otwarciu przechowywać w warunkach chłodniczych nie dłużej niż 4 dni. Waga netto 295g, po odsączeniu 120g. Wyprodukowano w Hiszpanii. Wartość odżywcza w 100g produktu: Wartość energetyczna 444kJ/ 106kcal. Tłuszcz 9,7g - w tym kwasy tłuszczowe nasycone 2g, błonnik 4,9g, węglowodany 5,9g - w tym cukry 5,8g, białko 1,1g, sól 2,3g.;7,00 zł;https://dobrewina.pl/626-large_default/oliwki-nadziewane-cytryna-221260-120g.jpg;https://dobrewina.pl/829-large_default/oliwki-nadziewane-cytryna-221260-120g.jpg;Hiszpania;Andaluzja;N/A;N/A;N/A;N/A;N/A;https://dobrewina.pl/oliwki/608-oliwki-nadziewane-cytryna-221260-120g-8411968301467.html
8411968302686;Oliwki zielone Gordal nadziewane papryczką Guindilla 90/100 175g;Delikatesy | Oliwki;Gordal , często nazywany królewskim, to największa odmiana oliwek. Rozmiarami przypomina przepiórcze jajko, bardzo mięsista i soczysta niekiedy kształtem przypomina serce. W tej wersji wypełniona umiarkowanie pikantną papryczką Guindilla , którą często się serwuje jako tapas . Świetnie dobrana para, która wzajemnie się uzupełnia na naszych podniebieniach. Składniki: Zielone oliwki Gordal bez pestek, chili pikantne, woda, sól, wzmacniacz smaku: glutaminian sodu, konserwant: sorbinian potasu, przeciwutleniacz: kwas cytrynowy, kwas askorbinowy. Przechowywać w miejscu chłodnym i suchym. Najlepiej spożyć przed końcem daty drukowanej na opakowaniu. Po otwarciu przechowywać w warunkach chłodniczych nie dłużej niż 4 dni. Waga netto 350g, po odsączeniu 175g. Wyprodukowano w Hiszpanii. Wartość odżywcza w 100g produktu: Wartość energetyczna 302kJ/72kcal. Tłuszcz 6g - w tym kwasy tłuszczowe nasycone 4,5g, błonnik 2,4g, węglowodany 3,2g - w tym cukry 0,6g, białko 2,6g, sól 1,5g.;12,00 zł;https://dobrewina.pl/390-large_default/oliwki-zielone-gordal-nadziewane-papryczka-guindilla-90100-175g.jpg;https://dobrewina.pl/824-large_default/oliwki-zielone-gordal-nadziewane-papryczka-guindilla-90100-175g.jpg;Hiszpania;Andaluzja;N/A;N/A;N/A;N/A;N/A;https://dobrewina.pl/oliwki/354-oliwki-zielone-gordal-nadziewane-papryczka-guindilla-90100-175g-8411968302686.html
3330720280022;Dżem pomarańczowo-cytrynowo-grejpfrutowy 320G;Delikatesy | Konfitury;Dżem Pomarańczowo-Cytrynowo-Grejpfrutowy Francuski Lucien Georgelin 320g Odkryj wyjątkowy smak, który przeniesie Cię prosto do serca Francji ! Dżem pomarańczowo-cytrynowo-grejpfrutowy Lucien Georgelin to prawdziwa uczta dla zmysłów. Każdy słoik o pojemności 320g kryje w sobie starannie wyselekcjonowane owoce, które zostały przetworzone według tradycyjnej francuskiej receptury. Dlaczego warto wybrać dżem Lucien Georgelin? 1. Naturalne składniki : Nasz dżem powstaje z najwyższej jakości owoców, bez sztucznych dodatków i konserwantów. To idealny wybór dla osób ceniących zdrową i smaczną żywność. 2. Wyjątkowa kompozycja smaków : Połączenie soczystych pomarańczy, orzeźwiającej cytryny oraz delikatnie goryczkowatego grejpfruta tworzy harmonijną całość, która doskonale komponuje się z pieczywem, naleśnikami czy jogurtem. 3. Francuska tradycja : Lucien Georgelin to marka z wieloletnią tradycją, znana z pasji do tworzenia doskonałych dżemów. Każdy słoik to efekt pracy rzemieślników, którzy dbają o każdy detal. 4. Wszechstronność zastosowania : Idealny nie tylko na śniadanie! Możesz go wykorzystać jako dodatek do deserów, sosów czy marynat. Wprowadź odrobinę francuskiego stylu do swojej kuchni! 5. Piękne opakowanie : Słoik o eleganckim designie sprawia, że jest to również doskonały pomysł na prezent dla bliskich miłośników dobrego smaku. Jak przechowywać? Po otwarciu przechowuj w lodówce i spożyj w ciągu kilku dni – choć jesteśmy pewni, że szybko zniknie! Dżem pomarańczowo-cytrynowo-grejpfrutowy Lucien Georgelin to idealny wybór dla każdego smakosza! Spróbuj już dziś i pozwól sobie na chwilę przyjemności z każdym kęsem. Zamów teraz i odkryj magię francuskich smaków w swoim domu! Zachęcamy do zakupu naszego dżemu już teraz! Niech każdy poranek zaczyna się od nuty słodyczy i świeżości! Składniki : Owoce cytrusowe 45% (pomarańcze 34%, cytryny 5,5%, grejpfrut 5,5%), cukier, woda, sok z cytryny, środek żelujący: pektyna. Sporządzono z 45g owoców na 100g produktu. Przechowywać w miejscu chłodnym i suchym. Najlepiej spożyć przed końcem daty drukowanej na opakowaniu. Po otwarciu przechowywać w warunkach chłodniczych nie dłużej niż 10 dni. Waga netto 320g. Pochodzenie Francja. Wartość odżywcza w 100g produktu : Wartość energetyczna 633kJ/ 149kcal. Tłuszcz <0,5g - w tym kwasy tłuszczowe nasycone <0,1g. Węglowodany 36g - w tym cukry 36g. Białko <0,5g. Sól 0,03g.;19,90 zł;https://dobrewina.pl/248-large_default/dzem-pomaranczowo-cytrynowo-grejpfrutowy-francuski-lucien-georgelin-320g.jpg;https://dobrewina.pl/793-large_default/dzem-pomaranczowo-cytrynowo-grejpfrutowy-francuski-lucien-georgelin-320g.jpg;Francja;Lot-et-Garonne;N/A;N/A;N/A;N/A;N/A;https://dobrewina.pl/konfitury/213-dzem-pomaranczowo-cytrynowo-grejpfrutowy-francuski-lucien-georgelin-320g-3330720280022.html
3330720250988;Dżem z pomarańczy 320 gram;Delikatesy | Konfitury;Dżem z Pomarańczy 320g – Lucien Georgelin Odkryj smak Francji w słoiku! Dżem z pomarańczy od renomowanego producenta Lucien Georgelin to prawdziwa uczta dla podniebienia. W każdej 320-gramowej porcji kryje się bogactwo naturalnych składników, które zachwycą każdego miłośnika słodko-kwaśnych przysmaków. Dlaczego warto wybrać dżem z pomarańczy Lucien Georgelin? 1. Naturalne składniki : Dżem powstaje z dojrzałych pomarańczy, zbieranych w najlepszym okresie, co gwarantuje intensywny smak i aromat. Bez sztucznych dodatków i konserwantów – tylko czysta przyjemność! 2. Francuska tradycja : Lucien Georgelin to marka z wieloletnią tradycją, która dba o jakość swoich produktów. Każdy słoik dżemu jest efektem pasji i rzemiosła, które przekładają się na wyjątkowy smak. 3. Wszechstronność zastosowania : Idealny na śniadanie – doskonały do tostów, naleśników czy jogurtu. Może być również świetnym dodatkiem do deserów lub jako składnik sosów do mięs. 4. Wartości odżywcze : Dżem z pomarańczy to nie tylko smakowity dodatek, ale także źródło witamin i błonnika. Pomaga wzmocnić odporność i dostarcza energii na cały dzień. Dżem z pomarańczy 320g od Lucien Georgelin to doskonały wybór dla tych, którzy pragną wzbogacić swoje posiłki o wyjątkowy smak francuskich dżemów . Zamów już dziś i poczuj różnicę! Smakuj życie pełnymi garściami dzięki produktom najwyższej jakości! Składniki: Pomarańcza 50%, cukier, sok z cytryny, środek żelująca: pektyna. Przechowywać w miejscu chłodnym i suchym. Najlepiej spożyć przed końcem daty drukowanej na opakowaniu. Po otwarciu przechowywać w warunkach chłodniczych nie dłużej niż 10 dni. Waga netto 320g. Pochodzenie Francja. Wartość odżywcza w 100g produktu: Wartość energetyczna 838kJ/ 197kcal. Tłuszcz <0,5g - w tym kwasy tłuszczowe nasycone <0,1g. Węglowodany 48g - w tym cukry 48g. Białko <0,5g. Sól 0,05g.;19,90 zł;https://dobrewina.pl/295-large_default/dzem-z-pomaranczy-francuski-lucien-georgelin-320g.jpg;https://dobrewina.pl/798-large_default/dzem-z-pomaranczy-francuski-lucien-georgelin-320g.jpg;Francja;Lot-et-Garonne;N/A;N/A;N/A;N/A;N/A;https://dobrewina.pl/konfitury/265-dzem-z-pomaranczy-francuski-lucien-georgelin-320g-3330720250988.html
3330720251626;Dżem mango oraz marakui 320gram;Delikatesy | Konfitury;Pyszny dżem z mango i marakui przygotowany w kotłach według tradycyjnego przepisu rodziny Lucien Georgelin . Od dziesięcioleci przygotowywany w duchu “domowej kuchni”, która pokazuje najlepsze cechy rodzinnych technik oraz lokalnej ziemi. Produkowane z wysoką zawartością wyselekcjonowanych owoców nasz dżem z mango i marakui przypadnie do gustu każdemu miłośnikowi. Świetny do śniadania na chrupiących grzankach lub do wykorzystania w swoich ulubionych przepisów na ciasto. Składniki: Mango 36%, Maracuja 14%, Jabłko 14%, cukier, środek żelująca: pektyna. Przechowywać w miejscu chłodnym i suchym. Najlepiej spożyć przed końcem daty drukowanej na opakowaniu. Po otwarciu przechowywać w warunkach chłodniczych nie dłużej niż 10 dni. Waga netto 320g. Pochodzenie Francja. Wartość odżywcza w 100g produktu: Wartość energetyczna 795kJ/187kcal. Tłuszcz <0,5g - w tym kwasy tłuszczowe nasycone <0,1g. Węglowodany 45g - w tym cukry 45g. Białko 0,6g. Sól 0,05g.;22,00 zł;https://dobrewina.pl/468-large_default/dzem-z-mango-oraz-marakui-320g.jpg;https://dobrewina.pl/796-large_default/dzem-z-mango-oraz-marakui-320g.jpg;Francja;Lot-et-Garonne;N/A;N/A;N/A;N/A;N/A;https://dobrewina.pl/konfitury/445-dzem-z-mango-oraz-marakui-320g-3330720251626.html
8411968301955;Oliwki nadziewane migdałem 181/200 200g;Delikatesy | Oliwki;Manzanilla jest najpopularniejszą odmianą oliwki w Polsce. Jest delikatna w smaku z lekką nutą migdała . Dla wzmocnienia tego smaku wypełniono je prawdziwym, miękkim od zalewy, migdałem. Okrągła, średnich rozmiarów owoc ma lekki oraz mięsisty miąższ. Uprawia się ją głównie w Andaluzji w prowincji Sewilla. Składniki: Zielone oliwki Manzanilla bez pestek, migdały, woda, sól, wzmacniacz smaku: glutaminian sodu, guanylan disodowy, inozynian disodowy, konserwant: sorbinian potasu, kwas mlekowy, przeciwutleniacz: kwas cytrynowy, kwas askorbinowy. Przechowywać w miejscu chłodnym i suchym. Najlepiej spożyć przed końcem daty drukowanej na opakowaniu. Po otwarciu przechowywać w warunkach chłodniczych nie dłużej niż 4 dni. Waga netto 350g, po odsączeniu 200g. Wyprodukowano w Hiszpanii. Wartość odżywcza w 100g produktu: Wartość energetyczna 2.803kJ/670kcal. Tłuszcz 63,2g - w tym kwasy tłuszczowe nasycone 9,3g, błonnik 17,2g, węglowodany 4,2g - w tym cukry 1,0g, białko 21g, sól 2,0g.;18,00 zł;https://dobrewina.pl/455-large_default/oliwki-nadziewane-migdalem-181200-200g.jpg;https://dobrewina.pl/792-large_default/oliwki-nadziewane-migdalem-181200-200g.jpg;Hiszpania;Andaluzja;N/A;N/A;N/A;N/A;N/A;https://dobrewina.pl/oliwki/435-oliwki-nadziewane-migdalem-181200-200g-8411968301955.html
8411968304383;Oliwki zielone Gordal Pikantne 60/80 480g;Delikatesy | Oliwki | Oliwy;Gordal , często nazywany królewskim, to największa odmiana oliwek. Rozmiarami przypomina przepiórcze jajko, bardzo mięsista i soczysta niekiedy kształtem przypomina serce. Do zalewy dorzucono dwa gatunki pikantnej papryki, które oddają swój temperament Królowym oliwek wynosząc je na nowy poziom. Składniki: Zielone oliwki Gordal z pestkami, chili ostra, papryka czerwona, woda, sól, naturalne aromaty, wzmacniacz smaku: glutaminian sodu, guanylan disodowy, inozynian disodowy,  konserwant: sorbinian potasu, kwas mlekowy, przeciwutleniacz: kwas cytrynowy, kwas askorbinowy. Przechowywać w miejscu chłodnym i suchym. Najlepiej spożyć przed końcem daty drukowanej na opakowaniu. Po otwarciu przechowywać w warunkach chłodniczych nie dłużej niż 4 dni. Waga netto 870g, po odsączeniu 480g. Wyprodukowano w Hiszpanii. Wartość odżywcza w 100g produktu: Wartość energetyczna 700kJ/ 167kcal. Tłuszcz 13,8g - w tym kwasy tłuszczowe nasycone 3,8g, błonnik 3,1g, węglowodany 3,8g - w tym cukry 2,6g, białko 1,1g, sól 2,3g.;29,90 zł;https://dobrewina.pl/720-large_default/oliwki-zielone-gordal-pikantne-6080-480g.jpg;https://dobrewina.pl/825-large_default/oliwki-zielone-gordal-pikantne-6080-480g.jpg;Hiszpania;Andaluzja;N/A;N/A;N/A;N/A;N/A;https://dobrewina.pl/oliwki/60-oliwki-zielone-gordal-pikantne-6080-480g-8411968304383.html
8411968303843;Oliwki Gordal bez pestek 70/80 420g;Delikatesy | Oliwki;Gordal , często nazywany królewskim, to największa odmiana oliwek. Rozmiarami przypomina przepiórcze jajko, bardzo mięsista i soczysta niekiedy kształtem przypomina serce. W wersji bez pestek. Składniki: Zielone oliwki Gordal bez pestek, woda, sól, przeciwutleniacz: kwas askorbinowy, środek zakwaszający: kwas cytrynowy, kwas mlekowy. Przechowywać w miejscu chłodnym i suchym. Najlepiej spożyć przed końcem daty drukowanej na opakowaniu. Po otwarciu przechowywać w warunkach chłodniczych nie dłużej niż 4 dni. Waga netto 870g, po odsączeniu 420g. Wyprodukowano w Hiszpanii. Wartość odżywcza w 100g produktu: Wartość energetyczna 464kJ/111kcal. Tłuszcz 10,4g - w tym kwasy tłuszczowe nasycone 3g, błonnik 3,1g, węglowodany 3,3g - w tym cukry 0,3g, białko 1,0g, sól 2,5g.;29,90 zł;https://dobrewina.pl/722-large_default/oliwki-gordal-bez-pestek-7080-420g.jpg;N/A;Hiszpania;Andaluzja;N/A;N/A;N/A;N/A;N/A;https://dobrewina.pl/oliwki/686-oliwki-gordal-bez-pestek-7080-420g-8411968303843.html
8411968300330;Oliwki Manzanilla bez pestek 221/260 430g;Delikatesy | Oliwki;Manzanilla jest najpopularniejszą odmianą oliwki w Polsce. Jest delikatna w smaku z lekką nutą migdału . Okrągła, średnich rozmiarów owoc ma lekki oraz mięsisty miąższ. Uprawia się ją głównie w Andaluzji w prowincji Sewilla. Składniki: Zielone oliwki Manzanilla bez pestek, woda, sól, przeciwutleniacz: kwas askorbinowy, środek zakwaszający: kwas cytrynowy, kwas mlekowy. Przechowywać w miejscu chłodnym i suchym. Najlepiej spożyć przed końcem daty drukowanej na opakowaniu. Po otwarciu przechowywać w warunkach chłodniczych nie dłużej niż 4 dni. Waga netto 870g, po odsączeniu 430g. Wyprodukowano w Hiszpanii. Wartość odżywcza w 100g produktu: Wartość energetyczna 599kJ/143kcal. Tłuszcz 15g - w tym kwasy tłuszczowe nasycone 3g, błonnik 4,8g, węglowodany 3,3g - w tym cukry 0,3g, białko 1,2g, sól 3g.;19,90 zł;https://dobrewina.pl/724-large_default/oliwki-manzanilla-bez-pestek-221260-430g.jpg;https://dobrewina.pl/1167-large_default/oliwki-manzanilla-bez-pestek-221260-430g.jpg;Hiszpania;Andaluzja;N/A;N/A;N/A;N/A;N/A;https://dobrewina.pl/oliwki/685-oliwki-manzanilla-bez-pestek-221260-430g-8411968300330.html
8411968300125;Oliwki Manzanilla bez pestek 221/260 160g;Delikatesy | Oliwki;Manzanilla jest najpopularniejszą odmianą oliwki w Polsce. Jest delikatna w smaku z lekką nutą migdała . Okrągła, średnich rozmiarów owoc ma lekki oraz mięsisty miąższ. Uprawia się ją głównie w Andaluzji w prowincji Sewilla. Składniki: Zielone oliwki Manzanilla bez pestek, woda, sól, przeciwutleniacz: kwas askorbinowy, środek zakwaszający: kwas cytrynowy, kwas mlekowy. Przechowywać w miejscu chłodnym i suchym. Najlepiej spożyć przed końcem daty drukowanej na opakowaniu. Po otwarciu przechowywać w warunkach chłodniczych nie dłużej niż 4 dni. Waga netto 360g, po odsączeniu 160g. Wyprodukowano w Hiszpanii. Wartość odżywcza w 100g produktu: Wartość energetyczna 599kJ/143kcal. Tłuszcz 15g - w tym kwasy tłuszczowe nasycone 3g, błonnik 4,8g, węglowodany 3,3g - w tym cukry 0,3g, białko 1,2g, sól 3g.;9,90 zł;https://dobrewina.pl/725-large_default/oliwki-manzanilla-bez-pestek-221260-160g.jpg;https://dobrewina.pl/867-large_default/oliwki-manzanilla-bez-pestek-221260-160g.jpg;Hiszpania;Andaluzja;N/A;N/A;N/A;N/A;N/A;https://dobrewina.pl/oliwki/684-oliwki-manzanilla-bez-pestek-221260-160g-8411968300125.html
3330720280046;Dżem z gruszki Williamsa z wanilią 320g;Delikatesy | Konfitury;Dżem z Gruszki Williamsa z Wanilią Francuską Lucien Georgelin 320g Odkryj wyjątkowy smak, który przeniesie Cię do malowniczych sadów Francji! Dżem z gruszki Williamsa z wanilią francuską od Luciena Georgelina to prawdziwa uczta dla podniebienia. W każdej słoiczku (320g) znajdziesz połączenie soczystych gruszek i delikatnej wanilii, które tworzy harmonijną kompozycję smakową. Dlaczego warto wybrać dżem Lucien Georgelin? 1. Naturalne składniki : Nasz dżem powstaje tylko z najlepszych, starannie wyselekcjonowanych gruszek Williamsa oraz aromatycznej wanilii. Bez dodatków konserwantów i sztucznych barwników – czysta przyjemność! 2. Wyjątkowy smak : Połączenie słodyczy gruszek i subtelności wanilii sprawia, że ten dżem idealnie komponuje się zarówno z pieczywem, jak i jako dodatek do deserów czy serów. 3. Francuska tradycja : Lucien Georgelin to marka znana z pasji do tworzenia najwyższej jakości przetworów owocowych . Każdy słoik to efekt rzemieślniczej pracy, która cieszy podniebienia miłośników dobrego smaku. 4. Wszechstronność : Dżem doskonale sprawdzi się na śniadanie, jako przekąska w ciągu dnia lub jako składnik wyjątkowych deserów. Wypróbuj go na tostach, naleśnikach czy w jogurcie – możliwości są nieograniczone! Idealny wybór dla każdego Dżem z gruszki Williamsa z wanilią francuską Lucien Georgelin to nie tylko pyszny dodatek do Twojej kuchni, ale także doskonały pomysł na prezent dla bliskich. Eleganckie opakowanie sprawia, że jest idealnym upominkiem na każdą okazję. Gdzie kupić? Nie czekaj! Sprawdź naszą ofertę online i zamów dżem już dziś! Oferujemy szybką dostawę oraz atrakcyjne ceny. Dołącz do grona naszych zadowolonych klientów i odkryj magię smaku gruszki Williamsa z wanilią francuską! Zamień zwykłe chwile w niezapomniane doświadczenia kulinarne dzięki dżemu Luciena Georgelina! Składniki: Gruszka 60%, cukier, woda, środek żelująca: pektyna, skoncentrowany sok cytrynowy, wanilia z strąków 0,002%, ekstrakt z wanilii 0,001%. Przechowywać w miejscu chłodnym i suchym. Najlepiej spożyć przed końcem daty drukowanej na opakowaniu. Po otwarciu przechowywać w warunkach chłodniczych nie dłużej niż 10 dni. Waga netto 320g. Pochodzenie Francja. Wartość odżywcza w 100g produktu : Wartość energetyczna 642kJ/151kcal. Tłuszcz <0,5g - w tym kwasy tłuszczowe nasycone <0,1g. Węglowodany 36g - w tym cukry 36g. Błonnik 2,1g. Białko <0,5g. Sól 0,1g.;23,00 zł;https://dobrewina.pl/742-large_default/dzem-z-gruszki-williamsa-z-wanilia-francuski-lucien-georgelin-320g.jpg;https://dobrewina.pl/853-large_default/dzem-z-gruszki-williamsa-z-wanilia-francuski-lucien-georgelin-320g.jpg;Francja;Lot-et-Garonne;N/A;N/A;N/A;N/A;N/A;https://dobrewina.pl/konfitury/726-dzem-z-gruszki-williamsa-z-wanilia-francuski-lucien-georgelin-320g-3330720280046.html
3330720251404;Dżem z czarnych wiśni 320 gram;Delikatesy | Konfitury;Pyszny dżem z czarnych wiśni przygotowany w kotłach według tradycyjnego przepisu rodziny Lucien Georgelin . Od dziesięcioleci przygotowywany w duchu “domowej kuchni”, która pokazuje najlepsze cechy rodzinnych technik oraz lokalnej ziemi. Produkowane z wysoką zawartością wyselekcjonowanych owoców nasz dżem z czarnych wiśni przypadnie do gustu każdemu miłośnikowi. Świetny do śniadania na chrupiących grzankach lub do wykorzystania w swoich ulubionych przepisów na ciasto. Składniki: Wiśnia 50%, jabłko 14%, cukier, środek żelująca: pektyna, sok cytrynowy. Przechowywać w miejscu chłodnym i suchym. Najlepiej spożyć przed końcem daty drukowanej na opakowaniu. Po otwarciu przechowywać w warunkach chłodniczych nie dłużej niż 10 dni. Waga netto 320g. Pochodzenie Francja. Wartość odżywcza w 100g produktu: Wartość energetyczna 771kJ/182kcal. Tłuszcz <0,5g - w tym kwasy tłuszczowe nasycone <0,1g. Węglowodany 44g - w tym cukry 43g. Błonnik 1,4g. Białko <0,7g. Sól 0,08g.;19,90 zł;https://dobrewina.pl/746-large_default/dzem-z-czarnych-wisni-320-gram.jpg;https://dobrewina.pl/856-large_default/dzem-z-czarnych-wisni-320-gram.jpg;Francja;Lot-et-Garonne;N/A;N/A;N/A;N/A;N/A;https://dobrewina.pl/konfitury/730-dzem-z-czarnych-wisni-320-gram-3330720251404.html
3330720650351;Pasztet z Gaskonii ze śliwkami Agen i Armaniakiem 220 G;Delikatesy | Pasztety;Pasztet z Gaskonii ze Śliwkami Agen i Armaniakiem – Lucien Georgelin 220g Odkryj wyjątkowy smak Pasztetu z Gaskonii, który przeniesie Cię w kulinarną podróż do serca Francji . Ten elegancki produkt od renomowanej marki Lucien Georgelin to doskonałe połączenie tradycji i nowoczesności, które zachwyci każdego miłośnika wykwintnych dań. Wyjątkowe składniki Pasztet z Gaskonii to prawdziwa uczta dla zmysłów. W jego skład wchodzą starannie wyselekcjonowane mięsa, które tworzą gładką, kremową konsystencję. Dodatek słodkich śliwek Agen oraz aromatycznego armaniaku nadaje mu niepowtarzalny smak, który idealnie balansuje pomiędzy słodyczą a delikatną pikantnością. To połączenie sprawia, że pasztet staje się idealnym dodatkiem do chleba czy jako składnik eleganckich przystawek. Idealny na każdą okazję Pasztet Lucien Georgelin to doskonały wybór na różne okazje – zarówno na codzienny posiłek, jak i na specjalne przyjęcia. Jego elegancka forma sprawia, że świetnie prezentuje się na stole podczas rodzinnych spotkań czy przyjęć ze znajomymi. Możesz go podać z świeżym pieczywem, owocami lub ulubionymi piklami. Dlaczego warto wybrać Pasztet z Gaskonii? 1. Naturalne składniki : Bez sztucznych dodatków i konserwantów. 2. Wysoka jakość : Produkcja oparta na tradycyjnych recepturach francuskich. 3. Uniwersalność : Doskonały zarówno na ciepło, jak i na zimno. Zamów Pasztet z Gaskonii ze Śliwkami Agen i Armaniakiem Lucien Georgelin już dziś i pozwól sobie na chwilę luksusu w domowej kuchni! Składniki : Podgardle wieprzowe, mięso wieprzowe, mięso z kaczki, odtworzona śliwka z Agen 15% (śliwka, woda), szalotka, wywar drobiowy (woda, korpusy drobiowe, cebula, sól, pieprz), wątroba wieprzowa, sól, czosnek, żelatyna wieprzowa, Armagnac 0,6% (Armagnac, sól, naturalny aromat pieprzu, kolor: karmel), pieprz. Przechowywać w miejscu chłodnym i suchym. Najlepiej spożyć przed końcem daty drukowanej na opakowaniu. Po otwarciu przechowywać w warunkach chłodniczych nie dłużej niż 2 dni. Waga netto 220g. Pochodzenie Francja. Wartość odżywcza w 100g produktu : Wartość energetyczna 1028kJ/ 248kcal. Tłuszcz 20g - w tym kwasy tłuszczowe nasycone 7,4g. Węglowodany 3,2g - w tym cukry 3,1g. Białko 13g. Sól 1,4g.;24,00 zł;https://dobrewina.pl/751-large_default/pasztet-z-gaskonii-ze-sliwkami-agen-i-armaniakiem-francuski-lucien-georgelin-220g.jpg;https://dobrewina.pl/841-large_default/pasztet-z-gaskonii-ze-sliwkami-agen-i-armaniakiem-francuski-lucien-georgelin-220g.jpg;Francja;Lot-et-Garonne;N/A;N/A;N/A;N/A;N/A;https://dobrewina.pl/pasztety/734-pasztet-z-gaskonii-ze-sliwkami-agen-i-armaniakiem-francuski-lucien-georgelin-220g-3330720650351.html
3330720650207;Tapenada – Pasta z zielonych oliwek 100 g;Delikatesy | Tapenada;Lucien Georgelin Tapenada – Pasta z zielonych oliwek 100 g Tapenada Lucien Georgelin to autentyczna francuska pasta z zielonych oliwek , która zachwyca intensywnym smakiem i aromatem. Ta kremowa, oliwkowa pasta jest doskonałym dodatkiem do kanapek, tartinek, sałatek, a także jako składnik sosów czy dipów. Dzięki wysokiej jakości składnikom i tradycyjnej recepturze, tapenada stanowi wyrafinowaną alternatywę dla klasycznych past i smarowideł. Cechy produktu: Rodzaj: Tapenada (pasta z oliwek) Pojemność: 100 g Producent: Lucien Georgelin – francuska marka, która oferuje autentyczne smaki regionu południowej Francji Idealna do: Chleba i bagietek – idealna jako smarowidło do pieczywa Sera – doskonale komponuje się z serami, szczególnie kozim i owczym Sałatek – świetny dodatek do sałatek śródziemnomorskich Dipy i sosy – doskonała baza do dipów, idealna na przyjęcia Tapenada Lucien Georgelin to wysokiej jakości pasta , która wnosi autentyczny smak regionu Prowansji. Idealna do podania na eleganckich przyjęciach lub jako codzienny dodatek do posiłków. Dodaj do koszyka i ciesz się wyjątkowym smakiem tej francuskiej tapenady! Składniki: Oliwki zielone 73% (oliwki, sól, zakwaszacz: kwas mlekowy lub kwas cytrynowy), oliwa z oliwek extra vergine, woda, anchois w oleju słonecznikowym, czosnek, kapary konserwowane, skoncentrowany sok cytrynowy, pieprz, tymianek, liść laurowy, rozmaryn, pieprz. Alergeny: mleko i wyroby mleczne. Przechowywać w miejscu chłodnym i suchym. Najlepiej spożyć przed końcem daty drukowanej na opakowaniu. Po otwarciu przechowywać w warunkach chłodniczych nie dłużej niż 3 dni. Waga netto 100g. Pochodzenie Francja. Wartość odżywcza w 100g produktu: Wartość energetyczna 967kJ/235kcal. Tłuszcz 25g - w tym kwasy tłuszczowe nasycone 5,9g. Węglowodany 0,5g - w tym cukry <0,1g. Białko 1,7g. Sól 3,9g.;12,00 zł;https://dobrewina.pl/849-large_default/tapenada-pasta-z-zielonych-oliwek-100-g.jpg;N/A;Francja;Lot-et-Garonne;N/A;N/A;N/A;N/A;N/A;https://dobrewina.pl/tapenada/744-tapenada-pasta-z-zielonych-oliwek-100-g-3330720650207.html
8411968301382;Oliwki czarne bez pestek Karina 240/260 150g;Delikatesy | Oliwki;Dojrzałe czarne oliwki odmiany Manzanilla , która jest najpopularniejszą odmianą oliwki w Polsce. Są delikatne w smaku z lekką nutą migdała. Okrągła, średnich rozmiarów owoc ma lekki oraz mięsisty miąższ. Uprawiane są głównie w Andaluzji w prowincji Sewilla. Składniki: Czarne oliwki Manzanilla bez pestek, woda, sól, glukonian żelaza. Przechowywać w miejscu chłodnym i suchym. Najlepiej spożyć przed końcem daty drukowanej na opakowaniu. Po otwarciu przechowywać w warunkach chłodniczych nie dłużej niż 4 dni. Waga netto 370g, po odsączeniu 150g. Wyprodukowano w Hiszpanii. Wartość odżywcza w 100g produktu: Wartość energetyczna 530kJ/ 129kcal. Tłuszcz 13,2g - w tym kwasy tłuszczowe nasycone 2,2g, węglowodany 0g - w tym cukry 0g, białko 0,5g, sól 1,5g.;9,00 zł;https://dobrewina.pl/1697-large_default/oliwki-czarne-bez-pestek-karina-240260-150g.jpg;N/A;Hiszpania;Andaluzja;N/A;N/A;N/A;N/A;N/A;https://dobrewina.pl/oliwki/2247-oliwki-czarne-bez-pestek-karina-240260-150g-8411968301382.html
3330720633057;Delikates z foie gras z figami 100 g;Delikatesy | Foie Gras;Delikates foie gras z figami 100G Rozkoszna pasta z połączenia prawdziwego foie gras z figami. Mały słoiczek dekadenckiej przyjemności. Foie gras należy do kulturowej oraz kulinarnej spuścizny Francji. Delikates z najwyższej półki ceniony za swą delikatność, kremowość oraz bogactwo smaku z którymi ciężko się równać innym podobnym produktom. Składniki: Wątróbka z kaczki 63%, figi czerwone 21%, woda, cukier, olej słonecznikowy, masło (świeża śmietana, fermenty mlekowe, pieprz. Przechowywać w miejscu chłodnym i suchym. Najlepiej spożyć przed końcem daty drukowanej na opakowaniu. Po otwarciu przechowywać w warunkach chłodniczych nie dłużej niż 2 dni. Waga netto 100g. Pochodzenie Francja. Wartość odżywcza w 100g produktu: Wartość energetyczna 1520kJ/ 367kcal. Tłuszcz 23g - w tym kwasy tłuszczowe nasycone 14g. Węglowodany 12g - w tym cukry 12g. Białko 5,3g. Sól 1,4g.;29,90 zł;https://dobrewina.pl/2171-large_default/delikates-z-foie-gras-z-figami-100-g.jpg;N/A;Francja;Lot-et-Garonne;N/A;N/A;N/A;N/A;N/A;https://dobrewina.pl/foie-gras/5472-delikates-z-foie-gras-z-figami-100-g-3330720633057.html
3330720251022;Dżem pigwy 320gram;Delikatesy | Konfitury;Dżem z Pigwy Francuski 320g – Wyjątkowy Smak w Słoiku Odkryj wyjątkowy smak Dżemu z Pigwy Francuskiego producenta Lucien Georgelin! Ten niezwykły produkt, zamknięty w eleganckim słoiku o pojemności 320g, to prawdziwa uczta dla podniebienia. Przygotowany według tradycyjnej francuskiej receptury, dżem zachwyca intensywnym aromatem i doskonałą konsystencją. Dlaczego warto wybrać Dżem z Pigwy Lucien Georgelin? 1. Naturalne składniki : Dżem powstaje z najwyższej jakości pigwy oraz cukru, bez dodatku sztucznych konserwantów czy barwników. To gwarancja zdrowego wyboru dla Ciebie i Twojej rodziny. 2. Tradycyjna receptura : Lucien Georgelin to marka znana z poszanowania tradycji kulinarnych. Ich dżemy są przygotowywane ręcznie, co sprawia, że każdy słoik kryje w sobie pasję i miłość do francuskiej sztuki kulinarnej. 3. Wszechstronność zastosowania : Idealny jako dodatek do pieczywa, naleśników czy jogurtu. Możesz go również wykorzystać jako składnik deserów lub sosów do mięs – jego smak doskonale komponuje się w wielu potrawach. 4. Aromatyczny smak : Dżem z pigwy wyróżnia się subtelną słodyczą i lekko kwaskowatym posmakiem, który orzeźwia i pobudza zmysły. To idealny wybór dla osób ceniących unikalne smaki. Jak używać Dżemu z Pigwy? Rozsmaruj go na świeżym chlebie lub bułce na śniadanie, a poczujesz różnicę! Możesz także dodać go do owsianki lub smoothie, aby wzbogacić je o niepowtarzalny smak pigwy. Sprawdzi się również jako dodatek do serów – stwórz wyjątkową deskę serów na przyjęcie! Dżem z Pigwy Francuskiego producenta Lucien Georgelin 320g to nie tylko pyszny produkt – to także kawałek francuskiej tradycji zamknięty w słoiku. Wybierając ten dżem , inwestujesz w jakość i autentyczność smaku. Nie czekaj – zasmakuj w tej wyjątkowej delicji już dziś! Zamów teraz i odkryj magię smaku pigwy prosto z Francji !;22,00 zł;https://dobrewina.pl/2275-large_default/dzem-z-pigwy-francuski-lucien-georgelin-320g.jpg;N/A;Francja;Lot-et-Garonne;N/A;N/A;N/A;N/A;N/A;https://dobrewina.pl/konfitury/5572-dzem-z-pigwy-francuski-lucien-georgelin-320g-3330720251022.html
3330720253835;Konfitura z czerwone morele z Roussillon 350gram;Delikatesy | Konfitury;Konfitura z Czerwonych Moreli z Roussillon 350g - Wyjątkowy Smak Francji w Twojej Kuchni. Odkryj wyjątkowy smak konfitury z czerwonych moreli z regionu Roussillon, która zachwyci Twoje podniebienie! Nasza konfitura to prawdziwa uczta dla zmysłów – gęsta, aromatyczna i pełna naturalnej słodyczy. W każdym słoiku znajdziesz esencję lata oraz bogactwo owoców prosto z malowniczych sadów południowej Francji. Dlaczego warto wybrać naszą konfiturę? 1. Naturalne składniki : Konfitura powstaje wyłącznie z dojrzałych, starannie wyselekcjonowanych czerwonych moreli, które są źródłem witamin i minerałów. Nie zawiera sztucznych dodatków ani konserwantów. 2. Rzemieślnicza produkcja : Każdy słoik jest przygotowywany ręcznie według tradycyjnej francuskiej receptury, co gwarantuje niepowtarzalny smak i jakość. 3. Wszechstronność zastosowania : Idealna do smarowania na świeżym pieczywie, jako dodatek do serów czy składnik wypieków. Możesz ją także wykorzystać w deserach lub jako polewę do naleśników. 4. Aromat Roussillon : Region ten słynie ze swojego klimatu i gleby sprzyjającej uprawie owoców o intensywnym smaku. Nasza konfitura przeniesie Cię wprost na słoneczne wzgórza południowej Francji. Idealny prezent Konfitura z czerwonych moreli z Roussillon to również doskonały pomysł na prezent dla bliskich! Nie czekaj! Zamów naszą konfiturę już dziś i odkryj smak prawdziwej francuskiej tradycji kulinarnej ! Zachęcamy do zakupu przez nasz sklep internetowy – dostarczymy Ci radość prosto do domu! Składniki : Morela 55%, cukier, środek żelująca: pektyna, sok cytrynowy. Przechowywać w miejscu chłodnym i suchym. Najlepiej spożyć przed końcem daty drukowanej na opakowaniu. Po otwarciu przechowywać w warunkach chłodniczych nie dłużej niż 10 dni. Waga netto 350g. Pochodzenie Francja. Wartość odżywcza w 100g produktu : Wartość energetyczna 953kJ/224kcal. Tłuszcz <0,5g - w tym kwasy tłuszczowe nasycone <0,1g. Węglowodany 55g - w tym cukry 55g. Błonnik 1,1g. Białko 0,5g. Sól 0,03g.;22,00 zł;https://dobrewina.pl/2276-large_default/konfitura-z-czerwonych-moreli-z-roussillon-francuska-lucien-georgelin-350g.jpg;N/A;Francja;Lot-et-Garonne;N/A;N/A;N/A;N/A;N/A;https://dobrewina.pl/konfitury/5573-konfitura-z-czerwonych-moreli-z-roussillon-francuska-lucien-georgelin-350g-3330720253835.html
3330720257512;Konfitura mirabelki z Lotaryngii 350 g;Delikatesy | Konfitury;Konfitura z Mirabelek z Lotaryngii – Lucien Georgelin 350g Szukasz wyjątkowego smaku, który przeniesie Cię wprost do malowniczej Lotaryngii? Konfitura z mirabelek od renomowanej marki Lucien Georgelin to prawdziwa uczta dla podniebienia! Wyjątkowa jakość i tradycyjne receptury sprawiają, że każdy słoik tej konfitury to nie tylko produkt spożywczy, ale także kawałek francuskiej kultury. Dlaczego warto wybrać konfiturę z mirabelek? Mirabelki , znane ze swojego słodkiego i lekko kwaskowatego smaku, są owocami, które zachwycają swoją delikatnością. Konfitura Lucien Georgelin powstaje z najlepszych składników – świeżych mirabelek zbieranych w sercu Lotaryngii . Dzięki starannej produkcji, zachowuje ona wszystkie walory smakowe i aromatyczne tych wyjątkowych owoców. Idealna na każdą okazję Nasza konfitura doskonale sprawdzi się jako dodatek do: - Śniadania : Rozsmakuj się w niej na chrupiącym pieczywie lub tostach. - Deserów : Użyj jej jako polewy do lodów czy ciast. - Serów : Wspaniale komponuje się z serem pleśniowym, tworząc idealną przekąskę na każdą imprezę. Naturalne składniki Lucien Georgelin stawia na jakość. W konfiturze znajdziesz jedynie naturalne składniki – owoce, cukier oraz sok cytrynowy. Bez sztucznych dodatków i konserwantów! To gwarancja smaku i zdrowia w każdym słoiku. Ekologiczne opakowanie Dbamy o środowisko! Słoik o pojemności 350 g jest nie tylko estetyczny, ale również przyjazny dla natury. Po wykorzystaniu możesz go łatwo poddać recyklingowi lub wykorzystać ponownie w swoim domu. Konfitura z mirabelek z Lotaryngii od Luciena Georgelina to idealny wybór dla każdego miłośnika dobrego smaku. Jej wyjątkowy aromat i smak przeniosą Cię prosto do Francji! Nie czekaj – zamów już dziś i odkryj magię lotaryńskich owoców! Zainwestuj w smak tradycji i jakości – wybierz konfiturę z mirabelek od Lucien Georgelina ! Składniki :  Mirabelle de Lorraine 55%, cukier, substancja żelująca: pektyny, zagęszczony sok cytrynowy. Sporządzono z 55 g owoców na 100 g. Po otwarciu przechowywać w lodówce i spożyć w ciągu 10 dni.;23,00 zł;https://dobrewina.pl/2277-large_default/konfitura-z-mirabelek-z-lotaryngii-francuska-lucien-georgelin-350-g.jpg;N/A;N/A;N/A;N/A;N/A;N/A;N/A;N/A;https://dobrewina.pl/konfitury/5567-konfitura-z-mirabelek-z-lotaryngii-francuska-lucien-georgelin-350-g-3330720257512.html
3330720650092;Pasztet farmerski drobiowy 220 g;Delikatesy | Pasztety;Pasztet Farmerski Drobiowy Francuski Lucien Georgelin 220g – Wyjątkowy Smak w Każdym Kęsie! Odkryj pasztet farmerski drobiowy francuski Lucien Georgelin, który przeniesie Twoje podniebienie w świat wyjątkowych smaków! Ten starannie przygotowany pasztet to doskonały wybór dla miłośników delikatnych i aromatycznych przekąsek. W opakowaniu 220g znajdziesz produkt, który zachwyci zarówno na codziennym stole, jak i podczas specjalnych okazji. Dlaczego warto wybrać Pasztet Lucien Georgelin? 1. Naturalne składniki : Pasztet jest wytwarzany z wysokiej jakości mięsa drobiowego, które pochodzi od lokalnych dostawców. Dzięki temu masz pewność, że każdy kęs to czysta przyjemność bez sztucznych dodatków. 2. Tradycyjna receptura : Inspiracje czerpane z francuskiej kuchni sprawiają, że pasztet ma niepowtarzalny smak i aromat. To połączenie tradycji z nowoczesnością sprawia, że idealnie komponuje się z pieczywem lub jako dodatek do sałatek. 3. Wszechstronność zastosowania : Pasztet farmerski drobiowy świetnie sprawdzi się na każdej imprezie – od rodzinnych spotkań po eleganckie przyjęcia. Możesz go serwować na zimno lub lekko podgrzany – zawsze smakuje wyśmienicie! 4. Praktyczne opakowanie : 220g to idealna ilość na przystawkę dla całej rodziny lub do zabrania ze sobą na piknik czy wyjazd. Opakowanie zapewnia świeżość produktu oraz łatwość przechowywania. 5. Zdrowa alternatywa : Niskotłuszczowa zawartość oraz bogactwo białka czynią ten pasztet doskonałym wyborem dla osób dbających o zdrową dietę. Zamów już dziś! Nie czekaj dłużej! Wzbogać swoje posiłki o wyjątkowy smak pasztetu farmerskiego drobiowego francuskiego Lucien Georgelin . Idealny do kanapek, jako dodatek do dań głównych czy samodzielna przekąska – spełni oczekiwania nawet najbardziej wymagających smakoszy. Dzięki naturalnym składnikom i tradycyjnym recepturom odkryjesz prawdziwą radość jedzenia! Kliknij „ Dodaj do koszyka ” i delektuj się smakiem Francji w swoim domu! Pamiętaj, aby zwrócić uwagę na nasze inne produkty z linii Lucien Georgelin oraz skorzystać z atrakcyjnych promocji dostępnych tylko w naszym sklepie internetowym ! Składniki : Mięso drobiowe 25% (indyk, kurczak), mięso wieprzowe, gardło wieprzowe, boczek wieprzowy, cebula, bulion z kurczaka (woda, tuszki drobiowe, cebula, sól, pieprz), sól, czosnek, żelatyna wieprzowa, rum (rum, sól, naturalny aromat), pieprz. Kraj pochodzenia Francja. Przed otwarciem przechowywać w temperaturze pokojowej. Po otwarciu przechowywać w lodówce i spożyć w ciągu 2 dni.;19,90 zł;https://dobrewina.pl/2278-large_default/pasztet-farmerski-drobiowy-francuski-lucien-georgelin-220-g.jpg;N/A;Francja;Lot-et-Garonne;N/A;N/A;N/A;N/A;N/A;https://dobrewina.pl/pasztety/5568-pasztet-farmerski-drobiowy-francuski-lucien-georgelin-220-g-3330720650092.html
3330720650238;Pasztet z Bordeaux z rodzynkami 220 g;Delikatesy | Pasztety;Pasztet z Bordeaux z Rodzynkami Francuski Lucien Georgelin 220g - Opis Produktu Odkryj wyjątkowy smak pasztetu z Bordeaux z rodzynkami od renomowanej marki Lucien Georgelin . Ten wykwintny produkt o wadze 220g to doskonały wybór dla miłośników francuskiej kuchni, którzy pragną wzbogacić swoje posiłki o autentyczne smaki. Dlaczego warto wybrać Pasztet z Bordeaux? 1. Wyjątkowa receptura : Pasztet został stworzony według tradycyjnej francuskiej receptury, co sprawia, że każdy kęs przenosi Cię wprost do malowniczych regionów Francji . 2. Rodzynki dla smaku : Dodatek słodkich rodzynek nadaje pasztetowi niepowtarzalnego charakteru. Ich naturalna słodycz doskonale balansuje intensywność mięsa, tworząc harmonijną kompozycję smakową. 3. Wysoka jakość składników : Lucien Georgelin dba o to, aby wszystkie składniki były starannie dobrane i najwyższej jakości. Pasztet nie zawiera sztucznych dodatków ani konserwantów, co czyni go idealnym wyborem dla osób ceniących zdrową żywność. 4. Wszechstronność zastosowania : Pasztet świetnie sprawdzi się jako przystawka na eleganckie przyjęcia, dodatek do kanapek czy składnik sałatek. Możesz go serwować na zimno lub lekko podgrzany – zawsze zachwyci Twoich gości! 5. Idealny na prezent : Eleganckie opakowanie sprawia, że pasztet z Bordeaux jest także doskonałym pomysłem na prezent dla miłośników dobrej kuchni i kulinarnych nowości. Sposoby podania Pasztet z Bordeaux doskonale komponuje się z: - Chlebem wiejskim lub bagietką - Krakersami - Sałatkami - Serami pleśniowymi Dodaj odrobinę świeżych ziół lub pikantnego sosu, aby wzbogacić smak tej wyjątkowej pasty mięsnej . Zamów już dziś Pasztet z Bordeaux z rodzynkami Lucien Georgelin 220g i odkryj smak Francji w swoim domu! Idealny do degustacji solo lub jako część większej uczty kulinarnej – ten pasztet stanie się niezastąpionym elementem Twojej spiżarni. Składniki : Gardło wieprzowe, sos winny [czerwone wino (w tym siarczyny ), bulion drobiowy (woda, tuszki drobiowe, cebula, sól, pieprz), szalotka, woda, sól, ocet winny czerwony, natka pietruszki, czosnek, pieprz, tymianek, liść laurowy , gałka muszkatołowa, mięso wieprzowe, wątróbka drobiowa, suszone śliwki (śliwki, woda), sól, karmel (cukier, woda), żelatyna wieprzowa, pieprz. Przed otwarciem: Przechowywać w temperaturze pokojowej. Po otwarciu przechowywać w lodówce i spożyć w ciągu 2 dni.;23,00 zł;https://dobrewina.pl/2279-large_default/pasztet-z-bordeaux-z-rodzynkami-francuski-lucien-georgelin-220-g.jpg;N/A;Francja;Lot-et-Garonne;N/A;N/A;N/A;N/A;N/A;https://dobrewina.pl/pasztety/5569-pasztet-z-bordeaux-z-rodzynkami-francuski-lucien-georgelin-220-g-3330720650238.html
3330720650382;Pasztet śródziemnomorski z cytrynami z Menton 220 g;Delikatesy | Pasztety;Pasztet Śródziemnomorski z Kurczakiem i Cytryną z Menton - Lucien Georgelin 220g Odkryj wyjątkowy smak pasztetu śródziemnomorskiego z kurczakiem i cytryną od renomowanej marki Lucien Georgelin . Ten wykwintny produkt, dostępny w eleganckim słoiku o pojemności 220g, to prawdziwa uczta dla podniebienia, która przeniesie Cię prosto do malowniczej Francji. Wyjątkowe składniki Pasztet został stworzony z najwyższej jakości składników. Soczyste mięso kurczaka połączone jest z delikatnym aromatem cytryny, co nadaje mu świeżości i lekkości. W składzie znajdziesz także naturalne przyprawy oraz oliwę z oliwek, które wzbogacają smak i sprawiają, że każdy kęs to prawdziwa rozkosz. Idealny na każdą okazję Pasztet śródziemnomorski doskonale sprawdzi się jako przystawka na eleganckich przyjęciach, a także jako szybka przekąska na spotkaniach ze znajomymi. Możesz go serwować na chrupiącym pieczywie lub jako dodatek do sałatek. Jego uniwersalność sprawia, że jest idealnym wyborem zarówno na codzienny obiad, jak i na wyjątkowe okazje. Zdrowa alternatywa Lucien Georgelin dba o zdrowie swoich klientów. Pasztet nie zawiera sztucznych dodatków ani konserwantów, co czyni go zdrowszą alternatywą dla wielu innych produktów dostępnych na rynku. Możesz cieszyć się jego smakiem bez wyrzutów sumienia! Dlaczego warto wybrać pasztet od Lucien Georgelin? - Wysoka jakość : Produkty tej marki są znane z dbałości o szczegóły oraz tradycyjnych receptur. - Autentyczny smak : Każdy słoik to prawdziwe dzieło sztuki kulinarnej. - Praktyczne opakowanie : Słoik o pojemności 220g to idealna ilość na kilka posiłków. Zamów już dziś pasztet śródziemnomorski z kurczakiem i cytryną od Lucien Georgelin i zasmakuj w wyjątkowym połączeniu smaków! To nie tylko jedzenie – to prawdziwa podróż do serca Francji ! Składniki :  Gardło wieprzowe, mięso wieprzowe, mięso z kurczaka 17%, czerwone mięso z kurczaka, bulion z kurczaka (woda, tuszki drobiowe, cebula, sól, pieprz), szalotka, wątróbka drobiowa, podbródek cytrynowy 3,2%, sól, cukier, czosnek, żelatyna wieprzowa, pieprz. Przed otwarciem: Przechowywać w temperaturze pokojowej. Po otwarciu przechowywać w lodówce i spożyć w ciągu 2 dni.;24,00 zł;https://dobrewina.pl/2280-large_default/pasztet-srodziemnomorski-z-kurczakiem-i-cytryna-z-menton-francuski-lucien-georgelin-220g.jpg;N/A;Francja;Lot-et-Garonne;N/A;N/A;N/A;N/A;N/A;https://dobrewina.pl/pasztety/5570-pasztet-srodziemnomorski-z-kurczakiem-i-cytryna-z-menton-francuski-lucien-georgelin-220g-3330720650382.html
3330720650252;Pasztet z piersi kaczki 220 Gram;Delikatesy | Pasztety;Pasztet z piersi kaczki francuski Lucien Georgelin 220g – Delikates dla Koneserów Odkryj wyjątkowy smak pasztetu z piersi kaczki francuskiej marki Lucien Georgelin . Ten luksusowy produkt o pojemności 220g to idealna propozycja dla miłośników wykwintnych przysmaków, którzy cenią sobie jakość i tradycję. Wyjątkowe składniki Pasztet powstaje z najwyższej jakości mięsa kaczki, które jest starannie selekcjonowane. Dzięki użyciu naturalnych składników oraz braku konserwantów, każdy kęs to prawdziwa uczta dla podniebienia. W procesie produkcji zachowano tradycyjne francuskie receptury , co sprawia, że smak pasztetu jest niepowtarzalny. Idealny na każdą okazję Pasztet z piersi kaczki Lucien Georgelin doskonale sprawdzi się jako elegancka przystawka na przyjęciach, rodzinnych spotkaniach czy romantycznych kolacjach. Możesz go serwować na chrupiącym pieczywie lub jako dodatek do sałatek i dań głównych. Jego intensywny smak doskonale komponuje się z winem oraz różnymi rodzajami serów. Wartości odżywcze Każde opakowanie zawiera bogactwo białka oraz zdrowych tłuszczów, co czyni ten pasztet nie tylko smacznym, ale i wartościowym wyborem w codziennej diecie. Idealnie nadaje się dla osób poszukujących zdrowych alternatyw w swojej kuchni. Dlaczego warto wybrać pasztet Lucien Georgelin? 1. Tradycja i jakość : Francuska receptura gwarantuje autentyczny smak. 2. Naturalne składniki : Bez konserwantów i sztucznych dodatków. 3. Wszechstronność : Doskonały na każdą okazję – od przekąsek po dania główne. 4. Atrakcyjna prezentacja : Eleganckie opakowanie idealne na prezent. Zamów już dziś pasztet z piersi kaczki francuskiej Lucien Georgelin 220g i pozwól sobie na chwilę przyjemności! Przekonaj się, jak wyjątkowy może być smak prawdziwego delikatesu . Nie czekaj – zasmakuj w francuskiej kuchni w swoim domu! Składniki : Mięso z kaczki 30%, gardło wieprzowe, wieprzowina, wątróbka drobiowa, bulion z kurczaka (woda, tuszki drobiowe, cebula, sól, pieprz), wędzone piersi z kaczki 5% (mięso z kaczki, sól, pieprz, przyprawy, przeciwutleniacz: askorbinian sodu, substancja konserwująca: azotyn sodu), sól, żelatyna wieprzowa, pieprz.;25,00 zł;https://dobrewina.pl/2281-large_default/pasztet-z-piersi-kaczki-francuski-lucien-georgelin-220g.jpg;N/A;Francja;Lot-et-Garonne;N/A;N/A;N/A;N/A;N/A;https://dobrewina.pl/pasztety/5574-pasztet-z-piersi-kaczki-francuski-lucien-georgelin-220g-3330720650252.html
5906732611215;Wiśnia w czekoladzie deserowej 100g;Delikatesy | Słodycze;Wiśnia w czekoladzie deserowej 100g - Wyjątkowy Deser dla Miłośników Czekolady i Wiśni. Wiśnia w czekoladzie deserowej 100g to idealna propozycja dla wszystkich miłośników słodkości . Połączenie soczystych wiśni z wykwintną czekoladą deserową stworzyło niezwykły smakowy doznanie, które zachwyci nawet najbardziej wymagających smakoszy. Nasze wiśnie w czekoladzie są starannie wyselekcjonowane i poddane delikatnemu procesowi produkcji, aby zachować ich naturalny smak i aromat. Każdy kawałek wiśni jest oblany pyszną, gęstą czekoladą deserową, która rozpływa się w ustach, pozostawiając intensywny i przyjemny posmak. To doskonały deser na każdą okazję - od codziennego popołudniowego słodzenia życia po eleganckie przyjęcia czy romantyczne wieczory we dwoje. Nasz produkt świetnie sprawdzi się również jako oryginalny prezent dla bliskich lub jako dodatek do koszyka upominkowego . Dzięki opakowaniu 100g możesz cieszyć się smakiem Wiśni w czekoladzie deserowej gdziekolwiek jesteś. Doskonale nadaje się także do podania gościom na przyjęciach czy imprezach rodzinnych. Kupując nasze wiśnie w czekoladzie, masz pewność wysokiej jakości oraz autentycznego smaku. Zapewniamy szybką dostawę i doskonałe wsparcie klienta. Spróbuj naszych Wiśni w czekoladzie deserowej już dziś i odkryj niezapomniane doznania smakowe!;19,90 zł;https://dobrewina.pl/2295-large_default/wisnia-w-czekoladzie-deserowej-100g.jpg;N/A;Polska;N/A;N/A;N/A;N/A;N/A;N/A;https://dobrewina.pl/slodycze/5589-wisnia-w-czekoladzie-deserowej-100g-5906732611215.html
100g;Orzeszki ziemne prażone w karmelu 100g;Delikatesy | Inne specjały;N/A;9,90 zł;https://dobrewina.pl/2304-large_default/orzeszki-ziemne-prazone-w-karmelu-100g.jpg;N/A;N/A;N/A;N/A;N/A;N/A;N/A;N/A;https://dobrewina.pl/inne-specjaly/5590-orzeszki-ziemne-prazone-w-karmelu-100g.html
8003979003524;Pikantna salsa do bruschetta smarowidło 180 gram;Delikatesy | Inne specjały;Pikantna salsa do bruschetta o wadze 180 gramów to idealny dodatek do Twoich ulubionych przekąsek. Ta aromatyczna mieszanka pomidorów, papryki, cebuli i przypraw doskonale komponuje się z chrupiącym chlebem i oliwą z oliwek. Dzięki intensywnemu smakowi i pikantności, ta salsa doda wyrazistości każdemu kęsowi. Zastosowanie: - Pikantna salsa do bruschetta 180 gram - idealna na imprezy i spotkania ze znajomymi - Salsa do bruschetta o wadze 180 g - szybki sposób na urozmaicenie codziennych posiłków - Najlepsza salsa do bruschetta - pyszny dodatek do kanapek i sałatek Dzięki tej pikantnej salsie Twoje bruschette nabiorą nowego smaku i świeżości. Spróbuj jej już dziś i rozkoszuj się intensywnymi aromatami! Składniki: Koncentrat pomidorowy (50%), olej słonecznikowy, pietruszka, ocet, anchois, oliwa extravirgin, sól, papryczka chilli (0,2%), czosnek. Przechowywać w miejscu chłodnym i suchym. Najlepiej spożyć przed konćem daty drukowanej na opakowaniu. Po otwarciu przechowywać w warunkach chłodniczych nie dłużej niż 10 dni. Waga netto 180g. Pochodzenie Włochy. Wartość odżywcza w 100g produktu: Wartość energetyczna 1.283kJ/310kcal. Tłuszcz 28g - w tym kwasy tłuszczowe nasycone 3g. Węglowodany 10g - w tym cukry 6,8g. Białko 3,3g. Sól 3,6g.;13,00 zł;https://dobrewina.pl/2315-large_default/pikantna-salsa-do-bruschetta-180g.jpg;N/A;Włochy;N/A;N/A;N/A;N/A;N/A;N/A;https://dobrewina.pl/inne-specjaly/5616-pikantna-salsa-do-bruschetta-180g-8003979003524.html
8003979002664;Pesto z truflami 180 gram;Delikatesy | Pesto;"Pesto z truflami w słoiczku o pojemności 180 gram to prawdziwa uczta dla podniebienia. Wyjątkowe połączenie intensywnego smaku trufli z aromatycznymi ziołami sprawia, że każdy kęs tego wyjątkowego sosu jest prawdziwym doznaniem kulinarnej ekscytacji. Nasze pesto zostało stworzone z myślą o najbardziej wymagających smakoszach, którzy cenią sobie wyrafinowany gust i niepowtarzalny aromat. Doskonale komponuje się zarówno z makaronem, jak i jako dodatek do mięs czy sałatek. Jego kremowa konsystencja doskonale otula każdy składnik potrawy, nadając jej niezapomniany charakter. Dzięki starannie dobranym składnikom oraz tradycyjnej recepturze pesto z truflami zachwyca nie tylko swoim smakiem, ale także wysoką jakością. Każde opakowanie zawiera pełen bogactwa smaku produkt, który sprawi, że Twoje dania nabiorą nowego wymiaru. Zapraszamy do spróbowania naszego pesto z truflami 180g i odkrycia magii prawdziwych włoskich smaków w Twojej kuchni. Pozwól sobie na chwilę luksusu i delektuj się wyjątkowym doznaniem kulinarnej przyjemności! Składniki: Olej słonecznikowy, bazylia włoska (35%), orzechy nerkowca, sól, letnia trufla (Tuber aestivum Vitt.), ser Pecorino Romano (mleko owcze, sól, podpuszczka), orzeszki pinii, czosnek, aromat, przeciwutleniacz: kwas askorbinowy; zakwaszanie: kwas cytrynowy. Przechowywać w miejscu chłodnym i suchym. Najlepiej spożyć przed końcem daty drukowanej na opakowaniu. Po otwarciu przechowywać w warunkach chłodniczych nie dłużej niż 10 dni. Waga netto 350g. Pochodzenie Włochy. Wartość odżywcza w 100g produktu: Wartość energetyczna 1.963kJ/476kcal. Tłuszcz 48g - w tym kwasy tłuszczowe nasycone 6,5g. Węglowodany 4,6g - w tym cukry 1,9g. Białko 5,2g. Sól 2,4g.";15,00 zł;https://dobrewina.pl/2316-large_default/pesto-z-truflami-180g.jpg;N/A;Włochy;N/A;N/A;N/A;N/A;N/A;N/A;https://dobrewina.pl/pesto/5619-pesto-z-truflami-180g-8003979002664.html
8034141060403;Kawa Turati Espresso Italiano Tradizione 1kg;Delikatesy | Kawy;Kawa Turati Espresso Italiano Tradizione 1 kg – Klasyczne włoskie espresso Turati Espresso Italiano Tradizione to wyjątkowa mieszanka najwyższej jakości ziaren: arabica 55% i 45% robusta , stworzona z myślą o miłośnikach prawdziwego włoskiego espresso . Dzięki starannemu procesowi palenia , kawa ta zachwyca głębokim smakiem, aksamitnym body i intensywnym aromatem . Idealna zarówno do tradycyjnego espresso, jak i mlecznych kaw, takich jak cappuccino czy latte macchiato. Cechy produktu: Rodzaj: Kawa ziarnista Waga: 1 kg Pochodzenie ziaren: Starannie wyselekcjonowane mieszanki Arabiki 55% i Robusty 45% Stopień palenia: Średnio-ciemne (typowe dla włoskiego espresso) Smak: Pełny, intensywny, z nutami czekolady i orzechów Aromat: Bogaty, głęboki, z lekką nutą karmelu Crema: Gęsta, trwała, złocisto-brązowa Idealna do: Ekspresów ciśnieniowych – doskonałe, kremowe espresso Kawiarki i ekspresów kolbowych – idealna dla tradycyjnej metody parzenia Kaw mlecznych – świetnie komponuje się z mlekiem w cappuccino i latte Turati Espresso Italiano Tradizione to doskonały wybór dla osób, które cenią autentyczny włoski smak i najwyższą jakość . Dodaj do koszyka i ciesz się doskonałym espresso każdego dnia!;99,90 zł;https://dobrewina.pl/2362-large_default/kawa-turati-espresso-italiano-tradizione-1kg.jpg;N/A;Włochy;N/A;Arabica, Robusta;N/A;N/A;N/A;N/A;https://dobrewina.pl/kawy/5664-kawa-turati-espresso-italiano-tradizione-1kg-8034141060403.html
8003979002633;Pesto rosso 180 gram;Delikatesy | Pesto;Czerwone pesto „Monti” jest powszechnie nazywane „bratem genovese pesto”. Przepis przygotowany z włoską bazylią, olejem z nasion słonecznika i suszonymi pomidorami pierwszej jakości. Suszone pomidory nadają intensywny czerwony kolor, dzięki czemu pesto to idealnie nadaje się do makaronu, gnocchi lub do smarowania tostów.;11,00 zł;https://dobrewina.pl/2364-large_default/pesto-rosso-180g.jpg;N/A;Włochy;N/A;N/A;N/A;N/A;N/A;N/A;https://dobrewina.pl/pesto/5618-pesto-rosso-180g-8003979002633.html
8003979003517;Krem truflowy 180 gram;Delikatesy;Krem truflowy „Monti” wzbogaca stoły smakiem i zapachem trufli . Wysokiej jakości składnik kuchni włoskiej. Prosty, ale wartościowy przepis, kremowy i idealny do wykorzystania w różnych potrawach: sosu do makaronu lub ryżu, idealny do smarowania pieczonego chleba. Elegancki akcent na Twoim stole!;15,00 zł;https://dobrewina.pl/2365-large_default/krem-truflowy-180g.jpg;N/A;Włochy;N/A;N/A;N/A;N/A;N/A;N/A;https://dobrewina.pl/trufla/5615-krem-truflowy-180g-8003979003517.html
8426506030006;Oliwa z oliwek Sierra de Cazorla Virgen Extra DOP 0,75L;Delikatesy | Oliwy;Hiszpańska jakość prosto z Andaluzji – z chronioną nazwą pochodzenia DOP. Sierra de Cazorla Virgen Extra to wyjątkowa oliwa z oliwek klasy premium, tłoczona na zimno wyłącznie z najlepszych owoców uprawianych w regionie Cazorla w południowej Hiszpanii. Oznaczenie DOP (Denominación de Origen Protegida) gwarantuje nie tylko autentyczność pochodzenia, ale również najwyższą jakość i tradycyjny sposób produkcji. Profil smakowy: Delikatnie owocowa, z wyczuwalnymi nutami zielonego pomidora, trawy i migdałów. Jej łagodna goryczka i lekko pikantny finisz doskonale komponują się zarówno z potrawami na zimno, jak i z daniami kuchni śródziemnomorskiej. Zastosowanie: Idealna do sałatek, pieczywa, warzyw, ryb, makaronów oraz do wykańczania gotowych dań. Sprawdzi się również jako element zdrowej diety – bogata w przeciwutleniacze i kwasy tłuszczowe omega-9. Najważniejsze cechy: - 100% oliwa extra virgin - tłoczona na zimno - region: Cazorla, Andaluzja, Hiszpania - DOP – Chroniona Nazwa Pochodzenia - butelka 0,75 L z ciemnego szkła chroniącego przed światłem Poznaj smak autentycznej Hiszpanii i wprowadź do swojej kuchni oliwę z najwyższej półki!;33,00 zł;https://dobrewina.pl/2448-large_default/oliwa-z-oliwek-sierra-de-cazorla-virgen-extra-dop-075l.jpg;N/A;Hiszpania;Andaluzja;N/A;N/A;N/A;N/A;N/A;https://dobrewina.pl/oliwy/5741-oliwa-z-oliwek-sierra-de-cazorla-virgen-extra-dop-075l-8426506030006.html
3330720633071;Delikates foie gras z łagodnym białym winem 100g;Delikatesy | Foie Gras;Delikates Foie Gras z Łagodnym Białym Winem 100 g – Lucien Georgelin Francja • delikatesy gourmet • foie gras z dodatkiem wina Foie Gras Lucien Georgelin to wykwintny francuski przysmak, stworzony z najwyższej jakości wątróbki kaczej i delikatnie wzbogacony aromatem białego wina. To połączenie klasycznej tradycji kulinarnej z nutą świeżości, które nadaje mu wyjątkowej elegancji i subtelności. W smaku jest aksamitny, lekko słodkawy, z wyraźnym, ale harmonijnym charakterem foie gras. Dodatek białego wina podkreśla delikatność i wnosi nuty owocowe oraz lekko kwiatowe akcenty, które sprawiają, że produkt staje się jeszcze bardziej wyrafinowany. Charakterystyka: Producent: Lucien Georgelin – francuski specjalista od delikatesów, Skład: foie gras z dodatkiem łagodnego białego wina, Konsystencja: gładka, kremowa, idealna do smarowania, Smak: delikatny, elegancki, z owocowo-winnym akcentem. Dlaczego warto? autentyczny francuski foie gras premium , perfekcyjny balans pomiędzy intensywnością a delikatnością, luksusowy produkt – doskonały na wyjątkowe okazje, świetny dodatek do wytrawnych aperitifów i eleganckich kolacji. Idealne do: podania na grzankach lub świeżej bagietce, eleganckiej przystawki podczas kolacji, połączenia z winami słodkimi (Sauternes, Monbazillac) lub musującymi (Crémant, Szampan). Foie Gras z Łagodnym Białym Winem Lucien Georgelin – klasyka francuskiej kuchni w wyjątkowej odsłonie. Produkt, który odmieni każdą kolację w kulinarne doświadczenie gourmet. Foie Gras z Łagodnym Białym Winem Lucien Georgelin możesz kupić również w naszych sklepach stacjonarnych: Dobre Wina, Warszawa, ul. Wyczółki 46 Dobre Wina, Warszawa, ul. Mickiewicza 30 Dobre Wina, Kraków, ul. Królowej Jadwigi 146 W celu potwierdzenia dostępności - prosimy o kontakt telefoniczny lub mailowy.;34,90 zł;https://dobrewina.pl/2487-large_default/delikates-foie-gras-z-lagodnym-bialym-winem-100g.jpg;N/A;Francja;Lot-et-Garonne;N/A;N/A;N/A;N/A;N/A;https://dobrewina.pl/foie-gras/5752-delikates-foie-gras-z-lagodnym-bialym-winem-100g-3330720633071.html
8034141060458;Kawa Turati Privilegio 100% Arabica Beans 1kg;Delikatesy | Kawy;Kawa Turati Privilegio 100% Arabica Beans 1kg Włochy • kawa ziarnista • 100% Arabica Turati Privilegio 100% Arabica to kawa premium stworzona z najlepszych ziaren Arabiki, starannie wyselekcjonowanych z najlepszych plantacji świata. Palona w tradycyjnym włoskim stylu, łączy w sobie elegancję, aksamitność i głębię smaku, charakterystyczną dla najwyższej jakości kaw ziarnistych. W aromacie dominują nuty czekolady, karmelu i orzechów, które harmonijnie łączą się ze szlachetną kwasowością. W smaku delikatna, ale pełna – z przyjemną słodyczą, subtelną owocowością i długim, eleganckim finiszem. Idealna zarówno do espresso, jak i do kaw mlecznych takich jak cappuccino czy latte macchiato. Charakterystyka: Skład: 100% Arabica Forma: kawa ziarnista Aromat: czekolada, karmel, orzechy, subtelne owoce Smak: aksamitny, zrównoważony, delikatna kwasowość, długi finisz Pochodzenie ziaren: wybrane plantacje Ameryki Południowej i Środkowej Dlaczego warto? 100% ziaren Arabica – najwyższa jakość i elegancja smaku, włoska tradycja palenia gwarantująca doskonały aromat, wszechstronność – świetna do ekspresu ciśnieniowego, automatycznego, kawiarki i mielenia na świeżo, kawa dla koneserów, którzy cenią balans pomiędzy słodyczą a kwasowością. Idealna do: espresso, cappuccino, latte macchiato, codziennej filiżanki kawy o wyjątkowym charakterze. Turati Privilegio 100% Arabica Beans 1kg – kawa klasy premium, która przeniesie Cię w świat włoskiej kultury picia kawy. Doskonała na co dzień i na wyjątkowe okazje. Kawę Turati Privilegio 100% Arabica Beans 1kg możesz kupić również w naszych sklepach stacjonarnych: Dobre Wina, Warszawa, ul. Wyczółki 46 Dobre Wina, Warszawa, ul. Mickiewicza 30 Dobre Wina, Kraków, ul. Królowej Jadwigi 146 W celu potwierdzenia dostępności - prosimy o kontakt telefoniczny lub mailowy.;109,00 zł;https://dobrewina.pl/2486-large_default/kawa-turati-privilegio-100-arabica-beans-1kg.jpg;https://dobrewina.pl/2485-large_default/kawa-turati-privilegio-100-arabica-beans-1kg.jpg;Włochy;N/A;N/A;N/A;N/A;N/A;N/A;https://dobrewina.pl/kawy/5754-kawa-turati-privilegio-100-arabica-beans-1kg-8034141060458.html
swiat;Czekolada 5x10 cm. Wesołych Świąt;Delikatesy | Słodycze;"Czekolada ""Wesołych Świąt"" 5×10 cm Słodki upominek dla wyjątkowych chwil Podaruj odrobinę świątecznej przyjemności — ręcznie wykonana czekoladka w formacie 5×10 cm to idealny dodatek do zestawu prezentowego, świątecznego stołu czy firmowego upominku. Delikatna, najwyższej jakości czekolada z eleganckim napisem „Wesołych Świąt” to subtelny, ale wyrazisty gest, który podkreśli wyjątkowy charakter tych magicznych dni. Dlaczego warto? Elegancki, minimalistyczny design Doskonała jako dodatek do butelki wina z naszej oferty Świeżość i staranność ręcznej produkcji Świetnie sprawdzi się w zestawach prezentowych, paczkach świątecznych i koszach delikatesowych Zamień zwykły prezent w wyjątkowy — odkryj świąteczne detale, które robią różnicę. Czekoladę ""Wesołych Świąt"" możesz kupić również w naszych sklepach stacjonarnych: Dobre Wina, Warszawa, ul. Wyczółki 46 Dobre Wina, Warszawa, ul. Mickiewicza 30 Dobre Wina, Kraków, ul. Królowej Jadwigi 146";11,90 zł;https://dobrewina.pl/2525-large_default/czekolada-5x10-cm-wesolych-swiat.jpg;N/A;Polska;N/A;N/A;N/A;N/A;N/A;N/A;https://dobrewina.pl/slodycze/5818-czekolada-5x10-cm-wesolych-swiat.html
kelnerski;Korkociąg / nóż kelnerski;Delikatesy | Akcesoria;Korkociąg / nóż kelnerski z logo dobrewina.pl;9,90 zł;https://dobrewina.pl/2094-large_default/korkociag-noz-kelnerski.jpg;N/A;N/A;N/A;N/A;N/A;N/A;N/A;N/A;https://dobrewina.pl/akcesoria/5423-korkociag-noz-kelnerski.html
9053108640891;Skrzyneczka drewniana zasuwana na 1 but. z uchwytem (AN);Prezenty | Skrzynki drewniane;Skrzyneczka drewniana zasuwana na 1 butelkę z uchwytem (AN) – elegancka i funkcjonalna opakowanie na wino Ta drewniana skrzyneczka to idealne rozwiązanie do przechowywania i prezentowania jednej butelki wina. Wykonana z wysokiej jakości drewna, z estetycznym wykończeniem , zapewnia solidność i trwałość, jednocześnie dodając elegancki akcent do każdej okazji. Skrzynka ma zasuwane wieko , które zabezpiecza zawartość przed kurzem i uszkodzeniami, oraz uchwyt , dzięki któremu transportowanie jej staje się wygodne i komfortowe. Jest doskonała na prezent lub przechowywanie cennych win , a jej minimalistyczny design świetnie pasuje do każdej aranżacji. Idealna na okazje specjalne , takie jak urodziny, rocznice czy święta, stanowi stylowe opakowanie, które nadaje wyjątkowy charakter każdemu podarunkowi. Dodaj do koszyka i podaruj wyjątkowy prezent!;35,00 zł;https://dobrewina.pl/221-large_default/skrzyneczka-drewniana-zasuwana-na-1-but-z-uchwytem-an.jpg;https://dobrewina.pl/222-large_default/skrzyneczka-drewniana-zasuwana-na-1-but-z-uchwytem-an.jpg;N/A;N/A;N/A;N/A;N/A;N/A;N/A;https://dobrewina.pl/prezenty/185-skrzyneczka-drewniana-zasuwana-na-1-but-z-uchwytem-an-9053108640891.html
eko;Kartonik 1 butelka zamykany 7,8x9x34 EKO;Prezenty | Zestawy prezentowe | Wino na prezent | Opakowania na wino | Na 1 butelkę | Na 2 butelki | Na 3 i więcej butelek;Kartonik na 1 butelkę zamykany 7,8x9x34 cm EKO – Eleganckie i ekologiczne opakowanie Praktyczny i stylowy kartonik na jedną butelkę wina , wykonany z wysokiej jakości ekologicznej tektury . Jego naturalny, minimalistyczny design sprawia, że idealnie nadaje się jako prezentowe opakowanie na różne okazje. Solidna konstrukcja zapewnia bezpieczeństwo butelki podczas transportu i przechowywania. Cechy produktu: Rodzaj: Kartonik na 1 butelkę Wymiary: 7,8 x 9 x 34 cm Materiał: Ekologiczna tektura kraft Kolor: Naturalny, brązowy Zamykany – praktyczna klapka chroniąca butelkę Idealne do: Opakowania prezentowego – nadaje elegancki wygląd butelce wina lub innego alkoholu Bezpiecznego transportu – chroni zawartość przed uszkodzeniem Personalizacji – możliwość ozdobienia wstążką, naklejką lub nadrukiem Kartonik EKO to doskonałe rozwiązanie dla osób, które cenią estetykę, funkcjonalność i dbałość o środowisko . Dodaj do koszyka i zapakuj swoje wino w stylowy i ekologiczny sposób!;15,00 zł;https://dobrewina.pl/874-large_default/kartonik-1-butelka-zamykany-78x9x34-eko.jpg;N/A;N/A;N/A;N/A;N/A;N/A;N/A;N/A;https://dobrewina.pl/opakowanie-tekturowe/161-kartonik-1-butelka-zamykany-78x9x34-eko.html
prezentowe;Kartonik Stożkowy EKO na 1 Butelkę 9×9×40 cm – Opakowanie Prezentowe;Prezenty | Opakowania na wino | Na 1 butelkę | Na 2 butelki;Stylowy kartonik Stożkowy EKO na 1 butelkę – w wymiarach 9 × 9 × 40 cm , wykonany z grubego ekologicznego kartonu. Jego stożkowy kształt dodaje elegancji i intryguje już od pierwszego spojrzenia. Naturalny, szary kolor tektury podkreśla surową, minimalistyczną estetykę – idealny wybór dla tych, którzy cenią prostotę i ekologiczne rozwiązania. Zamykany od góry kartonik zapewnia bezpieczeństwo butelki w trakcie transportu oraz elegancką prezentację. Świetnie sprawdzi się jako opakowanie prezentowe na wino, likier, spirytus lub inne trunki premium. Możliwość personalizacji – naklejka, wstążka lub nadruk logo – pozwala uczynić prezent naprawdę wyjątkowym. kartonik Stożkowy EKO na 1 butelkę możesz kupić również w naszych sklepach stacjonarnych: Dobre Wina, Warszawa, ul. Wyczółki 46 Dobre Wina, Warszawa, ul. Mickiewicza 30 Dobre Wina, Kraków, ul. Królowej Jadwigi 146 W celu potwierdzenia dostępności - prosimy o kontakt telefoniczny lub mailowy.;13,00 zł;https://dobrewina.pl/328-large_default/kartonik-stozkowy-eko-na-1-butelke-9940-cm-opakowanie-prezentowe.jpg;https://dobrewina.pl/770-large_default/kartonik-stozkowy-eko-na-1-butelke-9940-cm-opakowanie-prezentowe.jpg;N/A;N/A;N/A;N/A;N/A;N/A;N/A;https://dobrewina.pl/opakowanie-tekturowe/293-kartonik-stozkowy-eko-na-1-butelke-9940-cm-opakowanie-prezentowe.html
bialy;Kartonik NW1 zamykany biały;Prezenty | Opakowania na wino | Na 1 butelkę;Kartonik z tektury falistej na jedną butelkę z wygodnym uchwytem w kolorze białym. Wymiary: szer. 10,5 cm gł. 8,5 cm wys. 34,5 cm;15,00 zł;https://dobrewina.pl/259-large_default/kartonik-nw1-zamykany-bialy.jpg;https://dobrewina.pl/771-large_default/kartonik-nw1-zamykany-bialy.jpg;N/A;N/A;N/A;N/A;N/A;N/A;N/A;https://dobrewina.pl/opakowanie-tekturowe/224-kartonik-nw1-zamykany-bialy.html
5902578401294;Kartonik S1O okno EKO (6);Prezenty | Opakowania na wino | Na 1 butelkę;Kartonik z tektury prążkowanej na jedną butelkę z wygodnym uchwytem oraz okienkiem EKO. Wymiary: szer. 9 cm gł. 9 cm wys. 40 cm;13,00 zł;https://dobrewina.pl/884-large_default/kartonik-s1o-okno-eko-6.jpg;N/A;N/A;N/A;N/A;N/A;N/A;N/A;N/A;https://dobrewina.pl/opakowanie-tekturowe/715-kartonik-s1o-okno-eko-6-5902578401294.html
czerwona;Torebka papierowa 1 butelkę czerwona;Prezenty | Opakowania na wino | Na 1 butelkę;Torebka Papierowa na 1 Butelkę Wina – Czerwona Elegancka torebka papierowa w kolorze zielonym, dedykowana do bezpiecznego i stylowego przenoszenia jednej butelki wina. Wykonana z wysokiej jakości papieru o gramaturze 110 g/m², co zapewnia jej trwałość i estetyczny wygląd. Specyfikacja: - Wymiary: 140 mm (szerokość) x 80 mm (głębokość) x 390 mm (wysokość) - Uchwyt: Skręcane papierowe uchwyty mocowane od wewnątrz, gwarantujące wygodę podczas przenoszenia - Pojemność: Odpowiednia dla standardowej butelki wina o pojemności 0,75 L Torebka jest idealnym rozwiązaniem dla osób i firm pragnących podkreślić swój indywidualizm oraz wyróżnić się estetycznym opakowaniem. Doskonale sprawdzi się jako opakowanie prezentowe dla butelki wina, alkoholu, zabawek czy roślin. Dzięki swojej wytrzymałości i eleganckiemu wyglądowi, czerwona torebka papierowa na wino stanowi praktyczne i estetyczne rozwiązanie na różne okazje.;6,00 zł;https://dobrewina.pl/1722-large_default/torebka-papierowa-1-butelke-czerwona.jpg;https://dobrewina.pl/1723-large_default/torebka-papierowa-1-butelke-czerwona.jpg;N/A;N/A;N/A;N/A;N/A;N/A;N/A;https://dobrewina.pl/prezenty/3710-torebka-papierowa-1-butelke-czerwona.html
granatowa;Torebka papierowa 1 butelkę granatowa;Prezenty | Opakowania na wino | Na 1 butelkę;Torebka Papierowa na 1 Butelkę Wina – Granatowa Elegancka torebka papierowa w kolorze zielonym, dedykowana do bezpiecznego i stylowego przenoszenia jednej butelki wina. Wykonana z wysokiej jakości papieru o gramaturze 110 g/m², co zapewnia jej trwałość i estetyczny wygląd. Specyfikacja: - Wymiary: 140 mm (szerokość) x 80 mm (głębokość) x 390 mm (wysokość) - Uchwyt: Skręcane papierowe uchwyty mocowane od wewnątrz, gwarantujące wygodę podczas przenoszenia - Pojemność: Odpowiednia dla standardowej butelki wina o pojemności 0,75 L Torebka jest idealnym rozwiązaniem dla osób i firm pragnących podkreślić swój indywidualizm oraz wyróżnić się estetycznym opakowaniem. Doskonale sprawdzi się jako opakowanie prezentowe dla butelki wina, alkoholu, zabawek czy roślin. Dzięki swojej wytrzymałości i eleganckiemu wyglądowi, granatowi torebka papierowa na wino stanowi praktyczne i estetyczne rozwiązanie na różne okazje.;6,00 zł;https://dobrewina.pl/1724-large_default/torebka-papierowa-1-butelke-granatowa.jpg;https://dobrewina.pl/1725-large_default/torebka-papierowa-1-butelke-granatowa.jpg;N/A;N/A;N/A;N/A;N/A;N/A;N/A;https://dobrewina.pl/opakowanie-tekturowe/3709-torebka-papierowa-1-butelke-granatowa.html
uchwytem;Kartonik Złoty S1 – opakowanie prezentowe na 1 butelkę z uchwytem;Prezenty | Opakowania na wino | Na 1 butelkę;Stylowy kartonik Złoty S1 to eleganckie i praktyczne opakowanie prezentowe na jedną butelkę wina, likieru lub innego alkoholu premium. Wykonany z trwałej tektury, w złotej kolorystyce o delikatnym połysku, nadaje wyjątkowego charakteru każdemu upominkowi. Dzięki wygodnemu uchwytowi jest poręczny i gotowy do wręczenia – nie wymaga dodatkowego pakowania. Naturalna faktura tektury podkreśla estetykę i sprawia, że kartonik świetnie sprawdzi się zarówno w prezentach prywatnych, jak i biznesowych. Wymiary: 9 × 9 × 40 cm Kartonik Złoty S1 – elegancja i prostota w najlepszym wydaniu. Kartonik 1 butelka typu stożek 9x9x40 złoty możesz kupić również w naszych sklepach stacjonarnych: Dobre Wina, Warszawa, ul. Wyczółki 46 Dobre Wina, Warszawa, ul. Mickiewicza 30 Dobre Wina, Kraków, ul. Królowej Jadwigi 146 W celu potwierdzenia dostępności - prosimy o kontakt telefoniczny lub mailowy.;13,00 zł;https://dobrewina.pl/2011-large_default/kartonik-zloty-s1-opakowanie-prezentowe-na-1-butelke-z-uchwytem.jpg;N/A;N/A;N/A;N/A;N/A;N/A;N/A;N/A;https://dobrewina.pl/prezenty/5352-kartonik-zloty-s1-opakowanie-prezentowe-na-1-butelke-z-uchwytem.html
granat;Kartonik 3 butelki zamykany 9,4x25,7x35 granat;Prezenty | Opakowania na wino | Na 2 butelki | Na 3 i więcej butelek;Kartonik z tektury na trzy butelki z wygodnym uchwytem w kolorze granatowym;29,90 zł;https://dobrewina.pl/2013-large_default/kartonik-3-butelki-zamykany-94x257x35-granat.jpg;N/A;N/A;N/A;N/A;N/A;N/A;N/A;N/A;https://dobrewina.pl/prezenty/3724-kartonik-3-butelki-zamykany-94x257x35-granat.html
konfitur;Zestaw prezentowy z nalewek oraz konfitur;Prezenty | Zestawy prezentowe;Zestaw prezentowy z nalewek oraz konfitur – nalewki i dżemy w eleganckim opakowaniu Podaruj smak tradycji i naturalnej przyjemności — oto Zestaw prezentowy z nalewek oraz konfitur , skomponowany z myślą o chwili, która smakuje wyjątkowo. W ekologicznej kartonowej oprawie znajdziesz dwie autentyczne polskie nalewki: żurawinową Potok Wysoki (26%) i chrzanową Potok Wysoki (30%) , a także dwa wyjątkowe dodatki: konfiturę z cebuli Lucien Georgelin oraz konfiturę z czarnych czereśni. To idealny prezent nie tylko na urodziny i imieniny, ale także na święta czy firmowe upominki. Dlaczego warto? Wyjątkowa kompozycja smaków – połączenie owocowej nuty żurawiny, rozgrzewającej mocy chrzanu oraz subtelnej słodyczy wyrafinowanych konfitur. Eleganckie, naturalne opakowanie – ekologiczny kartonik falisty w naturalnym odcieniu, który podkreśla autentyczność i styl. Uniwersalne zastosowanie – idealny jako elegancki wino na prezent , upominek dla klienta lub firmowy gest z klasą. Gotowy do wręczenia – stylowe i trafione rozwiązanie, które natychmiast zachwyca i zaskakuje. Daj się przekonać — zestaw prezentowy z nalewkami i konfiturami łączy polskie tradycje, smak i estetykę w jednym wyjątkowym podarunku. Zestaw prezentowy z nalewek oraz konfitur możesz kupić również w naszych sklepach stacjonarnych: Dobre Wina, Warszawa, ul. Wyczółki 46 Dobre Wina, Warszawa, ul. Mickiewicza 30 Dobre Wina, Kraków, ul. Królowej Jadwigi 146;179,00 zł;https://dobrewina.pl/2240-large_default/zestaw-prezentowy-z-nalewek-oraz-konfitur.jpg;N/A;N/A;N/A;N/A;N/A;N/A;N/A;N/A;https://dobrewina.pl/zestawy-prezentowe/5541-zestaw-prezentowy-z-nalewek-oraz-konfitur.html
skrzynce;Zestaw Prezentowy z Jaffelin Cremant de Bourgogne Blanc de Blancs Brut – Idealny Prezent w Drewnianej Skrzynce;Prezenty | Wino na prezent;Zestaw Prezentowy z Jaffelin Cremant de Bourgogne Blanc de Blancs Brut – Idealny Prezent w Drewnianej Skrzynce. Szukasz wyjątkowego prezentu , który zachwyci każdego miłośnika dobrego smaku? Oto idealna propozycja – zestaw prezentowy z Jaffelin Cremant de Bourgogne Blanc de Blancs Brut , starannie zapakowany w elegancką drewnianą skrzynkę . Ten zestaw to połączenie luksusu i estetyki, które sprawi, że każda okazja stanie się niezapomniana. Elegancja w Każdym Detalu Nasza drewniana skrzynka nie tylko chroni zawartość, ale także dodaje szyku. Wykonana z wysokiej jakości drewna, jest doskonałym rozwiązaniem dla tych, którzy cenią sobie estetykę i styl. Możesz ją wykorzystać jako oryginalną dekorację lub przechować w niej inne skarby. Wyjątkowy Smak Jaffelin Cremant de Bourgogne Jaffelin Cremant de Bourgogne Blanc de Blancs Brut to wino musujące o wyjątkowym smaku. Stworzony z najlepszych winogron Chardonnay , zachwyca delikatnymi nutami owoców cytrusowych oraz subtelnym bąbelkowaniem. To idealny wybór na każdą okazję – od romantycznej kolacji po przyjęcie ze znajomymi. Doskonały Prezent na Każdą Okazję Niezależnie od tego, czy szukasz prezentu na urodziny, rocznicę czy święta – nasz zestaw będzie strzałem w dziesiątkę! Dzięki eleganckiemu opakowaniu i wykwintnemu trunkowi sprawisz radość każdemu obdarowanemu. Dlaczego Warto Wybrać Nasz Zestaw? - Luksusowe Doświadczenie: Połączenie wyjątkowego wina i eleganckiego opakowania. - Uniwersalność: Idealny na różne okazje. - Wysoka Jakość: Starannie wyselekcjonowane składniki i estetyczne wykonanie. Nie czekaj! Zamów nasz zestaw prezentowy z Jaffelin Cremant de Bourgogne Blanc de Blancs Brut już dziś i podaruj bliskim chwilę prawdziwej przyjemności!;109,00 zł;https://dobrewina.pl/2286-large_default/zestaw-prezentowy-z-jaffelin-cremant-de-bourgogne-blanc-de-blancs-brut-idealny-prezent-w-drewnianej-skrzynce.jpg;N/A;N/A;N/A;N/A;N/A;N/A;N/A;N/A;https://dobrewina.pl/prezenty/5576-zestaw-prezentowy-z-jaffelin-cremant-de-bourgogne-blanc-de-blancs-brut-idealny-prezent-w-drewnianej-skrzynce.html
maziak;Kartonik 1 butelka zamykany 7,8x9x34 srebny maziak;Prezenty | Opakowania na wino | Na 1 butelkę;Kartonik na 1 butelkę zamykany z uchwytem – Srebrny maziak (7,8x9x34) Szukasz eleganckiego i funkcjonalnego opakowania na butelkę ? Nasz kartonik na jedną butelkę w kolorze srebrnym maziak to idealne rozwiązanie! Dlaczego warto wybrać nasz kartonik? 1. Wyjątkowy design: Srebrny maziak dodaje szyku każdemu prezentowi. Idealnie nadaje się na różnorodne okazje – od urodzin po wesela. Dzięki nowoczesnemu wyglądowi, Twoja butelka będzie prezentować się wyjątkowo! 2. Wygodny uchwyt: Zamykany kartonik wyposażony jest w praktyczny uchwyt, co ułatwia przenoszenie. Nie musisz się martwić o to, że butelka przypadkowo wypadnie z opakowania – solidne wykonanie zapewnia bezpieczeństwo. 3. Optymalne wymiary: Wymiary 7,8 x 9 x 34 cm sprawiają, że nasz kartonik pasuje do większości standardowych butelek. Niezależnie od tego, czy chcesz zapakować wino, szampana czy inny napój – nasz produkt sprosta Twoim oczekiwaniom. Gdzie wykorzystać nasz kartonik? - Prezent dla bliskiej osoby : Idealny do pakowania alkoholu jako wyjątkowy upominek. - Eventy i imprezy : Doskonałe na wesela, bankiety czy przyjęcia. Nie czekaj! Wybierz nasz srebrny kartonik na jedną butelkę zamykany z uchwytem już dziś i dodaj elegancji swoim prezentom ! Zrób krok ku perfekcyjnemu pakowaniu – Twoi bliscy będą zachwyceni! Zamów teraz i skorzystaj z naszej oferty!;15,00 zł;https://dobrewina.pl/2288-large_default/kartonik-na-1-butelke-zamykany-z-uchwytem-o-wymiarach-78x9x34-kolor-srebny-maziak.jpg;N/A;N/A;N/A;N/A;N/A;N/A;N/A;N/A;https://dobrewina.pl/opakowanie-tekturowe/5578-kartonik-na-1-butelke-zamykany-z-uchwytem-o-wymiarach-78x9x34-kolor-srebny-maziak.html
kartoniku;Zestaw prezentowy dwa wina oraz delikatesy w eleganckim kartoniku;Prezenty | Zestawy prezentowe;Zestaw prezentowy , który składają się z białego wina Barbanera Campopietro Sangiovese vinificato in Bianco Toscana IGT , czerwonego wina Bio 3 Passo Rosso 0,75 L , Żurawina w czekoladzie deserowej 80g , Dżem z czarnych wiśni 320 gram zapakowany w elegancki kartonik na 3 butelki zamykany o wymiarach 9,4x25,7x35 w kolorze granat to doskonały wybór dla miłośników wysokiej jakości produktów. Nasz zestaw prezentowy zawiera starannie wyselekcjonowane wina i pyszne przekąski , które z pewnością zachwycą każdego smakosza. Barbanera Campopietro Sangiovese vinificato in Bianco Toscana IGT to wyjątkowe wino o delikatnym smaku i aromacie owoców. Bio 3 Passo Rosso 0,75 L to kolejna propozycja dla miłośników doskonałego smaku - czerwone wino o intensywnym bukiecie zapachowym. Aby uzupełnić doznania smakowe proponujemy również przysmaki - żurawinę w czekoladzie deserowej oraz dżem z czarnych wiśni . Nasz zestaw prezentowy jest idealny na różne okazje - od uroczystych spotkań rodzinnych po spotkania firmowe. Zapakowany w elegancki kartonik na trzy butelki, nasz zestaw prezentowy będzie doskonałym upominkiem dla bliskiej osoby lub idealnym prezentem świątecznym dla pracowników lub kontrahentów. Dzięki naszemu zestawowi prezentowemu możesz cieszyć się wyjątkowymi smakami i aromatami bez wychodzenia z domu. Zamów już teraz i spraw swoim bliskim niezapomnianą przyjemność degustacji wysokiej jakości włoskich win i przysmaków! Zestaw prezentowy możesz kupić również w naszych sklepach stacjonarnych: Dobre Wina, Warszawa, ul. Wyczółki 46 Dobre Wina, Warszawa, ul. Mickiewicza 30 Dobre Wina, Kraków, ul. Królowej Jadwigi 146;139,00 zł;https://dobrewina.pl/2296-large_default/zestaw-prezentowy-dwa-wina-oraz-delikatesy-w-eleganckim-kartoniku.jpg;N/A;N/A;N/A;N/A;N/A;N/A;N/A;N/A;https://dobrewina.pl/zestawy-prezentowe/5591-zestaw-prezentowy-dwa-wina-oraz-delikatesy-w-eleganckim-kartoniku.html
kartonik;Zestaw prezentowy Armagnac Haut Marin XO zapakowany w elegancki kartonik;Prezenty | Zestawy prezentowe;Zestaw prezentowy z Armagnac Haut Marin XO zapakowany w elegancki kartonik koloru srebrnego to doskonały wybór dla miłośników wysokiej jakości alkoholi. Nasz zestaw prezentowy zawiera butelkę wyjątkowego Armagnac Haut Marin XO , który zachwyci nawet najbardziej wymagających koneserów. Elegancki kartonik w kolorze srebrnym dodaje mu jeszcze więcej prestiżu i sprawia, że prezent staje się niezapomnianym doświadczeniem. Dzięki naszemu zestawowi prezentowemu z Armagnac Haut Marin XO możesz podarować bliskiej osobie niepowtarzalny smak luksusu i ekskluzywności. Doskonale nadaje się na różne okazje, takie jak urodziny, święta czy rocznice. Dodatkowo, elegancki kartonik sprawia, że prezent prezentuje się wyjątkowo atrakcyjnie i gustownie. Dlatego jeśli szukasz idealnego zestawu prezentowego z Armagnac Haut Marin XO zapakowanego w elegancki kartonik koloru srebrnego, to jesteś we właściwym miejscu. Zestaw prezentowy z Armagnac Haut Marin XO możesz kupić również w naszych sklepach stacjonarnych: Dobre Wina, Warszawa, ul. Wyczółki 46 Dobre Wina, Warszawa, ul. Mickiewicza 30 Dobre Wina, Kraków, ul. Królowej Jadwigi 146;249,00 zł;https://dobrewina.pl/2297-large_default/zestaw-prezentowy-armagnac-haut-marin-xo-zapakowany-w-elegancki-kartonik.jpg;N/A;N/A;N/A;N/A;N/A;N/A;N/A;N/A;https://dobrewina.pl/zestawy-prezentowe/5592-zestaw-prezentowy-armagnac-haut-marin-xo-zapakowany-w-elegancki-kartonik.html
zielona;Torebka papierowa 1 butelkę zielona;Prezenty | Opakowania na wino | Na 1 butelkę;Torebka Papierowa na 1 Butelkę Wina – Zielona Elegancka torebka papierowa w kolorze zielonym, dedykowana do bezpiecznego i stylowego przenoszenia jednej butelki wina. Wykonana z wysokiej jakości papieru o gramaturze 110 g/m², co zapewnia jej trwałość i estetyczny wygląd. Specyfikacja: - Wymiary: 140 mm (szerokość) x 80 mm (głębokość) x 390 mm (wysokość) - Uchwyt: Skręcane papierowe uchwyty mocowane od wewnątrz, gwarantujące wygodę podczas przenoszenia - Pojemność: Odpowiednia dla standardowej butelki wina o pojemności 0,75 L Torebka jest idealnym rozwiązaniem dla osób i firm pragnących podkreślić swój indywidualizm oraz wyróżnić się estetycznym opakowaniem. Doskonale sprawdzi się jako opakowanie prezentowe dla butelki wina, alkoholu, zabawek czy roślin. Dzięki swojej wytrzymałości i eleganckiemu wyglądowi, zielona torebka papierowa na wino stanowi praktyczne i estetyczne rozwiązanie na różne okazje.;6,00 zł;https://dobrewina.pl/2425-large_default/torebka-papierowa-1-butelke-zielona.jpg;N/A;N/A;N/A;N/A;N/A;N/A;N/A;N/A;https://dobrewina.pl/opakowanie-tekturowe/5710-torebka-papierowa-1-butelke-zielona.html
srebrny;Kartonik 2 butelki zamykany 9x17x33 srebrny;Prezenty | Opakowania na wino | Na 2 butelki;Eleganckie opakowanie prezentowe na 2 butelki wina – w kolorze srebrnym, z praktycznym zamknięciem. Kartonik wykonany z solidnej tektury, dzięki czemu jest trwały i bezpieczny w transporcie. Minimalistyczny, a zarazem szykowny design sprawia, że idealnie sprawdzi się jako oprawa dla win, nalewek czy alkoholi premium. Wymiary: 9 × 17 × 33 cm To doskonały wybór, gdy chcesz wręczyć prezent w eleganckiej i estetycznej formie – zarówno dla klientów biznesowych, jak i bliskich. Produkty przedstawione na zdjęciach pełnią wyłącznie funkcję prezentacji – oferta dotyczy samego opakowania, bez zawartości. Kartonik 2 butelki zamykany 9x17x33 srebrny możesz kupić również w naszych sklepach stacjonarnych: Dobre Wina, Warszawa, ul. Wyczółki 46 Dobre Wina, Warszawa, ul. Mickiewicza 30 Dobre Wina, Kraków, ul. Królowej Jadwigi 146;25,00 zł;https://dobrewina.pl/2492-large_default/kartonik-2-butelki-zamykany-9x17x33-srebrny.jpg;N/A;N/A;N/A;N/A;N/A;N/A;N/A;N/A;https://dobrewina.pl/opakowanie-tekturowe/5484-kartonik-2-butelki-zamykany-9x17x33-srebrny.html
delikatesy;Zestaw prezentowy z Brunello Argiano oraz pyszne delikatesy;Prezenty | Zestawy prezentowe;Zestaw prezentowy z Brunello Argiano oraz pyszne delikatesy Elegancki zestaw upominkowy z włoskim Brunello di Montalcino i wyjątkowymi dodatkami — skomponowany z myślą o tych, którzy chcą obdarować smakiem i klasą. Ten starannie dobrany zestaw zawiera: Brunello di Montalcino Argiano 2019 (0,75 L, 14,5%) – cenione toskańskie wino czerwone z doskonałym potencjałem starzenia, złożonym bukietem owoców i przypraw oraz znakomitą strukturą. Konfiturę z figi (150 g) – słodka, aksamitna nuta natury. Prażone orzechy nerkowca w karmelu (70 g) – słodko-słone chrupnięcie, które intryguje. Delikates foie gras z łagodnym białym winem (100 g) – elegancki akcent o wyrafinowanym smaku. Srebrny kartonik na 2 butelki (9 × 17 × 33 cm) — estetyczne i praktyczne wykończenie każdego prezentu. Dlaczego warto? To komplet premium w kategorii kosze prezentowe z alkoholem — idealny jako wino na prezent , upominek biznesowy czy świąteczny gest z klasą. Z jednej strony włoska prestiż i głębia wina Brunello, z drugiej – smakowe detale, które zachwycają. Eleganckie opakowanie w srebrnym kolorze dodaje mu wyrafinowania i gotowości do wręczenia. Zalety zestawu: Włoska jakość : Brunello Argiano to synonim tradycji i klasy DOCG. Smakowe uzupełnienie : od słodkich konfitur, przez karmelowe orzechy, aż po delikatesowe foie gras — harmonijna całość. Visually appealing : srebrny kartonik to wyrafinowany detal, który robi różnicę. Spraw, aby Twój prezent był wyjątkowy — wybierz zestaw prezentowy z Brunello Argiano i podaruj bliskim (lub klientom) smak, który na długo pozostanie w pamięci. Elegancki zestaw upominkowy z włoskim Brunello di Montalcino i wyjątkowymi dodatkami możesz kupić również w naszych sklepach stacjonarnych: Dobre Wina, Warszawa, ul. Wyczółki 46 Dobre Wina, Warszawa, ul. Mickiewicza 30 Dobre Wina, Kraków, ul. Królowej Jadwigi 146;269,00 zł;https://dobrewina.pl/2493-large_default/zestaw-prezentowy-z-brunello-argiano-oraz-pyszne-delikatesy.jpg;N/A;N/A;N/A;N/A;N/A;N/A;N/A;N/A;https://dobrewina.pl/zestawy-prezentowe/5770-zestaw-prezentowy-z-brunello-argiano-oraz-pyszne-delikatesy.html
lyzeczka;Apsinthion De Luxe - Absinthe 0,5 L 55% zestaw szklanka + łyżeczka;Prezenty | Zestawy prezentowe | Alkohole | Likiery | Bittersy;Apsinthion De Luxe – Absinthe 0,5 L 55% Ekskluzywny zestaw z oryginalną szklanką i łyżeczką Poznaj legendarny smak zielonej wróżki w luksusowym wydaniu. Apsinthion De Luxe to wysokiej jakości absynt o mocy 55%, destylowany z naturalnych ziół, z dominującą nutą piołunu, anyżu i kopru włoskiego. Idealny dla koneserów mocnych trunków i miłośników barmańskich rytuałów. W zestawie : - oryginalna szklanka do absyntu - klasyczna łyżeczka do rytuału z cukrem Charakterystyka: Pojemność : 0,5 L Zawartość alkoholu : 55% Typ alkoholu : Absynt Kraj pochodzenia : Polska Kolor : intensywnie zielony Aromat : piołun, anyż, zioła Smak : wyrazisty, zbalansowany, z charakterystyczną goryczką Dla kogo? Ten zestaw to doskonały wybór na prezent, do domowego barku lub jako element wieczoru z nutą tajemnicy i stylu vintage. Rytuał podania: Ustaw łyżeczkę na szklance, połóż kostkę cukru i powoli przelej przez nią zimną wodę. Obserwuj, jak absynt mętnieje, uwalniając swoje złożone aromaty. To nie tylko napój – to doświadczenie . Zamów zestaw Apsinthion De Luxe i odkryj klasykę z nutą magii! Zestaw Apsinthion De Luxe możesz kupić również w naszych sklepach stacjonarnych: Dobre Wina, Warszawa, ul. Wyczółki 46 Dobre Wina, Warszawa, ul. Mickiewicza 30 Dobre Wina, Kraków, ul. Królowej Jadwigi 146 W celu potwierdzenia dostępności - prosimy o kontakt telefoniczny lub mailowy.;139,00 zł;https://dobrewina.pl/2423-large_default/apsinthion-de-luxe-absinthe-05-l-55-zestaw-szklanka-lyzeczka.jpg;N/A;Polska;N/A;N/A;Alkohol mocny;N/A;55%;N/A;https://dobrewina.pl/likiery/5713-apsinthion-de-luxe-absinthe-05-l-55-zestaw-szklanka-lyzeczka.html
wina;Kartonik na 3 butelki zamykany 13x24x34 EKO - opakowanie na wina;Prezenty | Opakowania na wino | Na 3 i więcej butelek;Kartonik na 3 Butelki EKO – Zamykany (13 × 24 × 34 cm) Naturalna elegancja w oprawie dla trzech wyjątkowych win Poznaj ekologiczne opakowanie prezentowe, które łączy minimalistyczny styl z praktycznym rozwiązaniem na podarowanie trzech ulubionych win. Wykonany z trwałego, przyjaznego środowisku kartonu, ten zamykany kartonik doskonale sprawdzi się przy tworzeniu zestawów prezentowych — zarówno biznesowych, jak i prywatnych. Co wyróżnia ten kartonik? Mieści trzy standardowe butelki 0,75 l Wykonany z naturalnego, szlachetnego kartonu w stylu eko Elegancka, zamykana konstrukcja — gotowe do wręczenia bez dodatkowego pakowania Idealny do zestawów świątecznych, biznesowych lub jubileuszowych Zalety: Minimalizm i klasa — bez zbędnych ozdób, pełen naturalnego uroku Trwałe wykonanie, które zapewnia stabilną prezentację trzech butelek Wygodne składane zamknięcie Świetny wybór do wręczenia zestawu win z naszej oferty Parametry: Wymiary: 13 × 24 × 34 cm Kolor: naturalny kraft (eko) Pojemność: 3 butelki Typ: opakowanie prezentowe z uchwytem wstążka Zestaw trzech win w tym kartoniku to prezent, który zawsze zrobi wrażenie — postaw na prostotę i styl. Kartonik na 3 butelki zamykany 13x24x34 EKO możesz kupić również w naszych sklepach stacjonarnych: Dobre Wina, Warszawa, ul. Wyczółki 46 Dobre Wina, Warszawa, ul. Mickiewicza 30 Dobre Wina, Kraków, ul. Królowej Jadwigi 146;29,90 zł;https://dobrewina.pl/2528-large_default/kartonik-na-3-butelki-zamykany-13x24x34-eko-opakowanie-na-wina.jpg;N/A;N/A;N/A;N/A;N/A;N/A;N/A;N/A;https://dobrewina.pl/opakowanie-tekturowe/5860-kartonik-na-3-butelki-zamykany-13x24x34-eko-opakowanie-na-wina.html
wino;Kartonik na 2 butelka typu stożek 8x16x40 EKO - opakowanie na wino;Prezenty | Opakowania na wino | Na 2 butelki;Kartonik Stożkowy na 2 Butelki EKO (8 × 16 × 40 cm) Naturalny minimalizm w praktycznym wydaniu – idealny duet w oprawie eko Ten ekologiczny kartonik typu stożek to doskonała propozycja dla osób, które cenią prostotę i styl. Wykonany z naturalnego kartonu w kolorze kraft, mieści dwie butelki wina 0,75 l i świetnie sprawdzi się jako prezent na każdą okazję – elegancki, praktyczny i zgodny z duchem ekologii. Dlaczego warto go wybrać? Pomieści 2 standardowe butelki wina (0,75 l) Wykonany z ekologicznego, szlachetnego kartonu typu kraft Oryginalna stożkowa forma – przyciąga uwagę i podkreśla wyjątkowość zestawu Lekka, a zarazem stabilna konstrukcja Idealny wybór na prezent okolicznościowy, świąteczny lub biznesowy Świetnie wygląda jako opakowanie win na: Prezent świąteczny Wino jubileuszowe lub rocznicowe Zestaw upominkowy dla kontrahentów Podarunek na wesele, urodziny czy parapetówkę Parametry: Wymiary: 8 × 16 × 40 cm Kolor: naturalny kraft (eko) Pojemność: 2 butelki wina Typ: stożkowe opakowanie prezentowe z uchwytem Podaruj wino w zgodzie z naturą — minimalistycznie, ekologicznie, z klasą. Kartonik na 2 butelka typu stożek 8x16x40 EKO możesz kupić również w naszych sklepach stacjonarnych: Dobre Wina, Warszawa, ul. Wyczółki 46 Dobre Wina, Warszawa, ul. Mickiewicza 30 Dobre Wina, Kraków, ul. Królowej Jadwigi 146;19,90 zł;https://dobrewina.pl/2532-large_default/kartonik-na-2-butelka-typu-stozek-8x16x40-eko-opakowanie-na-wino.jpg;N/A;N/A;N/A;N/A;N/A;N/A;N/A;N/A;https://dobrewina.pl/opakowanie-tekturowe/5784-kartonik-na-2-butelka-typu-stozek-8x16x40-eko-opakowanie-na-wino.html
limoncello;"Zestaw Prezentowy ""Ogień i Słońce"" – Whisky & Limoncello";Prezenty | Zestawy prezentowe;"Zestaw Prezentowy ""Ogień i Słońce"" – Whisky & Limoncello Elegancki zestaw prezentowy, który łączy słoneczną, włoską lekkość z rozgrzewającą, szkocką tradycją. To idealny duet dla miłośników kontrastowych smaków i wysokiej jakości alkoholi. Zestaw jest starannie zapakowany w ekologiczny kartonik i ozdobiony kompozycją natury, która zachwyci obdarowaną osobę. Skład zestawu: Limoncello Casal d'Emilia (0,7 L): Klasyczny, słodki włoski likier cytrynowy, idealny do serwowania mocno schłodzonego lub jako składnik orzeźwiających koktajli. Przenosi w myślach do ciepłej Italii. Whisky Duncan's Blended Scotch 3YO (0,7 L): Wytrawna, szkocka whisky typu blended leżakująca przez 3 lata. Charakteryzuje się przyjemną łagodnością i ciepłym finiszem. Doskonała do degustacji solo lub z lodem. Opakowanie i Prezentacja: Zestaw jest zapakowany w ekologiczny, zamykany kartonik z wygodnym uchwytem ( 9x17x33 EKO ). Opakowanie jest wypełnione naturalnym siankiem i udekorowane w stylu premium rustic , zawierającym: Suszone plastry pomarańczy Aromatyczne laski cynamonu Ozdobne szyszki oraz czerwone jagody Taka kompozycja sprawia, że zestaw jest od razu gotowy do wręczenia i idealnie pasuje na każdą jesienno-zimową okazję, święta czy prezent firmowy. Zainwestuj w jakość i pomysł – podaruj ""Ogień i Słońce"" i zapewnij chwile pełne smaku i ciepła! Zestaw Prezentowy ""Ogień i Słońce"" – Whisky & Limoncello możesz kupić również w naszych sklepach stacjonarnych: Dobre Wina, Warszawa, ul. Wyczółki 46 Dobre Wina, Warszawa, ul. Mickiewicza 30 Dobre Wina, Kraków, ul. Królowej Jadwigi 146 W celu potwierdzenia dostępności - prosimy o kontakt telefoniczny lub mailowy.";159,00 zł;https://dobrewina.pl/2550-large_default/zestaw-prezentowy-ogien-i-slonce-whisky-limoncello.jpg;N/A;N/A;N/A;N/A;N/A;N/A;N/A;N/A;https://dobrewina.pl/zestawy-prezentowe/5862-zestaw-prezentowy-ogien-i-slonce-whisky-limoncello.html
smaku;"Zestaw Prezentowy ""Francuska Elegancja"" – Armagnac XO & Deski Smaku";Prezenty | Zestawy prezentowe;"Zestaw Prezentowy ""Francuska Elegancja"" – Armagnac XO & Deski Smaku Wyjątkowy zestaw dla prawdziwego konesera, ceniącego sobie wyrafinowany smak i długoletnią tradycję. To połączenie szlachetnego, francuskiego destylatu z trzema ekskluzywnymi konfiturami, które idealnie podkreślą smak serów i pasztetów, tworząc niezapomniane kulinarne doświadczenie. Skład zestawu: Armagnac Haut Marin XO (0,7 L): Prestiżowy destylat z regionu Bas Armagnac, charakteryzujący się bogatym, głębokim smakiem i aromatem suszonych owoców, wanilii i dębu. Oznaczenie XO gwarantuje długie leżakowanie i wyjątkową gładkość. Konfitura z Cebuli Lucien Georgelin (150 g): Klasyczny dodatek do Foie Gras, pasztetów i wędzonych mięs. Konfitura z Czarnych Czereśni Lucien Georgelin (155 g): Idealna do łączenia z twardymi i dojrzewającymi serami, jak również do deserów. Konfitura z Fig Lucien Georgelin (150 g): Doskonała w połączeniu z serami pleśniowymi, kozimi i deską wędlin. Opakowanie i Prezentacja: Zestaw jest starannie ułożony w eleganckim, granatowym kartoniku prezentowym z uchwytem ( 7.8x16.5x34 cm ). Wnętrze wypełnione jest naturalnym, drewnianym siankiem i ozdobione elementami w stylu vintage-bożonarodzeniowym , takimi jak: Suszone plastry pomarańczy Aromatyczne laski cynamonu i anyż Ozdobne szyszki i czerwone jagody Ta staranna oprawa wizualna sprawia, że zestaw ""Francuska Elegancja"" jest gotowy do wręczenia i stanowi idealny prezent biznesowy, gwiazdkowy lub z okazji jubileuszu. Podaruj klasę i smak – wybierz zestaw z Armagnakiem XO, który zachwyci najbardziej wymagających smakoszy! Zestaw Prezentowy ""Francuska Elegancja"" – Armagnac XO & Deski Smaku możesz kupić również w naszych sklepach stacjonarnych: Dobre Wina, Warszawa, ul. Wyczółki 46 Dobre Wina, Warszawa, ul. Mickiewicza 30 Dobre Wina, Kraków, ul. Królowej Jadwigi 146 W celu potwierdzenia dostępności - prosimy o kontakt telefoniczny lub mailowy.";299,00 zł;https://dobrewina.pl/2551-large_default/zestaw-prezentowy-francuska-elegancja-armagnac-xo-deski-smaku.jpg;N/A;N/A;N/A;N/A;N/A;N/A;N/A;N/A;https://dobrewina.pl/zestawy-prezentowe/5863-zestaw-prezentowy-francuska-elegancja-armagnac-xo-deski-smaku.html
butrago;"Zestaw Prezentowy ""Navarra Crianza"" – Marques de Butrago";Prezenty | Zestawy prezentowe;"Zestaw Prezentowy ""Navarra Crianza"" – Marques de Butrago Elegancki zestaw prezentowy, który łączy hiszpańską winiarską tradycję z ekologicznym stylem. To idealny upominek dla miłośników win czerwonych, ceniących sobie zarówno jakość, jak i dbałość o naturalną oprawę. Wino Crianza z regionu Navarra zachwyci złożonym smakiem, a naturalne opakowanie podkreśli jego charakter. Skład zestawu: Wino Marques de Butrago Crianza (0,75 L): Szlachetne, czerwone wino hiszpańskie z apelacji DO Navarra. Po okresie dojrzewania (Crianza) nabiera pięknych nut czerwonych owoców, wanilii i przypraw . Jest to wino zrównoważone, o gładkiej taninie, idealne do czerwonych mięs i dojrzałych serów. Opakowanie i Prezentacja: Zestaw jest starannie zapakowany w ekologiczny, zamykany kartonik z wygodnym uchwytem ( 7.8x9x34 EKO ). Wnętrze wypełnione jest naturalnym drewnianym siankiem i ozdobione elementami premium rustic , takimi jak: Suszony plaster pomarańczy Ozdobne szyszki Ten gotowy do wręczenia zestaw doskonale sprawdzi się jako elegancki prezent biznesowy, upominek urodzinowy lub podziękowanie. Podaruj kawałek słonecznej Hiszpanii w naturalnej oprawie! Wybierz Zestaw ""Navarra Crianza"" już dziś! Zestaw Prezentowy ""Navarra Crianza"" – Marques de Butrago możesz kupić również w naszych sklepach stacjonarnych: Dobre Wina, Warszawa, ul. Wyczółki 46 Dobre Wina, Warszawa, ul. Mickiewicza 30 Dobre Wina, Kraków, ul. Królowej Jadwigi 146 W celu potwierdzenia dostępności - prosimy o kontakt telefoniczny lub mailowy.";49,00 zł;https://dobrewina.pl/2552-large_default/zestaw-prezentowy-navarra-crianza-marques-de-butrago.jpg;N/A;N/A;N/A;N/A;N/A;N/A;N/A;N/A;https://dobrewina.pl/zestawy-prezentowe/5864-zestaw-prezentowy-navarra-crianza-marques-de-butrago.html
3760094286755;Armagnac Haut Marin VSOP 0,7 L;Alkohole | Armagnac;Armagnac Haut Marin VSOP to wyjątkowy destylat z regionu Armagnac we Francji. Jest to brandy o znakomitej jakości, starzona przez co najmniej 5 lat w dębowych beczkach, co nadaje jej bogaty i głęboki smak. To trunk o subtelnym aromacie owoców suszonych, wanilii i delikatnych nutach drewna. W smaku można wyczuć nuty karmelu, migdałów i przypraw, które doskonale komponują się ze słodyczą owoców.;179,00 zł;https://dobrewina.pl/2282-large_default/armagnac-haut-marin-vsop-07-l.jpg;https://dobrewina.pl/2146-large_default/armagnac-haut-marin-vsop-07-l.jpg;Francja;Armagnac;N/A;Alkohol mocny;N/A;40%;N/A;https://dobrewina.pl/armagnac/5469-armagnac-haut-marin-vsop-07-l-3760094286755.html
3760094286762;Armagnac Haut Marin XO 0,7 L;Alkohole | Armagnac;Rozpływający się w ustach, luksusowy trunek z regionu Armagnac - Haut Marin XO 0,7 L. Ta wyjątkowa destylacja zachwyca swoim bogatym aromatem i intensywnym smakiem. Idealny do degustacji na specjalne okazje lub jako prezent dla miłośników wysokiej jakości alkoholi. Armagnac Haut Marin XO 0,7 L to połączenie tradycji i nowoczesności. Starzony w dębowych beczkach przez wiele lat, nabiera niepowtarzalnego charakteru i głębokiego smaku. Delikatna słodycz owoców suszonych przeplata się z nutami wanilii i karmelu, tworząc niezapomniane doznania dla podniebienia.;239,00 zł;https://dobrewina.pl/2283-large_default/armagnac-haut-marin-xo-07-l.jpg;https://dobrewina.pl/2148-large_default/armagnac-haut-marin-xo-07-l.jpg;Francja;Armagnac;N/A;Alkohol mocny;N/A;40%;N/A;https://dobrewina.pl/armagnac/5470-armagnac-haut-marin-xo-07-l-3760094286762.html
5907522604226;Polowaca Przepalanka Góralska 0,5 L 37,5%;Alkohole | Wódka;Polowaca Przepalanka Góralska 0,5 L, 37,5% Polska • Wódka smakowa • 37,5% Polowaca Przepalanka Góralska to tradycyjna polska wódka smakowa, w której mocny charakter alkoholu łączy się z subtelną nutą palonego cukru. Powstaje w oparciu o klasyczną recepturę góralską – jej bursztynowy kolor i słodko-gorzki smak przywodzą na myśl domowe przepalanki przygotowywane od pokoleń. W kieliszku urzeka ciepłą, złocistą barwą. Aromat wyraźnie karmelowy, z nutą palonego cukru i delikatnej wanilii. W smaku gładka, lekko słodkawa, z delikatną goryczką i przyjemnym, rozgrzewającym finiszem. Charakterystyka: Kolor: bursztynowo-złoty Aromat: palony cukier, karmel, wanilia Smak: gładki, słodko-gorzki, rozgrzewający Dlaczego warto? To wyjątkowa propozycja dla miłośników klasycznych polskich wódek smakowych – z charakterem, ale też aksamitną łagodnością. Idealna zarówno na rodzinne spotkania, jak i jako ciekawy element domowego barku. Idealne do: degustacji w czystej postaci, najlepiej schłodzonej tradycyjnych góralskich potraw i wędlin wieczornych spotkań w gronie przyjaciół Polowaca Przepalanka Góralska – smak tradycji zamknięty w butelce. Dodaj do koszyka i poznaj klasykę polskich wódek smakowych! Polowaca Przepalanka Góralska możesz kupić również w naszych sklepach stacjonarnych: Dobre Wina, Warszawa, ul. Wyczółki 46 Dobre Wina, Warszawa, ul. Mickiewicza 30 Dobre Wina, Kraków, ul. Królowej Jadwigi 146 W celu potwierdzenia dostępności - prosimy o kontakt telefoniczny lub mailowy.;47,00 zł;https://dobrewina.pl/2164-large_default/polowaca-przepalanka-goralska-05-l-375.jpg;N/A;Polska;N/A;N/A;N/A;N/A;37,5%;N/A;https://dobrewina.pl/wodka/5474-polowaca-przepalanka-goralska-05-l-375-5907522604226.html
5907522602642;Polowaca Litworówka Góralska 0,5 L 38%;Alkohole | Wódka;Polowaca Litworówka Góralska 0,5 L, 38% Polska • Wódka smakowa ziołowa • 38% Polowaca Litworówka Góralska to wyjątkowa wódka smakowa inspirowana góralską tradycją sporządzania nalewek i destylatów z ziół rosnących wysoko w Tatrach. Jej charakter buduje litwor, roślina od wieków ceniona w medycynie ludowej i góralskich recepturach za swoje aromatyczne, korzenne nuty i właściwości rozgrzewające. W kieliszku zachwyca złocistym, naturalnym kolorem. W aromacie dominują intensywne nuty ziołowe, z akcentem korzeni i delikatnej goryczki. Smak pełny, wyrazisty i głęboki – ziołowa gorycz przełamana jest subtelną słodyczą, a całość wieńczy długi, rozgrzewający finisz. Charakterystyka: Kolor: złocisty, lekko bursztynowy Aromat: intensywnie ziołowy, korzenny, lekko gorzki Smak: wyrazisty, ziołowo-korzenny, rozgrzewający, długi finisz Dlaczego warto? To unikalny trunek, który w pełni oddaje góralskiego ducha – mocny, aromatyczny i autentyczny. Doskonale sprawdzi się jako digestif, podawany w czystej postaci, a także jako ciekawy element domowej kolekcji alkoholi z charakterem. Idealne do: degustacji po posiłku, w roli tradycyjnego digestifu spotkań w kameralnym gronie zimowych wieczorów i góralskich biesiad Polowaca Litworówka Góralska – prawdziwa esencja górskich ziół w butelce. Dodaj do koszyka i odkryj smak tatrzańskiej tradycji! Polowaca Litworówka Góralska możesz kupić również w naszych sklepach stacjonarnych: Dobre Wina, Warszawa, ul. Wyczółki 46 Dobre Wina, Warszawa, ul. Mickiewicza 30 Dobre Wina, Kraków, ul. Królowej Jadwigi 146 W celu potwierdzenia dostępności - prosimy o kontakt telefoniczny lub mailowy.;55,00 zł;https://dobrewina.pl/2172-large_default/polowaca-litworowka-goralska-05-l-38.jpg;N/A;Polska;N/A;N/A;Alkohol mocny;N/A;38%;N/A;https://dobrewina.pl/wodka/5473-polowaca-litworowka-goralska-05-l-38-5907522602642.html
8017450003507;Limoncello Di Caprio Limone di Sorrento 0,5 L 30%;Alkohole | Likiery;Limoncello Di Caprio Limone di Sorrento 0,5 L 30% – Esencja włoskiego słońca Opis produktu: Limoncello Di Caprio Limone di Sorrento to wyjątkowy włoski likier cytrynowy, produkowany z najlepszych cytryn rosnących na malowniczym wybrzeżu Sorrento. Dzięki tradycyjnej metodzie maceracji świeżych skórek cytryn w alkoholu, likier zachwyca intensywnym, naturalnym aromatem oraz idealnym balansem między słodyczą a orzeźwiającą kwasowością. Charakterystyka: Rodzaj: Likier cytrynowy (Limoncello) Pochodzenie: Włochy, Sorrento Pojemność: 0,5 L Zawartość alkoholu: 30% Smak: Intensywnie cytrynowy, świeży, lekko słodki z delikatnie aksamitnym finiszem Aromat: Świeże skórki cytrynowe z subtelną nutą cukru Sposób podania: Limoncello najlepiej smakuje mocno schłodzone , serwowane w małych kieliszkach jako digestif po posiłku. Doskonale komponuje się również z koktajlami i deserami, dodając im cytrusowej świeżości. Poczuj smak włoskiego lata w każdej kropli!;79,90 zł;https://dobrewina.pl/2173-large_default/limoncello-di-caprio-limone-di-sorrento-05-l-30.jpg;N/A;Włochy;N/A;N/A;Alkohol mocny;N/A;30%;N/A;https://dobrewina.pl/likiery/5475-limoncello-di-caprio-limone-di-sorrento-05-l-30-8017450003507.html
8009375000181;Okowita Pircher Z Gruszki Williams Con Pera 0,7L 40%;Alkohole | Wódka | Okowita;W swojej długiej, sięgającej początków XIII wieku tradycji, wywodząca swe korzenie z działalności klasztornej destylarnia Pircher pozostała wierna temu powiedzeniu. Wiliams to najstarszy, sztandarowy produkt Pircher’a. Do jego produkcji używane są najlepsze, tylko w pełni dojrzałe gruszki, a kolor i zapach są całkowicie naturalne. Należy do grupy digestiv’ów – alkoholi podawanych po posiłku. Wersja z gruszką wewnątrz butelki zachwyci koneserów wyszukanych trunków. Zapach: gruszkowy. Smak: krzepki, delikatnie słodki, mocno gruszkowy, delikatnie cierpki.;179,00 zł;https://dobrewina.pl/2196-large_default/okowita-pircher-z-gruszki-williams-con-pera-07l-40.jpg;N/A;Włochy;N/A;N/A;Alkohol mocny;N/A;40%;N/A;https://dobrewina.pl/okowita/5506-okowita-pircher-z-gruszki-williams-con-pera-07l-40-8009375000181.html
5907522602833;Likier Polowaca Cytrynówka Góralska 0,5 L 30%;Alkohole | Likiery;Polowaca Cytrynówka Góralska 0,5 L, 30% Polska • Likier cytrynowy • 30% Polowaca Cytrynówka Góralska to likier o wyjątkowo harmonijnym smaku, w którym intensywna świeżość cytryn spotyka się z delikatną słodyczą i łagodną mocą alkoholu. Inspiracją do jej stworzenia była tradycja góralskich nalewek i likierów, przygotowywanych z naturalnych owoców i serwowanych podczas spotkań w gronie najbliższych. W kieliszku prezentuje się jasnożółtą, cytrynową barwą. W aromacie wyczuwalne są nuty soczystych cytryn, skórki cytrynowej i subtelnej słodyczy. Smak pełen życia – cytrusowy, słodko-kwaśny, z aksamitną teksturą i długim, świeżym finiszem. Charakterystyka: Kolor: jasnożółty, cytrynowy Aromat: cytryna, skórka cytrynowa, delikatna słodycz Smak: łagodny, cytrusowy, słodko-kwaśny, aksamitny Dlaczego warto? To idealny wybór dla tych, którzy szukają lekkiego, przyjemnego likieru o orzeźwiającym charakterze. Doskonale smakuje solo, serwowana schłodzona, ale także jako elegancki dodatek do deserów i baza orzeźwiających koktajli. Idealne do: degustacji w czystej postaci, najlepiej dobrze schłodzone letnich koktajli i drinków na bazie cytrusów deserów – lodów, ciast i owoców Polowaca Cytrynówka Góralska to likier, który wnosi świeżość i lekkość do każdego spotkania. Dodaj go do koszyka i rozsmakuj się w cytrusowej przyjemności! Polowaca Cytrynówka Góralska możesz kupić również w naszych sklepach stacjonarnych: Dobre Wina, Warszawa, ul. Wyczółki 46 Dobre Wina, Warszawa, ul. Mickiewicza 30 Dobre Wina, Kraków, ul. Królowej Jadwigi 146 W celu potwierdzenia dostępności - prosimy o kontakt telefoniczny lub mailowy.;47,00 zł;https://dobrewina.pl/2197-large_default/likier-polowaca-cytrynowka-goralska-05-l-30.jpg;N/A;Polska;N/A;N/A;Alkohol mocny;N/A;30%;N/A;https://dobrewina.pl/likiery/5505-likier-polowaca-cytrynowka-goralska-05-l-30-5907522602833.html
5907522604882;Likier Polowaca Wiśniówka Góralska 0,5 L 32%;Alkohole | Likiery;Polowaca Wiśniówka Góralska 0,5 L, 32% Polska • Likier wiśniowy • 32% Polowaca Wiśniówka Góralska to klasyczny likier owocowy, w którym naturalna słodycz dojrzałych wiśni spotyka się z delikatną cierpkością i szlachetną mocą alkoholu. To trunek inspirowany góralską tradycją wytwarzania nalewek, przygotowywanych z sezonowych owoców i serwowanych podczas wspólnych biesiad. W kieliszku zachwyca głęboką, rubinową barwą. W aromacie dominują dojrzałe wiśnie, przełamane subtelną nutą pestkową i delikatną słodyczą. Smak pełny, owocowy i aksamitny – soczyste wiśnie, wyważona słodycz i lekka kwasowość tworzą harmonijną całość, zwieńczoną przyjemnie długim finiszem. Charakterystyka: Kolor: intensywnie rubinowy Aromat: dojrzałe wiśnie, pestki, lekka słodycz Smak: owocowy, soczysty, słodko-kwaśny, aksamitny Dlaczego warto? To idealny wybór dla miłośników likierów owocowych – elegancki, ale jednocześnie pełen charakteru. Doskonale sprawdzi się jako słodki akcent po posiłku, dodatek do deserów, a także składnik koktajli. Idealne do: degustacji solo, lekko schłodzone ciast i deserów z czekoladą koktajli i drinków owocowych Polowaca Wiśniówka Góralska to likier, który łączy owocową intensywność z tradycyjnym góralskim charakterem. Dodaj do koszyka i odkryj smak dojrzałych wiśni w najlepszym wydaniu! Polowaca Wiśniówka Góralska możesz kupić również w naszych sklepach stacjonarnych: Dobre Wina, Warszawa, ul. Wyczółki 46 Dobre Wina, Warszawa, ul. Mickiewicza 30 Dobre Wina, Kraków, ul. Królowej Jadwigi 146 W celu potwierdzenia dostępności - prosimy o kontakt telefoniczny lub mailowy.;47,00 zł;https://dobrewina.pl/2198-large_default/likier-polowaca-wisniowka-goralska-05-l-32.jpg;N/A;Polska;N/A;N/A;Alkohol mocny;N/A;32%;N/A;https://dobrewina.pl/likiery/5504-likier-polowaca-wisniowka-goralska-05-l-32-5907522604882.html
5907522604240;Polowaca Bimber Góralski 0,5 L 45%;Alkohole | Wódka;Polowaca Bimber Góralski 0,5 L, 45% Polska • Tradycyjny • Mocny alkohol Polowaca Bimber Góralski to kwintesencja góralskiej tradycji – mocny, klarowny trunek o zawartości alkoholu 45%, który łączy w sobie siłę, charakter i autentyczność. Inspiracją do jego powstania jest dawny góralski zwyczaj wytwarzania domowych destylatów, serwowanych podczas ważnych spotkań, uroczystości i biesiad. W kieliszku zachwyca czystą, przejrzystą barwą. W aromacie wyczuwalne są nuty zbożowe, subtelne akcenty chlebowe i delikatna mineralność. Smak intensywny, z wyraźnym, lecz harmonijnym charakterem – mocna góralska nuta przełamana jest miękkim, długim finiszem, który przyjemnie rozgrzewa. Charakterystyka: Kolor: krystalicznie czysty Aromat: zbożowy, lekko mineralny, nuty chleba Smak: mocny, wyrazisty, z długim, rozgrzewającym finiszem Dlaczego warto? To trunek, który idealnie oddaje ducha gór – szczerość, siłę i prostotę. Doskonały do degustacji w małym gronie, jako mocny akcent na wieczór, a także świetny pomysł na prezent dla miłośników tradycyjnych polskich alkoholi. Idealne do: góralskich biesiad i wspólnych toastów jako mocny digestif po obfitym posiłku degustacji w czystej postaci lub w klasycznych nalewkach Sięgnij po Polowaca Bimber Góralski i poczuj autentyczny smak tradycji. Dodaj go do koszyka już dziś i odkryj, jak smakuje prawdziwy góralski duch! Polowaca Bimber Góralski możesz kupić również w naszych sklepach stacjonarnych: Dobre Wina, Warszawa, ul. Wyczółki 46 Dobre Wina, Warszawa, ul. Mickiewicza 30 Dobre Wina, Kraków, ul. Królowej Jadwigi 146 W celu potwierdzenia dostępności - prosimy o kontakt telefoniczny lub mailowy.;54,00 zł;https://dobrewina.pl/2243-large_default/bimber-polowaca-goralski-05-l-45.jpg;N/A;Polska;N/A;N/A;Alkohol mocny;N/A;45%;N/A;https://dobrewina.pl/wodka/5543-bimber-polowaca-goralski-05-l-45-5907522604240.html
9057522601362;Wódka Gorzka Imbirowa 0,5L 40%;Alkohole | Wódka;"Wódka Gorzka Imbirowa , znana również jako Zozworówka Wódka Starzyka, ponieważ w gwarze beskidzkiej imbir określany jest jako ""zozwor"", a ""starzykiem"" nazywa się dziadka. Receptura tego produktu została uzyskana od mieszkańców Wisły (Wisła słynie także z zozworków, czyli kruchych ciasteczek pieczonych z dodatkiem imbiru), którzy od wieków produkowali ją na huczne góralskie wesela. Zgodnie z tradycyjną recepturą przekazywaną z pokolenia na pokolenie zozworówka jest wytwarzana poprzez połączenie kłącza imbiru, miodu, górskiej wody oraz neutralnego trzykrotnie destylowanego spirytusu. Korzeń imbiru jest tarty bezpośrednio przed produkcją co gwarantuje uzyskanie produktu najwyższej jakości o niepowtarzalnym smaku i aromacie. Smak i Zapach: miodowo-imbirowy.";84,00 zł;https://dobrewina.pl/2284-large_default/wodka-gorzka-imbirowa-05l-40.jpg;N/A;Polska;N/A;N/A;Alkohol mocny;N/A;40%;N/A;https://dobrewina.pl/wodka/5575-wodka-gorzka-imbirowa-05l-40-9057522601362.html
3760094287059;Armagnac Haut Marin Blanches 0,7 L;Alkohole | Armagnac;Armagnac Haut Marin Blanches to wyjątkowy trunek o pojemności 0,7 litra, który zachwyci miłośników wysokiej jakości alkoholi. Ten starannie wyprodukowany brandy pochodzi z regionu Armagnac we Francji i charakteryzuje się niezwykłym bogactwem smaku oraz aromatu. To doskonały wybór dla osób poszukujących wyjątkowego trunku na specjalne okazje czy wieczorne relaksacyjne chwile. Armagnac Haut Marin Blanches wyróżnia się delikatnymi nutami owocowymi, subtelnie przeplatanymi nutami drewna i przyjemną nutą wanilii. Dzięki starannej produkcji i tradycyjnym metodach destylacji, Armagnac Haut Marin Blanches zachwyca swoim wyjątkowym charakterem i niepowtarzalnym smakiem. To napój, który z pewnością zaspokoi nawet najbardziej wymagające podniebienia i zapewni niezapomniane doznania sensoryczne. Wybierz Armagnac Haut Marin Blanches 0,7 L i ciesz się momentami pełnymi luksusu i wyjątkowego smaku!;149,00 zł;https://dobrewina.pl/2331-large_default/armagnac-armaniak-haut-marin-blanches-07-l.jpg;N/A;Francja;Armagnac;N/A;Alkohol mocny;N/A;47,5%;N/A;https://dobrewina.pl/armagnac/5599-armagnac-armaniak-haut-marin-blanches-07-l-3760094287059.html
7600942386786;Armagnac Menard 2000 0,7L;Alkohole | Armagnac;Armagnac Haut Marin Menard 2000 to wyjątkowy trunek o doskonałej jakości, który zachwyci nawet najbardziej wymagających miłośników brandy. Ta edycja z roku 2000 w butelce o pojemności 0,7 litra to prawdziwy klejnot dla koneserów alkoholi wysokoprocentowych. To co wyróżnia Armagnac Haut Marin Menard 2000 to nie tylko jego wiek i tradycja, ale przede wszystkim niezrównana jakość. Delikatny aromat owoców suszonych, nuty wanilii i dębu oraz subtelna nuta przypraw sprawiają, że każdy łyk tego trunku jest prawdziwym doznaniem dla podniebienia. Dzięki starannej produkcji i dbałości o detale, Armagnac Haut Marin Menard 2000 jest idealnym wyborem na specjalne okazje oraz jako prezent dla miłośników wysokiej klasy alkoholi. Niech ta wyjątkowa brandy przeniesie Cię w podróż po smakowitym świecie francuskich winnic i zapewni niezapomniane doznania z każdym kieliszkiem. Zapewnij sobie unikalne doświadczenie smakowe dzięki Armagnac Haut Marin Menard 2000 - bo zasługujesz na najlepsze!;319,00 zł;https://dobrewina.pl/2330-large_default/armagnac-haut-marin-2000-07l.jpg;N/A;Francja;Armagnac;N/A;N/A;N/A;N/A;N/A;https://dobrewina.pl/armagnac/5600-armagnac-haut-marin-2000-07l-7600942386786.html
5907522606992;Śliwowica Podbeskidzka Sadownicza 0,7L 41%;Alkohole | Wódka | Śliwowica;Śliwowica to destylat śliwki o słowiańskim rodowodzie, który produkuje się w Europie Środkowo-Wschodniej oraz na Półwyspie Bałkańskim. Śliwowica Podbeskidzka powstaje wyłącznie z naturalnych, specjalnie dobranych składników, krystalicznie czystej wody i najwyższej jakości owoców. Produkowana jest według starannej, wymagającej czasu i zaangażowania tradycyjnej technologii. Destylat uzyskiwany w procesie fermentacji alkoholowej i destylacji śliw poddawany jest leżakowaniu w 225-litrowych dębowych beczkach. Śliwowicę należy degustować – pić powoli, małymi łykami, najlepiej z kieliszków degustacyjnych. Z uwagi na wysoką zawartość alkoholu można ją też spożywać w wersji łagodniejszej: zgodnie ze znanym góralskim przepisem, jako dodatek do herbaty. Smak i zapach: wytrawny, charakterystyczny dla destylatu ze śliwek.;119,00 zł;https://dobrewina.pl/2341-large_default/sliwowica-podbeskidzka-sadownicza-07l-41.jpg;N/A;Polska;N/A;N/A;Alkohol mocny;N/A;41%;N/A;https://dobrewina.pl/sliwowica/5634-sliwowica-podbeskidzka-sadownicza-07l-41-5907522606992.html
5907522606572;Likier Polowaca Słodko-Gorzka Góralska 0,5L 30%;Alkohole | Likiery | Aperitif;Polowaca Słodko-Gorzka Góralska 0,5 L, 30 % Polska • Góralska • Likier półsłodko-gorzkawa Polowaca Słodko-Gorzka Góralska to likier o fascynującym charakterze — w 30 % alkoholu, stworzona z góralskiej tradycji łączenia słodyczy i ziół w niepowtarzalnej kompozycji. Jej receptura, przekazywana z pokolenia na pokolenie, oferuje prawdziwe doznanie serca gór — zarówno w góralskiej duszy, jak i w kieliszku. W kieliszku urzeka rubinową barwą o ciepłym blasku. W aromacie wyczuwalne są nuty leśnego miodu, aromatyczne zioła górskie (np. piołun, tymianek) oraz subtelna goryczka, która znakomicie równoważy słodką winę. Smak harmonijny — słodkość miodu przeplata się z pikantno-ziołową goryczką, a całość dopełnia aksamitna konsystencja i trwały, gładki finisz. Charakterystyka: Kolor: głęboka rubinowa, z ciepłym połyskiem Aromat: miód, zioła górskie (np. piołun, tymianek), nuta goryczki Smak: słodko-gorzki, zbalansowany, aksamitny, długi finisz Dlaczego warto? To nietuzinkowy trunek, który przyciąga swoją złożonością, a jednocześnie opiera się uproszczeniom. Idealny jako tradycyjna nalewka z charakterem, łącząca słodycz i piaskową gorycz. Doskonale sprawdza się jako digestif, który rozgrzewa i oczyszcza umysł po ciężkim wieczorze, zachęcając do kontynuacji rozmowy i wspólnego śpiewu. Idealne do: chwil przy kominku i opowieści przyjaciół do domowych ciast, zwłaszcza z miodem i orzechami jako samodzielny finisz wieczoru, w niewielkich ilościach Polowaca Słodko-Gorzka Góralska to hołd złożony górskim korzeniom — moc, tradycja i balans w słodko-gorzkiej harmonii. Polowaca Słodko-Gorzka Góralska możesz kupić również w naszych sklepach stacjonarnych: Dobre Wina, Warszawa, ul. Wyczółki 46 Dobre Wina, Warszawa, ul. Mickiewicza 30 Dobre Wina, Kraków, ul. Królowej Jadwigi 146 W celu potwierdzenia dostępności - prosimy o kontakt telefoniczny lub mailowy.;59,90 zł;https://dobrewina.pl/2381-large_default/likier-polowaca-slodko-gorzka-goralska-05l-30.jpg;N/A;Polska;N/A;N/A;Alkohol mocny;N/A;30%;N/A;https://dobrewina.pl/likiery/5605-likier-polowaca-slodko-gorzka-goralska-05l-30-5907522606572.html
5907522602673;Wódka Gorzka Tatarczówka 0.5 L 50%;Alkohole | Wódka;Wódka Gorzka Tatarczówka to regionalna wódka pochodząca ze Śląska Cieszyńskiego przygotowywana na bazie kłącza tataraku. Niegdyś kieliszek Tatarczówki był pity w Skoczowie rytualnie po wielkanocnym obmywaniu się w rzece. W celu rozgrzania się po tej zimnej, wielkopiątkowej kąpieli, każdy otrzymywał w domu „kieliszek tatarczówki na chroboka”. Miało to zapobiegać wielu chorobom między innymi bólom żołądka czy porannym mdłościom. W dalszym ciągu istnieje tradycja, że kieliszek Tatarczówki wypija się w Wielki Piątek. Smak i zapach: mocno korzenny.;84,00 zł;https://dobrewina.pl/2358-large_default/wodka-gorzka-tatarczowka-05l-50.jpg;N/A;Polska;N/A;N/A;Alkohol mocny;N/A;50%;N/A;https://dobrewina.pl/wodka/5660-wodka-gorzka-tatarczowka-05l-50-5907522602673.html
4055800063201;Goldwasser Original Danziger infused with Fine Brandy of Chardonnay Grapes 0,7L 40%;Alkohole | Brandy | Likiery;Goldwasser Original Danziger infused with Fine Brandy of Chardonnay Grapes 0,7 L 40% Niemcy • Likier premium • 40% Goldwasser Original Danziger to słynny likier korzenny, którego historia sięga XVI wieku i związana jest z Gdańskiem. Jego znakiem rozpoznawczym są unoszące się w butelce płatki 22-karatowego złota, symbol luksusu i wyjątkowości. Ta edycja została wzbogacona o wyborną brandy z winogron Chardonnay , dzięki czemu zyskuje jeszcze bardziej elegancki i wielowymiarowy smak. W aromacie dominują nuty cynamonu, wanilii i ziół, podbite szlachetną winnością. W ustach likier jest bogaty, gładki, korzenny, z delikatnie słodkim, długim finiszem. Charakterystyka: Kolor: złocisty z płatkami 22-karatowego złota Aromat: korzenno-waniliowy, z nutą brandy Chardonnay Smak: pełny, gładki, słodko-korzenny, z eleganckim finiszem Dlaczego warto? To legenda europejskich trunków – połączenie tradycji i luksusu. Idealny do degustacji w wyjątkowych chwilach, a także jako prestiżowy prezent. Goldwasser – złoto w kieliszku i ponadczasowa historia w nowoczesnym wydaniu.;169,00 zł;https://dobrewina.pl/2359-large_default/goldwasser-original-danziger-infused-with-fine-brandy-of-chardonnay-grapes-07l-40.jpg;N/A;Niemcy;N/A;N/A;Alkohol mocny;N/A;40%;N/A;https://dobrewina.pl/likiery/5661-goldwasser-original-danziger-infused-with-fine-brandy-of-chardonnay-grapes-07l-40-4055800063201.html
box;Wh. Ardnahoe Islay Single Malt Scotch Whisky Infinite Loch 0,7L 50% box;Alkohole | Whisky, Whiskey, Bourbon;Destylarnia Ardnahoe , długo skrywane marzenie jednej szkockiej rodziny. Kiedy w 2013 r. Stewart Laing i jego synowie Andrew i Scott założyli Hunter Laing & Co Ltd. jako firmę zajmującą się blendowaniem i butelkowaniem szkockiej whisky wiedzieli, że w końcu nadszedł czas, aby zrealizować ich od dawno skrywaną ambicję produkowania własnej whisky. Dzięki rodzinnemu pochodzeniu, ponad 50-letniemu doświadczeniu i 6 dekadom zapasów whisky z całej Szkocji mieli mocne podstawy, na których mogli budować. Rodzina ma silne powiązania z Islay i szacunek dla jej charakterystycznych, torfowych whisky słodowych, więc nie było wątpliwości, że legendarna wyspa whisky musi być miejscem ich własnej destylarni. Destylarnia Ardnahoe wzięła swoją nazwę od lokalizacji, w której się znajduje. Źródło wody w Ardnahoe Loch znajduje się zaledwie rzut kamieniem od destylarni. Ardnahoe to po szkocku „Height of the Hollow”, co doskonale opisuje piękną okolicę, w której znajduje się destylarnia. Whisky dojrzewająca w beczkach po Sherry ex Bourbon i Exoloroso Sherry. Morska mgiełka, torf z Islay i ciemna czekolada w nosie. Świeże owoce i nuty ogniska na podniebieniu prowadzą do dymnego, pikantnego finishu.;299,00 zł;https://dobrewina.pl/2360-large_default/whisky-ardnahoe-islay-single-malt-scotch-whisky-infinite-loch-07l-50-box.jpg;N/A;Szkocja;Islay;N/A;Alkohol mocny;N/A;50%;N/A;https://dobrewina.pl/whisky-whiskey-bourbon/5662-whisky-ardnahoe-islay-single-malt-scotch-whisky-infinite-loch-07l-50-box.html
4034100026093;UNDERBERG on-trade 12x0,02L 44%;Alkohole | Bittersy | Aperitif;"UNDERBERG on-trade 12×0,02 L, 44 % – Góralska tradycja spotyka niemiecką finezję Niemcy • Herbal Bitter (digestif) • 44 % UNDERBERG to kultowy niemiecki bitter z Reichu, destylowany według rodzinnego sekretu z aromatycznych ziół pochodzących z 43 krajów. Po starannym wyłuskaniu esencji, poddawany jest kilku-miesięcznemu dojrzewaniu w dębowych beczkach z Słowenii, by zyskać pełnię aromatu i gładkość. W porcji 0,02 L zamknięto esencję tradycji – flakoniki, owinięte papierem, kryją w sobie koniuszek wieczoru, który kojąco zakwasi ciężki posiłek. Ziołowy aromat otwiera się delikatną słodyczą i odrobiną przypraw, a smak jest intensywny, mocno gorzkawy, z ciepłym, rozgrzewającym finiszem. Charakterystyka: Kolor: bursztynowy, naturalny Aromat: intensywnie ziołowy, lekko korzenny Smak: złożony, gorzki, aromatyczny, doskonale odświeżający Dlaczego warto? To nie tylko digestif – to niemal rytuał poobiedni dla prawdziwych smakoszy. Idealny jako elegancki akcent po posiłku, w formie szybkiego “jednego wdechu”. Underberg to znak: ""koniec biesiady, początek czystego samopoczucia"". Legendarne flakoniki są nie tylko praktyczne i poręczne, ale symbolicznie zamykają wieczór z klasą. UNDERBERG – botaniczna harfa zamknięta w 12 mini-porcjach. Po prostu kończy biesiadę z klasą.";99,00 zł;https://dobrewina.pl/2371-large_default/underberg-on-trade-12x002l-44.jpg;N/A;Niemcy;N/A;N/A;Alkohol mocny;N/A;44%;N/A;https://dobrewina.pl/bittersy/5669-underberg-on-trade-12x002l-44-4034100026093.html
375;Jaworzański Jarzębiak 0,5L 37,5%;Alkohole | Likiery;Właściwości zdrowotne i lecznicze jarzębiny są znane od dawien dawna. W XIX wieku przepisy na nalewki i likiery jarzębinowe cieszyły się dużym zainteresowaniem. W latach sześćdziesiątych i siedemdziesiątych XX w. jarzębiak był najpopularniejszą wódką owocową. Jarzębiak Jaworzański to likier , tradycyjnie wytwarzany w procesie maceracji owoców jarzębiny w oryginalnej, francuskiej brandy , zestawienia składników oraz długiego leżakowania. Produkt wytwarzany z naturalnych składników. Może pojawić się osad. Jarzębiak jest typową staropolską specjalnością. Charakteryzuje się piękną, naturalną pomarańczową barwą oraz słodkim smakiem z delikatna nutą cierpkości charakterystyczną dla owoców jarzębiny. Esencję smaku i aromatu nalewka uzyskuje podczas maceracji owoców w oryginalnej francuskiej brandy. Wybór brandy nie jest przypadkowy. Korzystając z wiedzy naszych przodków wykorzystujących destylaty winne do wydobycia z owoców jarzębiny tego co najlepsze, nawiązaliśmy do prawdziwych staropolskich tradycji. Dzięki temu wyjątkowemu połączeniu oraz pozostawieniu nalewki na dobroczynne działanie czasu w procesie leżakowania uzyskaliśmy wyjątkowo szlachetny trunek. W wyniku procesu dojrzewania barwa nalewki z czasem ulega naturalnym zmianom. Smak: słodki, wyczuwalna nuta cierpkości.;59,90 zł;https://dobrewina.pl/2372-large_default/jaworzanski-jarzebiak-05l-375.jpg;N/A;Polska;N/A;N/A;Alkohol mocny;N/A;37,5%;N/A;https://dobrewina.pl/likiery/5672-jaworzanski-jarzebiak-05l-375.html
8002095736606;Molinari Caffe Liquore 0,7L 36%;Alkohole | Likiery;Molinari Caffe uzyskuje swoją bogatą i ciemną barwę dzięki mieszance 100% włosko palonych ziaren Arabiki z Gwatemali i Dominikany, oraz ziaren kawy Robusta z Javy, Togo i Konga. Jego charakterystyczny smak i aromat są efektem misternie wyważonej mieszanki ziół i przypraw, dodanych z delikatną troską, by nadać mu wyrazisty posmak anyżu.;99,90 zł;https://dobrewina.pl/2375-large_default/molinari-caffe-liquore-07l-36.jpg;https://dobrewina.pl/2374-large_default/molinari-caffe-liquore-07l-36.jpg;Włochy;N/A;N/A;Alkohol mocny;N/A;36%;N/A;https://dobrewina.pl/likiery/5666-molinari-caffe-liquore-07l-36-8002095736606.html
5907522603090;Nalewka Malinowa Potok Wysoki 0,5L 21%;Alkohole | Nalewki;Nalewki , zwane niegdyś kordiałami, to wyciągi alkoholowe z owoców, kwiatów, korzeni lub ziół, które trafiły do Polski prawdopodobnie z królem Henrykiem Walezym. W każdym magnackim, szlacheckim, czy mieszczańskim domu stawiano na nalewki, a przepisy na nie były pilnie strzeżone i przekazywane z pokolenia na pokolenie. Nalewki Potok Wysoki wytwarzane w sposób tradycyjny cieszą się dużą popularnością ze względu na ich walory smakowe i prozdrowotne działanie. Unikatowa receptura oparta na maceracja owoców, zestawieniu wyłącznie naturalnych składników oraz dojrzewanie nalewki stanowi sekret ich niepowtarzalnego charakteru. Maliny , ze względu na przyjemny smak i aromat od najdawniejszych lat były wykorzystywane do przygotowywania tradycyjnych nalewek. Nalewka malinowa ceniona jest za łagodny, owocowy profil oraz piękny kolor. Potok Wysoki Prawdziwe Nalewki Malinowa to likier charakteryzujący się słodkim, harmonijnym, malinowym smakiem i zapachem oraz piękną barwą. Nalewka swoje charakterystyczne cechy rozwija podczas maceracji owoców oraz działania czasu w procesie leżakowania. Mimo skomplikowanego procesu wytwarzania nalewka zachowuje świeży, intensywny charakter polskich malin. Smak i zapach: słodki, harmonijny, malinowy. Produkt naturalny – może wystąpić osad, partie produkcyjne mogą różnić się kolorystycznie.;59,90 zł;https://dobrewina.pl/2376-large_default/nalewka-malinowa-potok-wysoki-05l-21.jpg;N/A;Polska;N/A;N/A;Alkohol mocny;N/A;21%;N/A;https://dobrewina.pl/nalewki/5667-nalewka-malinowa-potok-wysoki-05l-21-5907522603090.html
5907522603403;Nalewka z Pigwowca Potok Wysoki 0,5L 26%;Alkohole | Nalewki;Nalewki , zwane niegdyś kordiałami, to wyciągi alkoholowe z owoców, kwiatów, korzeni lub ziół, które trafiły do Polski prawdopodobnie z królem Henrykiem Walezym. W każdym magnackim, szlacheckim, czy mieszczańskim domu stawiano na nalewki, a przepisy na nie były pilnie strzeżone i przekazywane z pokolenia na pokolenie. Nalewki Potok Wysoki wytwarzane w sposób tradycyjny cieszą się dużą popularnością ze względu na ich walory smakowe i prozdrowotne działanie. Unikatowa receptura oparta na maceracja owoców, zestawieniu wyłącznie naturalnych składników oraz dojrzewanie nalewki stanowi sekret ich niepowtarzalnego charakteru. Nalewka z pigwowca ze względu na wspaniały smak i aromat uważana jest za jedną z najlepszych nalewek. Choć owoce pigwowca są bardzo kwaśne w smaku, idealnie nadają się do sporządzania konfitur, kompotów i oczywiście nalewek. Potok Wysoki Prawdziwe Nalewki z Pigwowca to bardzo aromatyczna nalewka z dojrzałych owoców pigwowca, charakteryzująca się niespotykaną barwą, aromatem „polskiej cytryny” oraz słodko-kwaśnym smakiem. Swoje charakterystyczne cechy nabiera podczas maceracji owoców oraz długiego leżakowania. Smak i zapach: słodko-kwaśny. Produkt naturalny – może wystąpić osad, partie produkcyjne mogą różnić się kolorystycznie.;59,90 zł;https://dobrewina.pl/2377-large_default/nalewka-z-pigwowca-potok-wysoki-05l-26.jpg;N/A;Polska;N/A;N/A;Alkohol mocny;N/A;26%;N/A;https://dobrewina.pl/nalewki/5668-nalewka-z-pigwowca-potok-wysoki-05l-26-5907522603403.html
8712436101214;Amaretto Dream 0,5L 20%;Alkohole | Likiery;Amaretto Dream 0,5 L 20% – Delikatna migdałowa rozkosz Opis produktu: Amaretto Dream to łagodny i aromatyczny likier migdałowy , który zachwyca harmonijną słodyczą, nutami wanilii i lekkim akcentem karmelu . Jego aksamitna konsystencja i delikatny smak sprawiają, że jest doskonałym wyborem zarówno do picia solo, jak i do tworzenia wyjątkowych koktajli i deserów. Charakterystyka: Rodzaj: Likier migdałowy Pochodzenie: Włochy Pojemność: 0,5 L Zawartość alkoholu: 20% Smak: Słodki, migdałowy, z nutami wanilii i karmelu Aromat: Prażone migdały, wanilia, lekka nuta marcepanu Sposób podania: Amaretto Dream można serwować samodzielnie, na lodzie, jako dodatek do kawy lub gorącej czekolady . Świetnie sprawdzi się również jako składnik koktajli, takich jak Amaretto Sour czy Godfather , a także jako dodatek do deserów, np. tiramisu . Idealny wybór na wieczorny relaks i słodkie chwile przyjemności!;54,00 zł;https://dobrewina.pl/2379-large_default/likier-amaretto-dream-05l-20.jpg;N/A;Polska;N/A;N/A;Alkohol mocny;N/A;20%;N/A;https://dobrewina.pl/likiery/5670-likier-amaretto-dream-05l-20-8712436101214.html
5995099191515;Unicum Zwack 0,5 L 40%;Alkohole | Bittersy;Unicum Zwack 0,5 L 40% – kultowy węgierski likier ziołowy Unicum Zwack to legendarny węgierski likier ziołowy o bogatej, wielowarstwowej kompozycji smaków. Produkowany według tajnej receptury z 1790 roku, zawiera mieszankę ponad 40 starannie dobranych ziół i przypraw. Dojrzewanie w dębowych beczkach nadaje mu głęboki aromat i charakterystyczną, przyjemną goryczkę. Charakterystyka likieru: Kolor : Ciemny bursztyn o złocistych refleksach Aromat : Złożony bukiet ziół, przypraw korzennych, cytrusów i delikatnych nut karmelu Smak : Intensywny, wyrazisty i lekko gorzki, z długim, rozgrzewającym finiszem Idealne do: Unicum Zwack doskonale sprawdza się jako digestif po posiłku, można go pić czysty , schłodzony lub jako bazę do koktajli. Sposób podania: Najlepiej smakuje mocno schłodzony lub w temperaturze pokojowej, aby w pełni wydobyć jego unikalny charakter. Unicum Zwack to ponad 200 lat tradycji i niepowtarzalny smak, który pokochali koneserzy na całym świecie. Idealny wybór dla miłośników ziołowych trunków!;89,90 zł;https://dobrewina.pl/2390-large_default/unicum-zwack-05-l-40.jpg;N/A;Węgry;N/A;N/A;Alkohol mocny;N/A;40%;N/A;https://dobrewina.pl/bittersy/5681-unicum-zwack-05-l-40-5995099191515.html
8414771860299;Grappa Nardelli 0,7 L 40%;Alkohole | Grappa;Grappa Nardelli 0,7 L 40% – Wyjątkowy włoski destylat . Grappa Nardelli to klasyczny włoski destylat o wyjątkowym aromacie i intensywnym smaku. Produkowana z wyselekcjonowanych wytłoków winogronowych, zachwyca miłośników mocnych trunków swoją czystością i głębią smaku. Dzięki tradycyjnej metodzie destylacji w miedzianych alembikach uzyskuje harmonijny balans między delikatną owocowością a wyrazistymi nutami drewna i przypraw. Charakterystyka: Smak: Intensywny, z nutami winogron, wanilii i lekkiej pikanterii Aromat: Owocowy, lekko dębowy, z akcentami orzechów i suszonych owoców Sposób podania: Najlepiej smakuje schłodzona lub w temperaturze pokojowej, serwowana w kieliszkach do grapp. Doskonale komponuje się jako digestif po posiłku oraz jako dodatek do kawy espresso w klasycznym włoskim stylu. Idealna dla miłośników wyrafinowanych włoskich trunków oraz doskonały pomysł na prezent!;79,90 zł;https://dobrewina.pl/2394-large_default/grappa-nardelli-07-l-40.jpg;N/A;Włochy;N/A;N/A;Alkohol mocny;N/A;40%;N/A;https://dobrewina.pl/grappa/5698-grappa-nardelli-07-l-40-8414771860299.html
8438001406699;Whisky Duncan's Blended Scotch 3YO 0,7 L 40%;Alkohole | Whisky, Whiskey, Bourbon;Whisky Duncan's Blended Scotch 3YO 0,7 L 40% Whisky Duncan's Blended Scotch 3YO to szkocki blend o harmonijnym smaku i subtelnej złożoności, dojrzewający przez minimum 3 lata w dębowych beczkach. Połączenie starannie wyselekcjonowanych destylatów słodowych i zbożowych sprawia, że whisky ta wyróżnia się gładkością oraz lekką, przyjemną strukturą. Charakterystyka: Rodzaj: Blended Scotch Whisky Pochodzenie: Szkocja Dojrzewanie: Min. 3 lata Smak: Łagodny i dobrze zbalansowany, z nutami wanilii, miodu i delikatnej dębiny Aromat: Subtelnie dymny, z akcentami słodu, karmelu i owoców Sposób podania: Whisky Duncan’s doskonale sprawdzi się jako klasyczny trunek serwowany solo , z kostkami lodu lub jako baza do koktajli takich jak Whisky Sour czy Old Fashioned . Idealna dla osób szukających przystępnej i dobrze zbalansowanej whisky o szkockim charakterze!;69,90 zł;https://dobrewina.pl/2395-large_default/whisky-duncan-s-blended-scotch-3yo-07-l-40.jpg;N/A;Szkocja;N/A;N/A;Alkohol mocny;N/A;40%;N/A;https://dobrewina.pl/whisky-whiskey-bourbon/5694-whisky-duncan-s-blended-scotch-3yo-07-l-40-8438001406699.html
8438001406712;Whisky Duncan's Blended Malt Scotch 12YO 0,7 L 40%;Alkohole | Whisky, Whiskey, Bourbon;Whisky Duncan's Blended Malt Scotch 12YO 0,7 L 40% Opis produktu: Whisky Duncan's Blended Malt Scotch 12YO to wyjątkowa szkocka whisky typu blended malt, starzona przez 12 lat w starannie dobranych dębowych beczkach. Powstała z połączenia najlepszych whisky słodowych, wyróżnia się bogatym, złożonym smakiem oraz aksamitną teksturą. To doskonały wybór dla miłośników eleganckich i dobrze wyważonych trunków. Charakterystyka: Rodzaj: Blended Malt Scotch Whisky Pochodzenie: Szkocja Dojrzewanie: 12 lat Pojemność: 0,7 L Zawartość alkoholu: 40% Smak: Bogaty i harmonijny, z nutami karmelu, miodu, dębiny oraz delikatną pikantnością Aromat: Złożony, z akcentami suszonych owoców, wanilii i lekkiego torfu Sposób podania: Najlepiej smakuje czysta , z odrobiną wody lub na kostkach lodu. Sprawdzi się również jako składnik bardziej wyrafinowanych koktajli whisky. Doskonały wybór dla koneserów ceniących głębię smaku i wieloletnie dojrzewanie!;179,00 zł;https://dobrewina.pl/2396-large_default/whisky-duncan-s-blended-malt-scotch-12yo-07-l-40.jpg;N/A;Szkocja;N/A;N/A;Alkohol mocny;N/A;40%;N/A;https://dobrewina.pl/whisky-whiskey-bourbon/5695-whisky-duncan-s-blended-malt-scotch-12yo-07-l-40-8438001406712.html
8414658000039;Brandy Suau 8 0,7 L 37%;Alkohole | Brandy;Brandy Suau 8 0,7 L 37% – Hiszpańska elegancja w kieliszku Opis produktu: Brandy Suau 8 to wyjątkowy hiszpański destylat starzony przez 8 lat w dębowych beczkach metodą solera, co nadaje mu głębię smaku i aksamitną strukturę. Produkowana na Majorce, łączy tradycyjne metody destylacji z unikalnym śródziemnomorskim charakterem. To doskonały wybór dla miłośników szlachetnych trunków o bogatym aromacie i doskonale zbalansowanym smaku. Charakterystyka: Rodzaj: Brandy Solera Pochodzenie: Hiszpania, Majorka Dojrzewanie: 8 lat w beczkach dębowych Pojemność: 0,7 L Zawartość alkoholu: 37% Smak: Gładki, z nutami karmelu, wanilii, suszonych owoców i lekko pikantnym finiszem Aromat: Subtelnie dębowy, z akcentami miodu, czekolady i prażonych migdałów Sposób podania: Najlepiej smakuje czysta w kieliszku do brandy, podawana w temperaturze pokojowej lub lekko podgrzana w dłoniach. Doskonała również jako składnik klasycznych koktajli na bazie brandy. Elegancki trunek o wyjątkowej historii – idealny na prezent lub do delektowania się w wyjątkowych chwilach!;89,90 zł;https://dobrewina.pl/2397-large_default/brandy-suau-8-07-l-37.jpg;N/A;Hiszpania;Majorka;N/A;Alkohol mocny;N/A;37%;N/A;https://dobrewina.pl/brandy/5696-brandy-suau-8-07-l-37-8414658000039.html
8414771861265;Limoncello Casal d'Emilia 0,7 L 30%;Alkohole | Likiery | Aperitif;Limoncello Casal d'Emilia 0,7 L 30% – Tradycyjny włoski likier cytrynowy Opis produktu: Limoncello Casal d'Emilia to klasyczny włoski likier cytrynowy, wytwarzany według tradycyjnej receptury z dojrzewających w słońcu sycylijskich cytryn. Dzięki naturalnym składnikom i długiemu procesowi maceracji uzyskuje intensywny cytrusowy aromat, świeży smak oraz aksamitną konsystencję. To idealny trunek na letnie wieczory i spotkania w gronie przyjaciół. Charakterystyka: Rodzaj: Likier cytrynowy (Limoncello) Pochodzenie: Włochy Pojemność: 0,7 L Zawartość alkoholu: 30% Smak: Intensywnie cytrynowy, słodko-kwaśny, z delikatnie kremowym finiszem Aromat: Świeży i orzeźwiający, z dominującymi nutami skórki cytrynowej Sposób podania: Najlepiej smakuje schłodzone do 4-6°C , podawane w małych kieliszkach jako digestif. Może być również doskonałym składnikiem koktajli, np. Limoncello Spritz , lub dodatkiem do deserów. Esencja włoskiego słońca w każdej kropli!;59,90 zł;https://dobrewina.pl/2398-large_default/limoncello-casal-d-emilia-07-l-30.jpg;N/A;Włochy;N/A;N/A;Alkohol mocny;N/A;30%;N/A;https://dobrewina.pl/likiery/5699-limoncello-casal-d-emilia-07-l-30-8414771861265.html
8414771861418;Gin Ginbery's 0,7 L 37,5%;Alkohole | Gin;Gin Ginbery’s 0,7 L 37,5% – Klasyczna elegancja w butelce Opis produktu: Ginbery’s to hiszpański gin klasy premium , stworzony z myślą o miłośnikach klasycznych, dobrze zbalansowanych ginów. Destylowany z najwyższej jakości składników, zachwyca czystym i harmonijnym smakiem z wyraźnym aromatem jałowca, cytrusów i subtelnych ziół. Charakterystyka: Rodzaj: Gin London Dry Pochodzenie: Hiszpania Pojemność: 0,7 L Zawartość alkoholu: 37,5% Smak: Świeży, jałowcowy z nutami cytrusów i ziół Aromat: Klasyczny jałowiec z subtelną korzenną nutą Sposób podania: Ginbery’s to doskonały wybór do klasycznych koktajli , takich jak Gin & Tonic, Negroni czy Martini . Najlepiej smakuje podawany z tonikiem, kostkami lodu i plastrem cytryny lub limonki. Idealny dla fanów tradycyjnych ginów i perfekcyjnej bazy do koktajli!;59,90 zł;https://dobrewina.pl/2399-large_default/gin-ginbery-s-07-l-375.jpg;N/A;Hiszpania;N/A;N/A;Alkohol mocny;N/A;37,5%;N/A;https://dobrewina.pl/gin/5691-gin-ginbery-s-07-l-375-8414771861418.html
8438001406583;Gin Ginbery's Rose 0,7 L 37,5%;Alkohole | Gin;Gin Ginbery’s Rose 0,7 L 37,5% – Subtelna różana elegancja Opis produktu: Ginbery’s Rose to delikatna i aromatyczna wersja klasycznego ginu , wzbogacona o subtelne nuty róży i czerwonych owoców . Ten wyjątkowy gin łączy tradycyjną jałowcową bazę z kwiatowym akcentem, tworząc harmonijną kompozycję o lekkim, owocowym charakterze. Jego piękna, różowa barwa sprawia, że jest nie tylko smacznym, ale i efektownym dodatkiem do koktajli. Charakterystyka: Rodzaj: Gin aromatyzowany Pochodzenie: Hiszpania Pojemność: 0,7 L Zawartość alkoholu: 37,5% Smak: Delikatny jałowiec z nutami róży, truskawek i malin Aromat: Kwiatowy, subtelnie owocowy z lekką słodyczą Sposób podania: Ginbery’s Rose doskonale smakuje w klasycznych koktajlach, takich jak Pink Gin & Tonic czy Spritz z różowym ginem . Najlepiej podawać go z tonikiem, lodem i plastrami cytrusów lub świeżych owoców dla podkreślenia jego wyjątkowego smaku. Stylowy, aromatyczny i idealny na wyjątkowe okazje!;65,00 zł;https://dobrewina.pl/2400-large_default/gin-ginbery-s-rose-07-l-375.jpg;N/A;Hiszpania;N/A;N/A;Alkohol mocny;N/A;37,5%;N/A;https://dobrewina.pl/gin/5692-gin-ginbery-s-rose-07-l-375-8438001406583.html
8414658000114;Orange Liqueur Suau 0,7 L 37%;Alkohole | Likiery;Orange Liqueur Suau 0,7 L 37% – Hiszpańska eksplozja cytrusowego smaku Opis produktu: Orange Liqueur Suau to wyjątkowy likier pomarańczowy pochodzący z Hiszpanii, który łączy w sobie intensywną owocowość dojrzałych pomarańczy z doskonałą harmonią słodyczy i wytrawności. Powstaje na bazie naturalnych składników i starannie dobranych destylatów, co nadaje mu pełnię smaku i aromatu . Charakterystyka: Rodzaj: Likier pomarańczowy Pochodzenie: Hiszpania Pojemność: 0,7 L Zawartość alkoholu: 37% Smak: Intensywnie pomarańczowy, z lekką nutą karmelu i przypraw Aromat: Świeże skórki pomarańczy, cytrusy, lekka słodycz Sposób podania: Orange Liqueur Suau doskonale sprawdza się zarówno solo, na lodzie, jak i jako składnik koktajli – świetnie komponuje się z szampanem, tonikiem czy klasycznym Margarita. Może być także używany do deserów i wykwintnych dań , dodając im wyjątkowego aromatu. Orange Liqueur Suau 0,7 L 37% możesz kupić również w naszych sklepach stacjonarnych: Dobre Wina, Warszawa, ul. Wyczółki 46 Dobre Wina, Warszawa, ul. Mickiewicza 30 Dobre Wina, Kraków, ul. Królowej Jadwigi 146;99,90 zł;https://dobrewina.pl/2401-large_default/likier-orange-liqueur-suau-07-l-37.jpg;N/A;Hiszpania;N/A;N/A;Alkohol mocny;N/A;37%;N/A;https://dobrewina.pl/likiery/5697-likier-orange-liqueur-suau-07-l-37-8414658000114.html
8414771859651;Amaretto Royal Conti 0,7 L 28%;Alkohole | Likiery;Amaretto Royal Conti 0,7 L 28% – Klasyczna włoska słodycz Opis produktu: Amaretto Royal Conti to klasyczny włoski likier o bogatym migdałowym smaku , który łączy w sobie delikatną słodycz, nuty wanilii oraz subtelne akcenty karmelu . Jest to doskonały wybór dla miłośników tradycyjnych likierów, idealnie nadający się zarówno do degustacji solo, jak i jako składnik wyrafinowanych koktajli oraz deserów. Charakterystyka: Rodzaj: Likier migdałowy Pochodzenie: Włochy Pojemność: 0,7 L Zawartość alkoholu: 28% Smak: Aksamitny, słodki, migdałowy z nutami wanilii i karmelu Aromat: Intensywny zapach prażonych migdałów i wanilii Sposób podania: Amaretto Royal Conti można pić samodzielnie, na lodzie, jako dodatek do kawy czy gorącej czekolady . Doskonale komponuje się także z koktajlami, np. Amaretto Sour lub klasycznym Godfather . Może być również używane do przygotowania deserów, takich jak tiramisu . Idealny wybór na prezent dla koneserów włoskich smaków!;59,90 zł;https://dobrewina.pl/2402-large_default/likier-amaretto-royal-conti-07-l-28.jpg;N/A;Włochy;N/A;N/A;Alkohol mocny;N/A;28%;N/A;https://dobrewina.pl/likiery/5700-likier-amaretto-royal-conti-07-l-28-8414771859651.html
8438001408280;Rum Doble 9 Ron Gran Reserva 0,7 L 38%;Alkohole | Rum, Tequila;Rum Doble 9 Ron Gran Reserva 0,7 L 38% – Kubańska tradycja i wyjątkowy charakter Opis produktu: Rum Doble 9 Ron Gran Reserva to prawdziwa perła kubańskiego rzemiosła . Produkowany zgodnie z wieloletnią tradycją, leżakuje w dębowych beczkach , nabierając głębokiego, aksamitnego smaku i aromatu . Jego złożony bukiet łączy w sobie słodycz melasy, nuty wanilii, karmelu, suszonych owoców i subtelne akcenty dębu . To elegancki i wyrafinowany rum, idealny zarówno do powolnej degustacji, jak i do klasycznych kubańskich koktajli. Charakterystyka: Rodzaj: Rum Gran Reserva Pochodzenie: Kuba Pojemność: 0,7 L Zawartość alkoholu: 38% Smak: Gładki i zbalansowany, z nutami karmelu, wanilii, suszonych owoców i dębu Aromat: Intensywny zapach melasy, wanilii, prażonych orzechów i przypraw Sposób podania: Doble 9 Ron Gran Reserva to rum, który warto pić solo, na lodzie lub w klasycznych kubańskich koktajlach . Doskonale sprawdzi się w Cuba Libre, Mojito czy Daiquiri , podkreślając ich autentyczny, kubański charakter. Doskonały wybór dla koneserów kubańskich trunków – elegancki i ponadczasowy! Doble 9 Ron Gran Reserva możesz kupić również w naszych sklepach stacjonarnych: Dobre Wina, Warszawa, ul. Wyczółki 46 Dobre Wina, Warszawa, ul. Mickiewicza 30 Dobre Wina, Kraków, ul. Królowej Jadwigi 146;79,90 zł;https://dobrewina.pl/2403-large_default/rum-doble-9-ron-gran-reserva-07-l-38.jpg;N/A;Kuba;N/A;N/A;Alkohol mocny;N/A;38%;N/A;https://dobrewina.pl/rum-tequila/5693-rum-doble-9-ron-gran-reserva-07-l-38-8438001408280.html
4000269001370;Likier XUXU truskawkowy 0,7L 15%;Alkohole | Likiery;XUXU Strawberry Liqueur 0,7 L 15% – wyjątkowy likier truskawkowy XUXU 0,7 L 15% to kultowy likier truskawkowy, który od lat cieszy się ogromną popularnością wśród miłośników słodkich alkoholi. Produkowany na bazie świeżych, naturalnych truskawek i delikatnego alkoholu, wyróżnia się intensywnym smakiem, kremową konsystencją i niezwykle przyjemnym, owocowym aromatem. Ten likier truskawkowy XUXU idealnie sprawdzi się zarówno pity samodzielnie, schłodzony w kieliszku, jak i jako składnik letnich koktajli, drinków czy deserów. To także świetny dodatek do lodów, shake’ów i ciast, który zachwyci wszystkich gości swoją oryginalnością i naturalnym smakiem. Dlaczego warto wybrać XUXU 0,7 L 15%? Likier z naturalnych truskawek Świeży, słodko-owocowy smak Idealny do drinków, deserów i koktajli Popularny trunek na imprezy i spotkania towarzyskie Pojemność: 0,7 L Zawartość alkoholu: 15% Propozycje podania Schłodzony w kieliszku jako aperitif Z prosecco lub winem musującym jako orzeźwiający drink Z lodami waniliowymi lub bitą śmietaną jako deserowy dodatek XUXU Strawberry Liqueur 0,7 L 15% to obowiązkowa pozycja dla fanów owocowych alkoholi. Idealny wybór na prezent, imprezę lub słodki akcent do domowego barku.;74,90 zł;https://dobrewina.pl/2474-large_default/likier-xuxu-truskawkowy-07l-15.jpg;N/A;Niemcy;N/A;N/A;N/A;N/A;15%;N/A;https://dobrewina.pl/likiery/5767-likier-xuxu-truskawkowy-07l-15-4000269001370.html
5907522605599;Miodula Espresso cold brewed coffee liqueur 0.5 L 30%;Alkohole | Likiery;Miodula Espresso Cold Brewed Coffee Liqueur 0,5 L 30% Polska • Likier kawowy • 30% Miodula Espresso to nowoczesna interpretacja tradycji – elegancki likier kawowy, w którym spotyka się aksamitna słodycz miodu z intensywnym charakterem cold brewed coffee . Starannie dobrane ziarna kawy poddane powolnej maceracji na zimno nadają trunkowi głębi i naturalnej, wyrazistej goryczki, idealnie zbalansowanej subtelną miodową słodyczą. W aromacie dominują nuty świeżo mielonej kawy, karmelu i kakao. W ustach pełny, aksamitny, z długim, przyjemnie kawowym finiszem. Doskonały jako digestif, w koktajlach lub w towarzystwie deserów czekoladowych. Charakterystyka: Rodzaj alkoholu: likier kawowy z dodatkiem miodu Moc: 30% Pojemność: 0,5 L Styl: aksamitny, kawowo-miodowy Miodula Espresso – wyjątkowa harmonia miodu i kawy w nowoczesnym wydaniu. Likier Miodula Espresso Cold Brewed Coffee Liqueur 0,5 L 30% : możesz kupić również w naszych sklepach stacjonarnych: Dobre Wina, Warszawa, ul. Wyczółki 46 Dobre Wina, Warszawa, ul. Mickiewicza 30 Dobre Wina, Kraków, ul. Królowej Jadwigi 146 W celu potwierdzenia dostępności - prosimy o kontakt telefoniczny lub mailowy.;85,00 zł;https://dobrewina.pl/2496-large_default/miodula-espresso-cold-brewed-coffee-liqueur-05-l-30.jpg;N/A;Polska;N/A;N/A;Alkohol mocny;N/A;30%;N/A;https://dobrewina.pl/likiery/5771-miodula-espresso-cold-brewed-coffee-liqueur-05-l-30-5907522605599.html
spritz;Zestaw Aperol & Cielo Spumante – idealny na Aperol Spritz!;Zestawy win;Zestaw Aperol & Cielo Spumante to gotowy pakiet do przygotowania kultowego drinka Aperol Spritz w domowym zaciszu – idealny na letnie spotkania z przyjaciółmi, przyjęcia w ogrodzie czy weekendowy relaks na tarasie. W zestawie znajdziesz: 1 × Aperol Barbieri Aperitif 11% 0,7 L – klasyczny włoski aperitif o intensywnym pomarańczowym kolorze i unikalnym smaku z nutami gorzkiej pomarańczy, ziół i przypraw. 5 × Cielo Spumante Cuvee Privee Extra Dry 0,75 L – delikatne włoskie wino musujące półwytrawne, które doskonale komponuje się z Aperolem w proporcji 3:2:1. Wystarczy dodać kostki lodu i plasterek pomarańczy , aby stworzyć orzeźwiający, lekko gorzki i niezwykle aromatyczny drink – dokładnie taki, jak w najlepszych włoskich barach. Dlaczego warto wybrać ten zestaw? Gotowy pakiet do przygotowania Aperol Spritz Idealny na imprezy, garden party i spotkania w gronie znajomych Oszczędność czasu – wszystko, czego potrzebujesz, w jednym zamówieniu Wysoka jakość – oryginalny Aperol + włoskie wino musujące Cielo Propozycja przygotowania Aperol Spritz: Do dużego kieliszka wrzuć kostki lodu. Wlej 3 części Cielo Spumante . Dodaj 2 części Aperol . Dopełnij wodą gazowaną lub sodową (ok. 1 część). Udekoruj plastrem pomarańczy. Kraj pochodzenia: Włochy Zawartość alkoholu: Aperol – 11% | Cielo – 11% Łączna ilość butelek w zestawie: 6 szt.;219,00 zł;https://dobrewina.pl/2466-large_default/zestaw-aperol-cielo-spumante-idealny-na-aperol-spritz.jpg;N/A;N/A;N/A;N/A;N/A;N/A;N/A;N/A;https://dobrewina.pl/zestawy-win/5534-zestaw-aperol-cielo-spumante-idealny-na-aperol-spritz.html
rose;Bio 3 Passo – Trio Włoskich Smaków (Rosso, Bianco, Rosé);Zestawy win;Bio 3 Passo – Trio Włoskich Smaków to wyjątkowy pakiet trzech ekologicznych win z serii Bio 3 Passo : - Bio 3 Passo Rosso – pełne, intensywne czerwone wino o aromatach dojrzałych owoców i nutach beczkowych. - Bio 3 Passo Bianco – świeże białe wino z nutami cytrusów, brzoskwiń i białych kwiatów. - Bio 3 Passo Rosé – lekkie i rześkie wino różowe o malinowo-truskawkowym bukiecie. Wszystkie wina powstają z certyfikowanych upraw ekologicznych, bez pestycydów i sztucznych dodatków, z troską o środowisko. To idealny zestaw dla osób ceniących jakość, włoski styl i naturalny charakter win. Świetnie sprawdzi się na prezent, do degustacji w gronie przyjaciół czy jako elegancki akcent letniego przyjęcia. Dlaczego warto wybrać ten zestaw? - Trzy różne style win – czerwone, białe, różowe - Ekologiczne, certyfikowane BIO, Wegańskie - Wina z południowych Włoch o wyjątkowej jakości - Idealny prezent dla miłośników wina Kraj pochodzenia: Włochy – Apulia Rodzaj wina: czerwone, białe, różowe Pojemność: 3 × 0,75 L Certyfikat: Wino ekologiczne (BIO) Odkryj włoski smak w najlepszym wydaniu – zamów swój zestaw już dziś!;117,00 zł;https://dobrewina.pl/2459-large_default/bio-3-passo-trio-wloskich-smakow-rosso-bianco-rose.jpg;N/A;N/A;N/A;N/A;N/A;N/A;N/A;N/A;https://dobrewina.pl/zestawy-win/5756-bio-3-passo-trio-wloskich-smakow-rosso-bianco-rose.html
vivino;Czerwone Premium – zestaw trzech wybitnych win (+4 Vivino);Zestawy win;Czerwone Premium – zestaw trzech wybitnych win (+4 Vivino) Poznaj wyjątkowy zestaw Czerwone Premium , stworzony z myślą o najbardziej wymagających miłośnikach wina. W pakiecie znajdziesz trzy topowe czerwone wina z prestiżowych regionów Włoch i Francji, każde z nich ocenione na ponad 4 w serwisie Vivino . To gwarancja jakości, charakteru i niezapomnianych doznań smakowych. Co znajdziesz w zestawie: Barbera Il Tempo che Passa d'Asti Superiore DOCG 0,75 L – klasyczna Barbera z Piemontu, pełna aromatów wiśni, śliwek i przypraw, z elegancką strukturą i aksamitnymi taninami. Idealna do dziczyzny i dojrzewających serów. Barbanera Gigino 80 IGT Rosso Toscana 0,75 L – wyborne połączenie Sangiovese i Merlot z Toskanii. Soczyste, harmonijne, z nutami czerwonych owoców, ziół i wanilii. Doskonałe do pieczonych mięs i makaronów. Châteauneuf-du-Pape Domaine Tour Saint Michel 0,75 L – prestiżowe wino z Doliny Rodanu, oparte na szczepach Grenache Noir i Syrah. Intensywne, złożone, z aromatami jeżyn, czarnych porzeczek, przypraw korzennych i nutą pieprzu. Wino o dużym potencjale dojrzewania. Dlaczego warto wybrać ten zestaw? Najwyższa jakość – każda butelka oceniona na ponad 4,2 Vivino Prestiżowe regiony – Piemonte, Toskania, Dolina Rodanu Różnorodność smaków – od owocowej świeżości po głęboką złożoność Idealne na prezent – elegancki wybór dla koneserów Świetna cena – w zestawie taniej niż osobno Czerwone Premium – wybór dla wymagających smakoszy, którzy cenią jakość, tradycję i wyjątkowe wina z najlepszych europejskich winnic. Zamów już dziś i odkryj prawdziwy smak czerwonego wina!;269,00 zł;https://dobrewina.pl/2469-large_default/czerwone-premium-zestaw-trzech-wybitnych-win-4-vivino.jpg;N/A;N/A;N/A;N/A;N/A;N/A;N/A;N/A;https://dobrewina.pl/zestawy-win/5758-czerwone-premium-zestaw-trzech-wybitnych-win-4-vivino.html
bordeaux;Francuska Paleta Degustacyjna 6 – komplet win z Langwedocji, Rodanu i Bordeaux;Zestawy win;Francuska Paleta Degustacyjna 6 – komplet win z Langwedocji, Rodanu i Bordeaux Poznaj różnorodność francuskiego winiarstwa dzięki zestawowi Francuska Paleta Degustacyjna 6 . To doskonała selekcja win z renomowanych regionów: Langwedocji , Dolin Rodanu i Bordeaux . Zestaw łączy w sobie klasyczne czerwone, świeże białe, lekkie różowe i eleganckie wino musujące. Idealny do kolacji, spotkań z przyjaciółmi lub jako prezent dla miłośnika francuskich smaków. Co zawiera zestaw? Chateau Alouettes Blanc Costieres de Nimes AOP 0,75 L Aromatyczne białe wino z Rodanu – nuty cytrusów i ziół. Szczepy : Grenache Blanc, Roussanne, Vermentino Chateau Alouettes Rosé Costieres de Nimes AOP 0,75 L Lekkie różowe wino idealne na ciepłe wieczory. Szczepy : Grenache Noir, Syrah Chateau Alouettes Rouge Costieres de Nimes AOP 0,75 L Klasyczne czerwone z Rodanu – owocowe, z delikatną taniną. Szczepy : Grenache Noir, Syrah Pavillon des 3 Arches Chardonnay 0,75 L Nowoczesna interpretacja Chardonnay z Langwedocji – świeżość i elegancja. La Bulle Vin Mousseux Brut Chardonnay 0,75 L Francuskie bąbelki w przystępnej cenie – idealne do toastów. Wino musujące – 100% Chardonnay Grand Bellot Rouge Bordeaux AOC 0,75 L Tradycyjne Bordeaux – wytrawne, z nutą czarnej porzeczki i przypraw. Szczepy : Merlot, Cabernet Sauvignon, Cabernet Franc Dlaczego warto? - 6 różnych win z trzech kluczowych regionów Francji - Idealny zestaw na kolację, prezent lub degustację - Atrakcyjna cena zestawu - Mocne oceny na Vivino – sprawdzone i cenione etykiety - Gotowa podróż po smakach Francji w jednej paczce! Zamów już dziś i ciesz się francuską elegancją bez wychodzenia z domu!;209,00 zł;https://dobrewina.pl/2470-large_default/francuska-paleta-degustacyjna-6-komplet-win-z-langwedocji-rodanu-i-bordeaux.jpg;N/A;N/A;N/A;N/A;N/A;N/A;N/A;N/A;https://dobrewina.pl/zestawy-win/5759-francuska-paleta-degustacyjna-6-komplet-win-z-langwedocji-rodanu-i-bordeaux.html
zelandii;Zestaw Chardonnay & Sauvignon Blanc 6 – biała klasyka z Francji, Włoch i Nowej Zelandii;Zestawy win;Zestaw Chardonnay & Sauvignon Blanc 6 – biała klasyka z Francji, Włoch i Nowej Zelandii Zanurz się w wyjątkowy świat białych win z zestawem Chardonnay & Sauvignon Blanc 6 . To selekcja sześciu wybitnych butelek reprezentujących dwa najpopularniejsze szczepy świata: Chardonnay i Sauvignon Blanc . Wina pochodzą z renomowanych regionów: Nowej Zelandii, Francji i Włoch , oferując świeżość, wyrazistość i aromatyczną elegancję. Co znajdziesz w zestawie? Pavillon Des 3 Arches Chardonnay 0,75 L Chardonnay z Langwedocji – świeże, owocowe, lekkie. Vivino : 3,9 Fourrey Chablis AOC 0,75 L Wytrawne Chablis z mineralnym charakterem – klasyka regionu. Vivino : 3,9 La Marina Sauvignon Blanc Côtes de Gascogne IGP 0,75 L Delikatny i owocowy Sauvignon z południa Francji. Vivino : 3,9 Domaine Cogné Sauvignon Blanc IGP Loire 0,75 L Sauvignon w pełnym francuskim wydaniu – rześki, ziołowy, elegancki. Vivino : 3,9 Marlborough Sun Sauvignon Blanc 0,75 L Topowy Sauvignon z Nowej Zelandii – intensywny, tropikalny, nagradzany. Vivino : 4,3 Baccolo Bianco Puglia IGT 0,75 L Włoskie białe z domieszką Garganegi – lekkie i przyjemne. Vivino : 4,0 Dlaczego warto wybrać ten zestaw? 6 wyjątkowych win białych – różne style i terroir Idealny do dań śródziemnomorskich, ryb, sushi i lekkiej kuchni Atrakcyjna cena w zestawie Doskonały wybór dla fanów Sauvignon Blanc i Chardonnay Świetny pomysł na prezent lub własną degustację w domowym zaciszu Zamów już dziś i odkryj, jak różnorodne może być białe wino!;299,00 zł;https://dobrewina.pl/2471-large_default/zestaw-chardonnay-sauvignon-blanc-6-biala-klasyka-z-francji-wloch-i-nowej-zelandii.jpg;N/A;N/A;N/A;N/A;N/A;N/A;N/A;N/A;https://dobrewina.pl/zestawy-win/5760-zestaw-chardonnay-sauvignon-blanc-6-biala-klasyka-z-francji-wloch-i-nowej-zelandii.html
